


                              Fusion Compiler (TM)

                Version V-2023.12-SP4 for linux64 - Jun 03, 2024
                           Base build date 2024/05/13

                    Copyright (c) 1988 - 2024 Synopsys, Inc.
   This software and the associated documentation are proprietary to Synopsys,
 Inc. This software may only be used in accordance with the terms and conditions
 of a written license agreement with Synopsys, Inc. All other use, reproduction,
   or distribution of this software is strictly prohibited.  Licensed Products
     communicate with Synopsys servers for the purpose of providing software
    updates, detecting software piracy and verifying that customers are using
    Licensed Products in conformity with the applicable License Key for such
  Licensed Products. Synopsys will use information gathered in connection with
    this process to deliver software updates and pursue software pirates and
                                   infringers.

 Inclusivity & Diversity - Visit SolvNetPlus to read the "Synopsys Statement on
            Inclusivity and Diversity" (Refer to article 000036315 at
                        https://solvnetplus.synopsys.com)
 
Information: Term was not able to be set up using xterm-256color . Using "xterm" by default instead. (CLE-10)
fc_shell> sya[K[Ka[Ktart_gui
fc_shell> set_host_options -max_cores 4
1
fc_shell> set DESIGN_NAME "FFT"
FFT
set LIBRARY_SUFFIX "_lib"
_lib
set DESIGN_LIBRARY "${DESIGN_NAME}${LIBRARY_SUFFIX}"
FFT_lib
set OUTPUTS_DIR "./outputs"
./outputs
if {![file exists $OUTPUTS_DIR]} {file mkdir $OUTPUTS_DIR}
fc_shell> set REFERENCE_LIBRARY "/home1/14_nmts/14_nmts/stdcell_hvt/ndm/saed14hvt_frame_only.ndm \
/home1/14_nmts/14_nmts/stdcell_slvt/ndm/saed14slvt_frame_only.ndm \
/home1/14_nmts/14_nmts/stdcell_rvt/ndm/saed14rvt_frame_only.ndm \
/home1/14_nmts/14_nmts/stdcell_lvt/ndm/saed14lvt_frame_only.ndm"
/home1/14_nmts/14_nmts/stdcell_hvt/ndm/saed14hvt_frame_only.ndm  /home1/14_nmts/14_nmts/stdcell_slvt/ndm/saed14slvt_frame_only.ndm  /home1/14_nmts/14_nmts/stdcell_rvt/ndm/saed14rvt_frame_only.ndm  /home1/14_nmts/14_nmts/stdcell_lvt/ndm/saed14lvt_frame_only.ndm
set LINK_LIBRARY "/home1/14_nmts/14_nmts/stdcell_lvt/db_ccs/saed14lvt_ff0p7vm40c.db \
/home1/14_nmts/14_nmts/stdcell_rvt/db_ccs/saed14rvt_ff0p7vm40c.db \
/home1/14_nmts/14_nmts/stdcell_rvt/db_ccs/saed14rvt_ss0p6v125c.db \
/home1/14_nmts/14_nmts/stdcell_lvt/db_ccs/saed14lvt_ss0p6v125c.db"
/home1/14_nmts/14_nmts/stdcell_lvt/db_ccs/saed14lvt_ff0p7vm40c.db  /home1/14_nmts/14_nmts/stdcell_rvt/db_ccs/saed14rvt_ff0p7vm40c.db  /home1/14_nmts/14_nmts/stdcell_rvt/db_ccs/saed14rvt_ss0p6v125c.db  /home1/14_nmts/14_nmts/stdcell_lvt/db_ccs/saed14lvt_ss0p6v125c.db
set TECH_FILE "/home1/14_nmts/14_nmts/tech/milkyway/saed14nm_1p9m_mw.tf"
/home1/14_nmts/14_nmts/tech/milkyway/saed14nm_1p9m_mw.tf
set VERILOG_NETLIST "/home1/IITR_PD3/MulukuriVNath/Documents/RTL-to-GDSII-Implementation-of-a-32-Point-Pipelined-FFT-Processor/Synthesis/outputs/FFT.mapped.v"
/home1/IITR_PD3/MulukuriVNath/Documents/RTL-to-GDSII-Implementation-of-a-32-Point-Pipelined-FFT-Processor/Synthesis/outputs/FFT.mapped.v
set SDC_FILE "/home1/IITR_PD3/MulukuriVNath/Documents/RTL-to-GDSII-Implementation-of-a-32-Point-Pipelined-FFT-Processor/Synthesis/scripts/FFT.sdc"
/home1/IITR_PD3/MulukuriVNath/Documents/RTL-to-GDSII-Implementation-of-a-32-Point-Pipelined-FFT-Processor/Synthesis/scripts/FFT.sdc
set UPF_FILE "/home1/IITR_PD3/MulukuriVNath/Documents/RTL-to-GDSII-Implementation-of-a-32-Point-Pipelined-FFT-Processor/Synthesis/scripts/FFT.upf"
/home1/IITR_PD3/MulukuriVNath/Documents/RTL-to-GDSII-Implementation-of-a-32-Point-Pipelined-FFT-Processor/Synthesis/scripts/FFT.upf
fc_shell> set_app_var link_library "* $LINK_LIBRARY"
* /home1/14_nmts/14_nmts/stdcell_lvt/db_ccs/saed14lvt_ff0p7vm40c.db  /home1/14_nmts/14_nmts/stdcell_rvt/db_ccs/saed14rvt_ff0p7vm40c.db  /home1/14_nmts/14_nmts/stdcell_rvt/db_ccs/saed14rvt_ss0p6v125c.db  /home1/14_nmts/14_nmts/stdcell_lvt/db_ccs/saed14lvt_ss0p6v125c.db
fc_shell> set target_library "$LINK_LIBRARY" ;# CMD-104 Fix: Used 'set' instead of 'set_app_var'
/home1/14_nmts/14_nmts/stdcell_lvt/db_ccs/saed14lvt_ff0p7vm40c.db  /home1/14_nmts/14_nmts/stdcell_rvt/db_ccs/saed14rvt_ff0p7vm40c.db  /home1/14_nmts/14_nmts/stdcell_rvt/db_ccs/saed14rvt_ss0p6v125c.db  /home1/14_nmts/14_nmts/stdcell_lvt/db_ccs/saed14lvt_ss0p6v125c.db
fc_shell> set WORK_DIR "./work"
./work
if {![file exists $WORK_DIR]} {
    file mkdir $WORK_DIR
}
fc_shell> create_lib -ref_libs $REFERENCE_LIBRARY -technology $TECH_FILE ${WORK_DIR}/${DESIGN_LIBRARY}
Warning: Pitch 0.074000 for layer M4 is less than sum(0.100000) of minSpacing(0.040000) and minWidth(0.060000).(saed14nm_1p9m_mw.tf line:727) (TECH-223)
Warning: Pitch 0.600000 for layer MRDL is less than sum(4.000000) of minSpacing(2.000000) and minWidth(2.000000).(saed14nm_1p9m_mw.tf line:1356) (TECH-223)
Warning: Layer 'M2' is missing the attribute 'maskEndMaxWidthThresholdTbl'. (saed14nm_1p9m_mw.tf line 618) (TECH-026)
Warning: Layer 'M2' is missing the attribute 'maskEndToEndKeepoutLengthTbl'. (saed14nm_1p9m_mw.tf line 618) (TECH-026)
Warning: Layer 'M2' is missing the attribute 'maskEndToSideKeepoutLengthTbl'. (saed14nm_1p9m_mw.tf line 618) (TECH-026)
Warning: Layer 'M2' is missing the attribute 'maskEndToEndMinSpacingTbl'. (saed14nm_1p9m_mw.tf line 618) (TECH-026)
Warning: Layer 'M2' is missing the attribute 'maskEndToSideMinSpacingTbl'. (saed14nm_1p9m_mw.tf line 618) (TECH-026)
Warning: The value of the pitch attribute of layer M4 is invalid. Attribute pitch should not be less than sum of attribute minWidth and minSpacing. (saed14nm_1p9m_mw.tf line 727) (TECH-050)
Warning: The value of the pitch attribute of layer MRDL is invalid. Attribute pitch should not be less than sum of attribute minWidth and minSpacing. (saed14nm_1p9m_mw.tf line 1356) (TECH-050)
Information: ContactCode 'VIA12SQ_C' has a minimum cut spacing 0.026 that is less than the cut layer minimum spacing 0.04. (line 1667) (TECH-084)
Information: ContactCode 'VIA12BAR1_C' has a minimum cut spacing 0.026 that is less than the cut layer minimum spacing 0.04. (line 1685) (TECH-084)
Information: ContactCode 'VIA12BAR2_C' has a minimum cut spacing 0.026 that is less than the cut layer minimum spacing 0.04. (line 1704) (TECH-084)
Information: ContactCode 'VIA12LG_C' has a minimum cut spacing 0.026 that is less than the cut layer minimum spacing 0.04. (line 1723) (TECH-084)
Information: ContactCode 'VIA12SQ' has a minimum cut spacing 0.026 that is less than the cut layer minimum spacing 0.04. (line 1742) (TECH-084)
Information: ContactCode 'VIA12BAR1' has a minimum cut spacing 0.026 that is less than the cut layer minimum spacing 0.04. (line 1761) (TECH-084)
Information: ContactCode 'VIA12BAR2' has a minimum cut spacing 0.026 that is less than the cut layer minimum spacing 0.04. (line 1780) (TECH-084)
Information: ContactCode 'VIA12LG' has a minimum cut spacing 0.026 that is less than the cut layer minimum spacing 0.04. (line 1799) (TECH-084)
Information: ContactCode 'VIA1_32SQ_C' has a minimum cut spacing 0.026 that is less than the cut layer minimum spacing 0.04. (line 1818) (TECH-084)
Information: ContactCode 'VIA1_32BAR1_C' has a minimum cut spacing 0.026 that is less than the cut layer minimum spacing 0.04. (line 1837) (TECH-084)
Information: ContactCode 'VIA1_32BAR2_C' has a minimum cut spacing 0.026 that is less than the cut layer minimum spacing 0.04. (line 1856) (TECH-084)
Information: ContactCode 'VIA1_32LG_C' has a minimum cut spacing 0.026 that is less than the cut layer minimum spacing 0.04. (line 1875) (TECH-084)
Information: ContactCode 'VIA1_32SQ' has a minimum cut spacing 0.026 that is less than the cut layer minimum spacing 0.04. (line 1894) (TECH-084)
Information: ContactCode 'VIA1_32BAR1' has a minimum cut spacing 0.026 that is less than the cut layer minimum spacing 0.04. (line 1913) (TECH-084)
Information: ContactCode 'VIA1_32BAR2' has a minimum cut spacing 0.026 that is less than the cut layer minimum spacing 0.04. (line 1932) (TECH-084)
Information: ContactCode 'VIA1_32LG' has a minimum cut spacing 0.026 that is less than the cut layer minimum spacing 0.04. (line 1951) (TECH-084)
Information: ContactCode 'VIA12_3SQ_C' has a minimum cut spacing 0.026 that is less than the cut layer minimum spacing 0.04. (line 1970) (TECH-084)
Information: ContactCode 'VIA12_3BAR1_C' has a minimum cut spacing 0.026 that is less than the cut layer minimum spacing 0.04. (line 1989) (TECH-084)
Information: ContactCode 'VIA12_3BAR2_C' has a minimum cut spacing 0.026 that is less than the cut layer minimum spacing 0.04. (line 2008) (TECH-084)
Information: ContactCode 'VIA12_3LG_C' has a minimum cut spacing 0.026 that is less than the cut layer minimum spacing 0.04. (line 2027) (TECH-084)
Information: ContactCode 'VIA12_3SQ' has a minimum cut spacing 0.026 that is less than the cut layer minimum spacing 0.04. (line 2046) (TECH-084)
Information: ContactCode 'VIA12_3BAR1' has a minimum cut spacing 0.026 that is less than the cut layer minimum spacing 0.04. (line 2065) (TECH-084)
Information: ContactCode 'VIA12_3BAR2' has a minimum cut spacing 0.026 that is less than the cut layer minimum spacing 0.04. (line 2084) (TECH-084)
Information: ContactCode 'VIA12_3LG' has a minimum cut spacing 0.026 that is less than the cut layer minimum spacing 0.04. (line 2103) (TECH-084)
Information: ContactCode 'VIA1_32_3SQ_C' has a minimum cut spacing 0.026 that is less than the cut layer minimum spacing 0.04. (line 2122) (TECH-084)
Information: ContactCode 'VIA1_32_3BAR1_C' has a minimum cut spacing 0.026 that is less than the cut layer minimum spacing 0.04. (line 2141) (TECH-084)
Information: ContactCode 'VIA1_32_3BAR2_C' has a minimum cut spacing 0.026 that is less than the cut layer minimum spacing 0.04. (line 2160) (TECH-084)
Information: ContactCode 'VIA1_32_3LG_C' has a minimum cut spacing 0.026 that is less than the cut layer minimum spacing 0.04. (line 2179) (TECH-084)
Information: ContactCode 'VIA1_32_3SQ' has a minimum cut spacing 0.026 that is less than the cut layer minimum spacing 0.04. (line 2198) (TECH-084)
Information: ContactCode 'VIA1_32_3BAR1' has a minimum cut spacing 0.026 that is less than the cut layer minimum spacing 0.04. (line 2217) (TECH-084)
Information: ContactCode 'VIA1_32_3BAR2' has a minimum cut spacing 0.026 that is less than the cut layer minimum spacing 0.04. (line 2236) (TECH-084)
Information: ContactCode 'VIA1_32_3LG' has a minimum cut spacing 0.026 that is less than the cut layer minimum spacing 0.04. (line 2255) (TECH-084)
Information: ContactCode 'VIA23SQ_C' has a minimum cut spacing 0.026 that is less than the cut layer minimum spacing 0.05. (line 2275) (TECH-084)
Information: ContactCode 'VIA23BAR1_C' has a minimum cut spacing 0.026 that is less than the cut layer minimum spacing 0.05. (line 2295) (TECH-084)
Information: ContactCode 'VIA23BAR2_C' has a minimum cut spacing 0.026 that is less than the cut layer minimum spacing 0.05. (line 2314) (TECH-084)
Information: ContactCode 'VIA23LG_C' has a minimum cut spacing 0.026 that is less than the cut layer minimum spacing 0.05. (line 2333) (TECH-084)
Information: ContactCode 'VIA23SQ' has a minimum cut spacing 0.026 that is less than the cut layer minimum spacing 0.05. (line 2352) (TECH-084)
Information: ContactCode 'VIA23BAR1' has a minimum cut spacing 0.026 that is less than the cut layer minimum spacing 0.05. (line 2371) (TECH-084)
Information: ContactCode 'VIA23BAR2' has a minimum cut spacing 0.026 that is less than the cut layer minimum spacing 0.05. (line 2390) (TECH-084)
Information: ContactCode 'VIA23LG' has a minimum cut spacing 0.026 that is less than the cut layer minimum spacing 0.05. (line 2409) (TECH-084)
Information: ContactCode 'VIA2_33SQ_C' has a minimum cut spacing 0.026 that is less than the cut layer minimum spacing 0.05. (line 2428) (TECH-084)
Information: ContactCode 'VIA2_33BAR1_C' has a minimum cut spacing 0.026 that is less than the cut layer minimum spacing 0.05. (line 2447) (TECH-084)
Information: ContactCode 'VIA2_33BAR2_C' has a minimum cut spacing 0.026 that is less than the cut layer minimum spacing 0.05. (line 2466) (TECH-084)
Information: ContactCode 'VIA2_33LG_C' has a minimum cut spacing 0.026 that is less than the cut layer minimum spacing 0.05. (line 2485) (TECH-084)
Information: ContactCode 'VIA2_33SQ' has a minimum cut spacing 0.026 that is less than the cut layer minimum spacing 0.05. (line 2504) (TECH-084)
Information: ContactCode 'VIA2_33BAR1' has a minimum cut spacing 0.026 that is less than the cut layer minimum spacing 0.05. (line 2523) (TECH-084)
Information: ContactCode 'VIA2_33BAR2' has a minimum cut spacing 0.026 that is less than the cut layer minimum spacing 0.05. (line 2542) (TECH-084)
Information: ContactCode 'VIA2_33LG' has a minimum cut spacing 0.026 that is less than the cut layer minimum spacing 0.05. (line 2561) (TECH-084)
Information: ContactCode 'VIA23_3SQ_C' has a minimum cut spacing 0.026 that is less than the cut layer minimum spacing 0.05. (line 2580) (TECH-084)
Information: ContactCode 'VIA23_3BAR1_C' has a minimum cut spacing 0.026 that is less than the cut layer minimum spacing 0.05. (line 2599) (TECH-084)
Information: ContactCode 'VIA23_3BAR2_C' has a minimum cut spacing 0.026 that is less than the cut layer minimum spacing 0.05. (line 2618) (TECH-084)
Information: ContactCode 'VIA23_3LG_C' has a minimum cut spacing 0.026 that is less than the cut layer minimum spacing 0.05. (line 2637) (TECH-084)
Information: ContactCode 'VIA23_3SQ' has a minimum cut spacing 0.026 that is less than the cut layer minimum spacing 0.05. (line 2656) (TECH-084)
Information: ContactCode 'VIA23_3BAR1' has a minimum cut spacing 0.026 that is less than the cut layer minimum spacing 0.05. (line 2675) (TECH-084)
Information: ContactCode 'VIA23_3BAR2' has a minimum cut spacing 0.026 that is less than the cut layer minimum spacing 0.05. (line 2694) (TECH-084)
Information: ContactCode 'VIA23_3LG' has a minimum cut spacing 0.026 that is less than the cut layer minimum spacing 0.05. (line 2712) (TECH-084)
Information: ContactCode 'VIA2_33_3SQ_C' has a minimum cut spacing 0.026 that is less than the cut layer minimum spacing 0.05. (line 2731) (TECH-084)
Information: ContactCode 'VIA2_33_3BAR1_C' has a minimum cut spacing 0.026 that is less than the cut layer minimum spacing 0.05. (line 2750) (TECH-084)
Information: ContactCode 'VIA2_33_3BAR2_C' has a minimum cut spacing 0.026 that is less than the cut layer minimum spacing 0.05. (line 2769) (TECH-084)
Information: ContactCode 'VIA2_33_3LG_C' has a minimum cut spacing 0.026 that is less than the cut layer minimum spacing 0.05. (line 2788) (TECH-084)
Information: ContactCode 'VIA2_33_3SQ' has a minimum cut spacing 0.026 that is less than the cut layer minimum spacing 0.05. (line 2807) (TECH-084)
Information: ContactCode 'VIA2_33_3BAR1' has a minimum cut spacing 0.026 that is less than the cut layer minimum spacing 0.05. (line 2826) (TECH-084)
Information: ContactCode 'VIA2_33_3BAR2' has a minimum cut spacing 0.026 that is less than the cut layer minimum spacing 0.05. (line 2845) (TECH-084)
Information: ContactCode 'VIA2_33_3LG' has a minimum cut spacing 0.026 that is less than the cut layer minimum spacing 0.05. (line 2864) (TECH-084)
Information: Loading technology file '/home1/14_nmts/14_nmts/tech/milkyway/saed14nm_1p9m_mw.tf' (FILE-007)
...Created 5 lib groups

... 5 cell libraries to build.


... checking whether need to build cell library: saed14lvt_c.ndm (1/5)
... checking whether can reuse library under output directory
reuse existing cell library under output directory: CLIBs/saed14lvt_c.ndm

... checking whether need to build cell library: saed14rvt_c.ndm (2/5)
... checking whether can reuse library under output directory
reuse existing cell library under output directory: CLIBs/saed14rvt_c.ndm

... checking whether need to build cell library: saed14lvt_c_physical_only.ndm (3/5)
... checking whether can reuse library under output directory
reuse existing cell library under output directory: CLIBs/saed14lvt_c_physical_only.ndm

... checking whether need to build cell library: saed14rvt_c_physical_only.ndm (4/5)
... checking whether can reuse library under output directory
reuse existing cell library under output directory: CLIBs/saed14rvt_c_physical_only.ndm

... checking whether need to build cell library: EXPLORE_physical_only.ndm (5/5)
... checking whether can reuse library under output directory
reuse existing cell library under output directory: CLIBs/EXPLORE_physical_only.ndm

... 5 cell libraries can be reused.



Information: Successfully built 5 reference libraries: saed14lvt_c.ndm saed14rvt_c.ndm saed14lvt_c_physical_only.ndm saed14rvt_c_physical_only.ndm EXPLORE_physical_only.ndm. (LIB-093)
Warning: Technology used to create frame-view and current technology have inconsistency: Min spacings are different for layer 'M1'. (FRAM-054)
Warning: Technology 'saed14rvt_1p9m.tf' used for frame-view creation in library 'saed14lvt_ff0p7vm40c', is inconsistent with the current technology 'saed14nm_1p9m_mw.tf' of library 'FFT_lib'. Please run derive_design_level_via_regions to generate up-do-date via region in the design library. (NDM-102)
Warning: Technology used to create frame-view and current technology have inconsistency: Min spacings are different for layer 'M1'. (FRAM-054)
Warning: Technology 'saed14rvt_1p9m.tf' used for frame-view creation in library 'saed14rvt_ff0p7vm40c', is inconsistent with the current technology 'saed14nm_1p9m_mw.tf' of library 'FFT_lib'. Please run derive_design_level_via_regions to generate up-do-date via region in the design library. (NDM-102)
Warning: Technology used to create frame-view and current technology have inconsistency: Min spacings are different for layer 'M1'. (FRAM-054)
Warning: Technology 'saed14rvt_1p9m.tf' used for frame-view creation in library 'saed14lvt_c_physical_only', is inconsistent with the current technology 'saed14nm_1p9m_mw.tf' of library 'FFT_lib'. Please run derive_design_level_via_regions to generate up-do-date via region in the design library. (NDM-102)
Warning: Technology used to create frame-view and current technology have inconsistency: Min spacings are different for layer 'M1'. (FRAM-054)
Warning: Technology 'saed14rvt_1p9m.tf' used for frame-view creation in library 'saed14rvt_c_physical_only', is inconsistent with the current technology 'saed14nm_1p9m_mw.tf' of library 'FFT_lib'. Please run derive_design_level_via_regions to generate up-do-date via region in the design library. (NDM-102)
Warning: Technology used to create frame-view and current technology have inconsistency: Min spacings are different for layer 'M1'. (FRAM-054)
Warning: Technology 'saed14rvt_1p9m.tf' used for frame-view creation in library 'EXPLORE_physical_only', is inconsistent with the current technology 'saed14nm_1p9m_mw.tf' of library 'FFT_lib'. Please run derive_design_level_via_regions to generate up-do-date via region in the design library. (NDM-102)
{FFT_lib}
fc_shell> derive_design_level_via_regions
Information: Using technology 'saed14nm_1p9m_mw.tf' to derive design library via region in the frame-views of library 'saed14lvt_ff0p7vm40c'. (FRAM-088)
Via regions for library saed14lvt_ff0p7vm40c created successfully
Information: Using technology 'saed14nm_1p9m_mw.tf' to derive design library via region in the frame-views of library 'saed14rvt_ff0p7vm40c'. (FRAM-088)
Via regions for library saed14rvt_ff0p7vm40c created successfully
Information: Using technology 'saed14nm_1p9m_mw.tf' to derive design library via region in the frame-views of library 'saed14lvt_c_physical_only'. (FRAM-088)
Via regions for library saed14lvt_c_physical_only created successfully
Information: Using technology 'saed14nm_1p9m_mw.tf' to derive design library via region in the frame-views of library 'saed14rvt_c_physical_only'. (FRAM-088)
Via regions for library saed14rvt_c_physical_only created successfully
Information: Using technology 'saed14nm_1p9m_mw.tf' to derive design library via region in the frame-views of library 'EXPLORE_physical_only'. (FRAM-088)
Via regions for library EXPLORE_physical_only created successfully
Finish deriving library override via region
1
fc_shell> read_verilog -top $DESIGN_NAME $VERILOG_NETLIST
Information: Reading Verilog into new design 'FFT' in library 'FFT_lib'. (VR-012)
Loading verilog file '/home1/IITR_PD3/MulukuriVNath/Documents/RTL-to-GDSII-Implementation-of-a-32-Point-Pipelined-FFT-Processor/Synthesis/outputs/FFT.mapped.v'
Number of modules read: 54
Top level ports: 60
Total ports in all modules: 4289
Total nets in all modules: 20747
Total instances in all modules: 14249
Elapsed = 00:00:00.20, CPU = 00:00:00.17
1
link_block
fc_shell> Using libraries: FFT_lib saed14lvt_ff0p7vm40c saed14rvt_ff0p7vm40c saed14lvt_c_physical_only saed14rvt_c_physical_only EXPLORE_physical_only
Linking block FFT_lib:FFT.design
Information: User units loaded from library 'saed14lvt_ff0p7vm40c' (LNK-040)
Design 'FFT' was successfully linked.
fc_shell> current_design $DESIGN_NAME
{FFT_lib:FFT.design}
fc_shell> link
Warning: Block 'FFT_lib:FFT.design' is already linked. (LNK-067)
0
fc_shell> if {[file exists [which $UPF_FILE]]} {
    set_app_options -name mv.upf.enable_golden_upf -value true
    load_upf $UPF_FILE
    puts "Info: Running commit_upf"
    commit_upf
}
Information: Loading UPF file '/home1/IITR_PD3/MulukuriVNath/Documents/RTL-to-GDSII-Implementation-of-a-32-Point-Pipelined-FFT-Processor/Synthesis/scripts/FFT.upf' (FILE-007)
upf_version 2.0
# 1. Create Top-Level Power Domain
create_power_domain TOP -include_scope
# 2. Create Supply Ports
create_supply_port VDD
create_supply_port VSS
# 3. Create Supply Nets (REMOVED '-domain TOP' to make them domain-independent)
create_supply_net VDD
create_supply_net VSS
# 4. Connect Ports to Nets
connect_supply_net VDD -ports VDD
connect_supply_net VSS -ports VSS
# 5. Create Supply Set (Will now succeed without UPF-180)
create_supply_set SS_DEFAULT \
    -function {power VDD} \
    -function {ground VSS}
# 6. Bind Supply Nets to Domain
set_domain_supply_net TOP -primary_power_net VDD -primary_ground_net VSS
# 7. Define Unified Power State
add_power_state SS_DEFAULT -state ON {-supply_expr {power == {FULL_ON 0.6} && ground == {FULL_ON 0.0}}}
# 8. Disable Isolation
set_isolation ISO_DISABLE -domain TOP -applies_to outputs -no_isolation
Information: Isolation strategy 'ISO_DISABLE' specifies no elements with the -no_isolation option. (UPF-098)
Info: Running commit_upf
Information: Related supplies are not explicitly specified on 60 port(s) and primary supplies (VDD, VSS) of top power domain will be assumed as the related supply. (UPF-467)
Information: Total 0 isolation cell(s) in the design. (MV-021)
Information: Total 0 level shifter cell(s) in the design. (MV-021)
Information: Total 0 enable level shifter cell(s) in the design. (MV-021)
Information: Total 0 repeater cell(s) in the design. (MV-021)
Information: Total 0 retention cell(s) in the design. (MV-021)
Information: Total 0 power switch cell(s) in the design. (MV-021)
Information: Total 0 netlist change(s) and disconnections have been made to resolve conflicts between power intent and PG netlist. (UPF-073)
Information: UPF has been successfully committed. (UPF-072)
1
fc_shell> read_sdc $SDC_FILE
Information: Loading SDC version 2.1 file '/home1/IITR_PD3/MulukuriVNath/Documents/RTL-to-GDSII-Implementation-of-a-32-Point-Pipelined-FFT-Processor/Synthesis/scripts/FFT.sdc' (FILE-007)
Information: Timer using 4 threads
Warning: The 'set_max_fanout' command is not supported in this program.  The command will be ignored. (CSTR-011)
Warning: Object 'clk_gate_count_y_reg' is not a valid startpoint. The set_multicycle_path command will not match this object. (UIC-009)
Warning: Object 'clk_gate_result_i_reg_0_' is not a valid endpoint. The set_multicycle_path command will not match this object. (UIC-009)
Warning: Object 'clk_gate_count_y_reg' is not a valid startpoint. The set_multicycle_path command will not match this object. (UIC-009)
Warning: Object 'clk_gate_result_i_reg_0_' is not a valid endpoint. The set_multicycle_path command will not match this object. (UIC-009)
1
fc_shell> set parasitic1 "tlup_max"
tlup_max
set tluplus_file($parasitic1) "/home1/14_nmts/14_nmts/tech/star_rc/max/saed14nm_1p9m_Cmax.tluplus"
/home1/14_nmts/14_nmts/tech/star_rc/max/saed14nm_1p9m_Cmax.tluplus
set layer_map_file($parasitic1) "/home1/14_nmts/14_nmts/tech/star_rc/saed14nm_tf_itf_tluplus.map"
/home1/14_nmts/14_nmts/tech/star_rc/saed14nm_tf_itf_tluplus.map
set parasitic2 "tlup_min"
tlup_min
set tluplus_file($parasitic2) "/home1/14_nmts/14_nmts/tech/star_rc/min/saed14nm_1p9m_Cmin.tluplus"
/home1/14_nmts/14_nmts/tech/star_rc/min/saed14nm_1p9m_Cmin.tluplus
set layer_map_file($parasitic2) "/home1/14_nmts/14_nmts/tech/star_rc/saed14nm_tf_itf_tluplus.map"
/home1/14_nmts/14_nmts/tech/star_rc/saed14nm_tf_itf_tluplus.map
fc_shell> foreach p [array name tluplus_file] {
    puts "Info: read_parasitic_tech -tlup $tluplus_file($p) -layermap $layer_map_file($p) -name $p"
    read_parasitic_tech -tlup $tluplus_file($p) -layermap $layer_map_file($p) -name $p
}
Info: read_parasitic_tech -tlup /home1/14_nmts/14_nmts/tech/star_rc/min/saed14nm_1p9m_Cmin.tluplus -layermap /home1/14_nmts/14_nmts/tech/star_rc/saed14nm_tf_itf_tluplus.map -name tlup_min
WARNING: Layer mapping file warning. Tech layer 'M1_3' mapped in layer mapping file cannot be found in technology section.
WARNING: Layer mapping file warning. Tech layer 'M2_3' mapped in layer mapping file cannot be found in technology section.
WARNING: Layer mapping file warning. Tech layer 'M3_3' mapped in layer mapping file cannot be found in technology section.
Info: read_parasitic_tech -tlup /home1/14_nmts/14_nmts/tech/star_rc/max/saed14nm_1p9m_Cmax.tluplus -layermap /home1/14_nmts/14_nmts/tech/star_rc/saed14nm_tf_itf_tluplus.map -name tlup_max
WARNING: Layer mapping file warning. Tech layer 'M1_3' mapped in layer mapping file cannot be found in technology section.
WARNING: Layer mapping file warning. Tech layer 'M2_3' mapped in layer mapping file cannot be found in technology section.
WARNING: Layer mapping file warning. Tech layer 'M3_3' mapped in layer mapping file cannot be found in technology section.
fc_shell> create_corner ss0p6v125c
1
create_corner ff0p7vm40c
1
fc_shell> set_parasitics_parameters \
    -early_spec tlup_min \
    -late_spec tlup_max \
    -early_temperature 40 \
    -late_temperature 125 \
    -corners {ss0p6v125c ff0p7vm40c}
1
fc_shell> set_voltage 0.6 -object_list {VDD SS_DEFAULT.power}
1
set_voltage 0.0 -object_list {VSS SS_DEFAULT.ground}
1
fc_shell> set_operating_conditions -max ss0p6v125c -max_corner ss0p6v125c -min ff0p7vm40c -min_corner ff0p7vm40c
Error: unknown option '-max_corner' (CMD-010)
Error: unknown option '-min_corner' (CMD-010)
Error: extra positional option 'ff0p7vm40c' (CMD-012)
Information: script '/tmp/fc_shell-be-2.aUMhUG'
            	stopped at line 1 due to error. (CMD-081)
Extended error info:

    while executing
"set_operating_conditions -max ss0p6v125c -max_corner ss0p6v125c -min ff0p7vm40c -min_corner ff0p7vm40c"
    (file "/tmp/fc_shell-be-2.aUMhUG" line 1)
 -- End Extended Error Info
fc_shell> set_operating_conditions ss0p6v125c -corner ss0p6v125c
Error: unknown option '-corner' (CMD-010)
Error: extra positional option 'ss0p6v125c' (CMD-012)
fc_shell> set_temperature 125 -corners ss0p6v125c
1
fc_shell> set_voltage 0.6 -object_list {VDD SS_DEFAULT.power}
1
fc_shell> set_voltage 0.0 -object_list {VSS SS_DEFAULT.ground}
1
fc_shell> set_voltage 0.6 -object_list {VDD SS_DEFAULT.power} -corners ss0p6v125c
1
fc_shell> set_voltage 0.0 -object_list {VSS SS_DEFAULT.ground} -corners ss0p6v125c
1
fc_shell> set_temperature -40 -corners ff0p7vm40c
1
fc_shell> set_voltage 0.7 -object_list {VDD SS_DEFAULT.power} -corners ff0p7vm40c
1
fc_shell> set_voltage 0.0 -object_list {VSS SS_DEFAULT.ground} -corners ff0p7vm40c
1
fc_shell> 
Information: Interrupting current command. (INT-2)

fc_shell> 
Information: Interrupting current command. (INT-2)

fc_shell> che
check_3d_design                            check_multibit_library                     
check_advanced_boundary_cells              check_mv_design                            
check_boundary_cells                       check_netlist                              
check_bufferability                        check_netlist_for_3d                       
check_bump_spacing                         check_objects_for_push_down                
check_bump_terminals                       check_pg_connectivity                      
check_busplan_constraints                  check_pg_drc                               
check_clock_gate_library_cell_availability check_pg_missing_vias                      
check_clock_trees                          check_physical_constraints                 
check_consistency_settings                 check_pin_placement                        
check_design                               check_placement_constraints                
check_design_for_clock_trunk_planning      check_pre_pin_placement                    
check_design_states                        check_pre_place_io                         
check_duplicates                           check_pt_qor                               
check_empty_space                          check_rdl_routes                           
check_equivalent_power_domains             check_routability                          
check_error                                check_routes                               
check_feedthroughs                         check_routing_corridors                    
check_finfet_grid                          check_rp_constraints                       
check_floorplan_rules                      check_sadp_tracks                          
check_freeze_silicon                       check_safety_intent                        
check_frontside_fibs                       check_scan_chain                           
check_hier_design                          check_secondary_pg_placement_constraints   
check_host_options                         check_shapes                               
check_io_placement                         check_stage_settings                       
check_isolation_coverage                   check_starrc_in_design                     
check_legality                             check_supply_equivalence                   
check_legalizer_sanity                     check_targeted_boundary_cells              
check_libcell_pin_access                   check_tcd_cells                            
check_license                              check_timing                               
check_lvs                                  check_topology_plans                       
check_macro_pin_access                     check_variants                             
check_mib_alignment                        check_vclp_design                          
check_mib_for_pin_placement                
fc_shell> check_mv_design 
****************************************
Report : check_mv_design
Design : FFT
Version: V-2023.12-SP4
Date   : Sun Sep  6 23:50:14 2026
****************************************

---------- Power domain rule ----------
No errors or warnings.

---------- Supply set rule ----------
No errors or warnings.

---------- Supply net rule ----------
No errors or warnings.

---------- Supply port rule ----------
No errors or warnings.

---------- Isolation strategy rule ----------
No errors or warnings.

---------- Level shifter strategy rule ----------
No errors or warnings.

---------- Retention strategy rule ----------
No errors or warnings.

---------- Power switch strategy rule ----------
No errors or warnings.

---------- Repeater rule ----------
No errors or warnings.

---------- Terminal boundary rule ----------
No errors or warnings.

---------- Isolation cell rule ----------
No errors or warnings.

---------- Level shifter cell rule ----------
No errors or warnings.

---------- Retention cell rule ----------
No errors or warnings.

---------- Switch cell rule ----------
No errors or warnings.

---------- PGMUX rule ----------
No errors or warnings.

---------- Diode cell rule ----------
No errors or warnings.

---------- Model rule ----------
No errors or warnings.

---------- Isolation rule ----------
No errors or warnings.

---------- Voltage shifting rule ----------
No errors or warnings.

---------- Tie-off connection rule ----------
No errors or warnings.

---------- Analog net rule ----------
No errors or warnings.

---------- Physical block pin rule ----------
No errors or warnings.

---------- PG pin rule ----------
No errors or warnings.

---------- Signal pin rule ----------
Error: Power and ground related supply net(s) of signal pin 'din_i_reg_reg_17_/CK' cannot be determined. (MV-050)
Error: Power and ground related supply net(s) of signal pin 'din_i_reg_reg_17_/D' cannot be determined. (MV-050)
Error: Power and ground related supply net(s) of signal pin 'din_i_reg_reg_17_/RD' cannot be determined. (MV-050)
Error: Power and ground related supply net(s) of signal pin 'din_i_reg_reg_17_/SE' cannot be determined. (MV-050)
Error: Power and ground related supply net(s) of signal pin 'din_i_reg_reg_17_/SI' cannot be determined. (MV-050)
Error: Power and ground related supply net(s) of signal pin 'din_i_reg_reg_17_/Q' cannot be determined. (MV-050)
Error: Power and ground related supply net(s) of signal pin 'count_y_reg_3_/CK' cannot be determined. (MV-050)
Error: Power and ground related supply net(s) of signal pin 'count_y_reg_3_/D' cannot be determined. (MV-050)
Error: Power and ground related supply net(s) of signal pin 'count_y_reg_3_/RD' cannot be determined. (MV-050)
Error: Power and ground related supply net(s) of signal pin 'count_y_reg_3_/SE' cannot be determined. (MV-050)
Error: Power and ground related supply net(s) of signal pin 'count_y_reg_3_/SI' cannot be determined. (MV-050)
Error: Power and ground related supply net(s) of signal pin 'count_y_reg_3_/Q' cannot be determined. (MV-050)
Error: Power and ground related supply net(s) of signal pin 'result_i_reg_0__10_/CK' cannot be determined. (MV-050)
Error: Power and ground related supply net(s) of signal pin 'result_i_reg_0__10_/D' cannot be determined. (MV-050)
Error: Power and ground related supply net(s) of signal pin 'result_i_reg_0__10_/RD' cannot be determined. (MV-050)
Error: Power and ground related supply net(s) of signal pin 'result_i_reg_0__10_/SE' cannot be determined. (MV-050)
Error: Power and ground related supply net(s) of signal pin 'result_i_reg_0__10_/SI' cannot be determined. (MV-050)
Error: Power and ground related supply net(s) of signal pin 'result_i_reg_0__10_/Q' cannot be determined. (MV-050)
Error: Power and ground related supply net(s) of signal pin 'result_i_reg_1__11_/CK' cannot be determined. (MV-050)
Error: Power and ground related supply net(s) of signal pin 'result_i_reg_1__11_/D' cannot be determined. (MV-050)
Information: Message 'MV-050' limit (20) exceeded. Remainder will be suppressed. The limit can be changed with '-max_message_count' option. (MV-079)
Information: Total 49262 MV-050 violations. (MV-080)
---------- Summary ----------
Information: Total 49262 error(s) and 0 warning(s) from check_mv_design. (MV-082)
0
fc_shell> connect_pg_net -automatic
Information: Connecting to PG and tie pins in automatic mode. (MV-396)
****************************************
Report : Power/Ground Connection Summary
Design : FFT
Version: V-2023.12-SP4
Date   : Sun Sep  6 23:52:02 2026
****************************************
P/G net name                  P/G pin count(previous/current)
--------------------------------------------------------------------------------
Power net VDD                 0/14296
Ground net VSS                0/14196
--------------------------------------------------------------------------------
Information: connections of 28492 power/ground pin(s) are created or changed. (MV-382)

1
fc_shell> check_mv_design
Information: The command 'check_mv_design' cleared the undo history. (UNDO-016)
****************************************
Report : check_mv_design
Design : FFT
Version: V-2023.12-SP4
Date   : Sun Sep  6 23:52:06 2026
****************************************

---------- Power domain rule ----------
No errors or warnings.

---------- Supply set rule ----------
No errors or warnings.

---------- Supply net rule ----------
No errors or warnings.

---------- Supply port rule ----------
No errors or warnings.

---------- Isolation strategy rule ----------
No errors or warnings.

---------- Level shifter strategy rule ----------
No errors or warnings.

---------- Retention strategy rule ----------
No errors or warnings.

---------- Power switch strategy rule ----------
No errors or warnings.

---------- Repeater rule ----------
No errors or warnings.

---------- Terminal boundary rule ----------
No errors or warnings.

---------- Isolation cell rule ----------
No errors or warnings.

---------- Level shifter cell rule ----------
No errors or warnings.

---------- Retention cell rule ----------
No errors or warnings.

---------- Switch cell rule ----------
No errors or warnings.

---------- PGMUX rule ----------
No errors or warnings.

---------- Diode cell rule ----------
No errors or warnings.

---------- Model rule ----------
No errors or warnings.

---------- Isolation rule ----------
No errors or warnings.

---------- Voltage shifting rule ----------
No errors or warnings.

---------- Tie-off connection rule ----------
No errors or warnings.

---------- Analog net rule ----------
No errors or warnings.

---------- Physical block pin rule ----------
No errors or warnings.

---------- PG pin rule ----------
No errors or warnings.

---------- Signal pin rule ----------
Error: Power and ground related supply net(s) of signal pin 'din_i_reg_reg_17_/CK' cannot be determined. (MV-050)
Error: Power and ground related supply net(s) of signal pin 'din_i_reg_reg_17_/D' cannot be determined. (MV-050)
Error: Power and ground related supply net(s) of signal pin 'din_i_reg_reg_17_/RD' cannot be determined. (MV-050)
Error: Power and ground related supply net(s) of signal pin 'din_i_reg_reg_17_/SE' cannot be determined. (MV-050)
Error: Power and ground related supply net(s) of signal pin 'din_i_reg_reg_17_/SI' cannot be determined. (MV-050)
Error: Power and ground related supply net(s) of signal pin 'din_i_reg_reg_17_/Q' cannot be determined. (MV-050)
Error: Power and ground related supply net(s) of signal pin 'count_y_reg_3_/CK' cannot be determined. (MV-050)
Error: Power and ground related supply net(s) of signal pin 'count_y_reg_3_/D' cannot be determined. (MV-050)
Error: Power and ground related supply net(s) of signal pin 'count_y_reg_3_/RD' cannot be determined. (MV-050)
Error: Power and ground related supply net(s) of signal pin 'count_y_reg_3_/SE' cannot be determined. (MV-050)
Error: Power and ground related supply net(s) of signal pin 'count_y_reg_3_/SI' cannot be determined. (MV-050)
Error: Power and ground related supply net(s) of signal pin 'count_y_reg_3_/Q' cannot be determined. (MV-050)
Error: Power and ground related supply net(s) of signal pin 'result_i_reg_0__10_/CK' cannot be determined. (MV-050)
Error: Power and ground related supply net(s) of signal pin 'result_i_reg_0__10_/D' cannot be determined. (MV-050)
Error: Power and ground related supply net(s) of signal pin 'result_i_reg_0__10_/RD' cannot be determined. (MV-050)
Error: Power and ground related supply net(s) of signal pin 'result_i_reg_0__10_/SE' cannot be determined. (MV-050)
Error: Power and ground related supply net(s) of signal pin 'result_i_reg_0__10_/SI' cannot be determined. (MV-050)
Error: Power and ground related supply net(s) of signal pin 'result_i_reg_0__10_/Q' cannot be determined. (MV-050)
Error: Power and ground related supply net(s) of signal pin 'result_i_reg_1__11_/CK' cannot be determined. (MV-050)
Error: Power and ground related supply net(s) of signal pin 'result_i_reg_1__11_/D' cannot be determined. (MV-050)
Information: Message 'MV-050' limit (20) exceeded. Remainder will be suppressed. The limit can be changed with '-max_message_count' option. (MV-079)
Information: Total 49262 MV-050 violations. (MV-080)
---------- Summary ----------
Information: Total 49262 error(s) and 0 warning(s) from check_mv_design. (MV-082)
0
fc_shell> define_user_attribute -type string -name routing_direction -classes routing_rule
Warning: All user-defined attributes are persistent by default from 2018.06 release. Please use the '-non_persistent' if non-persistent user attribute is preferred. (NDMUI-669)
1
fc_shell> set_attr -objects [get_layers {M2 M4 M6 M8 MRDL}] -name routing_direction -value horizontal
Information: The design specific attribute override for layer 'M2' is set in the current block 'FFT', because the actual library setting may not be overwritten. (ATTR-12)
Information: The design specific attribute override for layer 'M4' is set in the current block 'FFT', because the actual library setting may not be overwritten. (ATTR-12)
Information: The design specific attribute override for layer 'M6' is set in the current block 'FFT', because the actual library setting may not be overwritten. (ATTR-12)
Information: The design specific attribute override for layer 'M8' is set in the current block 'FFT', because the actual library setting may not be overwritten. (ATTR-12)
Information: The design specific attribute override for layer 'MRDL' is set in the current block 'FFT', because the actual library setting may not be overwritten. (ATTR-12)
{M2 M4 M6 M8 MRDL}
fc_shell> set_attr -objects [get_layers {M1 M5 M7 M9}] -name routing_direction -value vertical
Information: The design specific attribute override for layer 'M1' is set in the current block 'FFT', because the actual library setting may not be overwritten. (ATTR-12)
Information: The design specific attribute override for layer 'M5' is set in the current block 'FFT', because the actual library setting may not be overwritten. (ATTR-12)
Information: The design specific attribute override for layer 'M7' is set in the current block 'FFT', because the actual library setting may not be overwritten. (ATTR-12)
Information: The design specific attribute override for layer 'M9' is set in the current block 'FFT', because the actual library setting may not be overwritten. (ATTR-12)
{M1 M5 M7 M9}
fc_shell> initialize_floorplan -core_utilization 0.55 -core_offset {2}
Warning: The routing directions for layer 'M3 ' are missing. Auto deriving 'horizontal' routing direction for layer 'M2'. (DPUI-924)
Warning: The routing directions for layer 'M3 ' are missing. Auto deriving 'vertical' routing direction for layer 'M3'. (DPUI-924)
Warning: The routing directions for layer 'M3 ' are missing. Auto deriving 'horizontal' routing direction for layer 'M4'. (DPUI-924)
Warning: The routing directions for layer 'M3 ' are missing. Auto deriving 'vertical' routing direction for layer 'M5'. (DPUI-924)
Warning: The routing directions for layer 'M3 ' are missing. Auto deriving 'horizontal' routing direction for layer 'M6'. (DPUI-924)
Warning: The routing directions for layer 'M3 ' are missing. Auto deriving 'vertical' routing direction for layer 'M7'. (DPUI-924)
Warning: The routing directions for layer 'M3 ' are missing. Auto deriving 'horizontal' routing direction for layer 'M8'. (DPUI-924)
Warning: The routing directions for layer 'M3 ' are missing. Auto deriving 'vertical' routing direction for layer 'M9'. (DPUI-924)
Warning: The routing directions for layer 'M3 ' are missing. Auto deriving 'horizontal' routing direction for layer 'MRDL'. (DPUI-924)
Removing existing floorplan objects
Creating core...
Core utilization ratio = 55.18%
Unplacing all cells...
Creating site array...
Creating routing tracks...
Initializing floorplan completed.
fc_shell> set_block_pin_constraints -self -allowed_layers {M3 M5} -sides 2
Information: The command 'set_block_pin_constraints' cleared the undo history. (UNDO-016)
Information: Block pin constraints allowed_layers, sides are set for top block FFT. (DPPA-403)
1
fc_shell> place_pins -ports [get_ports -filter direction==out]
Information: Starting 'place_pins' (FLW-8000)
Information: Time: 2026-09-07 00:15:50 / Session:  00:41:57 / Command:  00:00:00 / CPU:  00:00:00 / Memory: 840 MB (FLW-8100)
Load DB...
Warning: Minimum area is too large or minimum length is too small on layer M3, this can cause large minimum pin length in pin placement. (DPPA-607)
CPU Time for load db: 00:00:00.00u 00:00:00.00s 00:00:00.00e: 

Min routing layer: M1
Max routing layer: MRDL

Non default block pin constraint setting(s) of top block: FFT
allowed_layers: M3 M5 
sides:          2

CPU Time for Top Level Pre-Route Processing: 00:00:00.00u 00:00:00.00s 00:00:00.00e: 
CPU Time for Leaf Level Pre-Route Processing: 00:00:00.00u 00:00:00.00s 00:00:00.00e: 
Number of block ports: 60
Number of block pin locations assigned from router: 0
CPU Time for Pin Preparation: 00:00:00.00u 00:00:00.00s 00:00:00.00e: 
Number of PG ports on blocks: 0
Number of pins created: 33
CPU Time for Pin Creation: 00:00:00.00u 00:00:00.00s 00:00:00.00e: 
Total Pin Placement CPU Time: 00:00:00.02u 00:00:00.00s 00:00:00.02e: 
Information: Ending   'place_pins' (FLW-8001)
Information: Time: 2026-09-07 00:15:50 / Session:  00:41:57 / Command:  00:00:00 / CPU:  00:00:00 / Memory: 840 MB (FLW-8100)
1
fc_shell> set_block_pin_constraints -self -allowed_layers {M4 M6} -sides 3
Information: Block pin constraints allowed_layers, sides are set for top block FFT. (DPPA-403)
1
fc_shell> place_pins -ports [get_ports -filter direction==in]
Information: Starting 'place_pins' (FLW-8000)
Information: Time: 2026-09-07 00:16:25 / Session:  00:42:32 / Command:  00:00:00 / CPU:  00:00:00 / Memory: 840 MB (FLW-8100)
Load DB...
Warning: Minimum area is too large or minimum length is too small on layer M3, this can cause large minimum pin length in pin placement. (DPPA-607)
CPU Time for load db: 00:00:00.00u 00:00:00.00s 00:00:00.00e: 

Min routing layer: M1
Max routing layer: MRDL

Non default block pin constraint setting(s) of top block: FFT
allowed_layers: M4 M6 
sides:          3

CPU Time for Top Level Pre-Route Processing: 00:00:00.00u 00:00:00.00s 00:00:00.00e: 
CPU Time for Leaf Level Pre-Route Processing: 00:00:00.00u 00:00:00.00s 00:00:00.00e: 
Number of block ports: 60
Number of block pin locations assigned from router: 0
CPU Time for Pin Preparation: 00:00:00.00u 00:00:00.00s 00:00:00.00e: 
Number of PG ports on blocks: 0
Number of pins created: 27
CPU Time for Pin Creation: 00:00:00.00u 00:00:00.00s 00:00:00.00e: 
Total Pin Placement CPU Time: 00:00:00.01u 00:00:00.00s 00:00:00.01e: 
Information: Ending   'place_pins' (FLW-8001)
Information: Time: 2026-09-07 00:16:25 / Session:  00:42:32 / Command:  00:00:00 / CPU:  00:00:00 / Memory: 840 MB (FLW-8100)
1
fc_shell> set_attr [get_ports *] physical_status fixed
{clk reset in_valid {din_r[11]} {din_r[10]} {din_r[9]} {din_r[8]} {din_r[7]} {din_r[6]} {din_r[5]} {din_r[4]} {din_r[3]} {din_r[2]} {din_r[1]} {din_r[0]} {din_i[11]} {din_i[10]} {din_i[9]} {din_i[8]} {din_i[7]} {din_i[6]} {din_i[5]} {din_i[4]} {din_i[3]} {din_i[2]} {din_i[1]} {din_i[0]} out_valid {dout_r[15]} {dout_r[14]} {dout_r[13]} {dout_r[12]} {dout_r[11]} {dout_r[10]} {dout_r[9]} {dout_r[8]} {dout_r[7]} {dout_r[6]} {dout_r[5]} {dout_r[4]} {dout_r[3]} {dout_r[2]} {dout_r[1]} {dout_r[0]} {dout_i[15]} {dout_i[14]} {dout_i[13]} {dout_i[12]} {dout_i[11]} {dout_i[10]} {dout_i[9]} {dout_i[8]} {dout_i[7]} {dout_i[6]} {dout_i[5]} {dout_i[4]} {dout_i[3]} {dout_i[2]} {dout_i[1]} {dout_i[0]} VDD VSS}
fc_shell> set_boundary_cell_rules \
    -top_boundary_cells [get_lib_cells */*CAPT2] \
    -bottom_boundary_cells [get_lib_cells */*CAPB2] \
    -right_boundary_cell [get_lib_cells */*CAPBIN13] \
    -left_boundary_cell [get_lib_cells */*CAPBTAP6] \
    -prefix ENDCAP
Information: The command 'set_boundary_cell_rules' cleared the undo history. (UNDO-016)
1
fc_shell> compile_targeted_boundary_cells -target_objects [get_voltage_areas]
Warning: AL is needed for compile_targeted_boundary_cells. Please set place.legalize.enable_advanced_legalizer to true.
Information: Auto-detecting non-abutting/non-aligned site row flow.
Information: User specified half height site def has not been found in the design.
Information: User specified half inbound height (BASIC_AND_HALF) site def has not been found in the design.
Information: Determine legalization flow type: Using base site def 'unit'.
Start initializing AL
Information: Setting bounds and VA for block 'FFT'...
Information: Setting up voltage area 'DEFAULT_VA'.
Information: checking lib cells power/ground pins
Information: Lib cells of site unit have their ground pins at bottom 

Information: Legalizer threading is enabled with high effort (LGL-130)

Information: Setting up cell instances...
Information: All fillers in the reference libraries will be considered during legalization/check legality
Information: Initializing site map 'unit' at {2 2} {125.876 125.6}.
Information: Init siteMap unit with 1674 sites x 206 rows
Warning: Site master "unit" has neither X-Symmetry nor Y-Symmetry. The "legal orientations" for the standard cells will be limited. (LGL-031)
Information: place.legalize.enable_pin_extension_for_pin_access is false.
Adding rule engine Basic Rules version 1.0.0...
Adding rule engine VT Implant Rules version 1.0.0...
Adding rule engine OD Rules version 1.0.0...
Adding rule engine TPO Rules version 1.0.0...
Adding rule engine NP-Well Rules version 1.0.0...
Adding rule engine Pin Access Rules version 1.0.0...
Adding rule engine Span Rules version 1.0.0...
Adding rule engine Index Rules version 1.0.0...
Adding rule engine PG DRC Rules version 1.0.0...
Adding rule engine Color Rules version 1.0.0...
Adding rule engine Chipfin Rules version 1.0.0...
Adding rule engine User Rules version 1.0.0...
Information: Apply spacing rule on full inbound edge (place.legalize.apply_spacing_rule_full_inbound_edge): no
Information: Use base site row as spacing rule sub row (for uni-row only) (place.legalize.use_base_site_row_as_spacing_rule_sub_row): no
Information: Initializing CTS constraints...
Information: nwell layer number 3
Constructing VT legality info...
Warning: Detected lib cells with no implant layer shapes. Please check the lib cells to see if need to use virtual implant.If user want to use virtual implant, please enable related app options. (place.legalize.use_virtual_implant_layer and set up place.legalize.virtual_implant_layer_min_width) (LGL-480)
Constructing implant ignored layer info...
Information: The ignored implant layer for vt_min_width (place.legalize.vt_min_width_ignored_implant_layers) is not specified, skipped.
Information: setting LVTIMP (37) and LVTIMP (37) layers as VT P/N layers
Warning: Filler cell 'SAEDRVT14_FILL16' has no VT implant layer shapes. (LGL-151)
Warning: Filler cell 'SAEDRVT14_FILL2' has no VT implant layer shapes. (LGL-151)
Warning: Filler cell 'SAEDRVT14_FILL3' has no VT implant layer shapes. (LGL-151)
Warning: Filler cell 'SAEDRVT14_FILL32' has no VT implant layer shapes. (LGL-151)
Warning: Filler cell 'SAEDRVT14_FILL4' has no VT implant layer shapes. (LGL-151)
Note - message 'LGL-151' limit (5) exceeded. Remainder will be suppressed.
Information: setting HVTIMP (36) and HVTIMP (36) layers as VT P/N layers
Information: reference lib cells do not contain VT jogs
Information: Layer HVTIMP has minArea -0.0001 minWidth 0.85 minSpace 0.85
Information: Layer HVTIMP has filler size (site width) of 1 4 5 6 7 9 10 14 17 18 20 34 66 
Information: Layer LVTIMP has minArea -0.0001 minWidth 0.85 minSpace 0.85
Information: Layer LVTIMP has filler size (site width) of 1 4 5 6 7 9 10 14 17 18 20 34 66 
Information: Design scale factor is 10000
Warning: M0PO max length check will be skipped as there is no layer with mask name metal0 in the design. (LGL-219)
Initializing CPOR7 info...
Warning: The app option place.legalize.max_horizontal_inbound_alignment_length is not set. (LGL-206)
Warning: Max horizontal inbound allignment rules/length checks will be ignored. (LGL-208)
Warning: The app option place.legalize.max_vertical_inbound_alignment_length is not set. (LGL-206)
Warning: Max vertical inbound allignment rules/length checks will be ignored. (LGL-208)
Warning: The max length of rule max_cpode_length is not specified by app option max_vertical_stacked_length. (LGL-340)
Constructing GroupLength legality info...
Information: 0 out of 4212 lib cells has group length info.
Information: Lib cells including {}
Constructing chipfin rule info...
Information: Core area bbox = { {2 2} {125.876 125.6} }
Information: Core area poly points (4-gon) = { {2 2} {2 125.6} {125.876 125.6} {125.876 2} }
Information: Non-placeable shapes inside core bbox poly points (total 0 bbox) = { }
Pre-fill tap cover map for 0 non-placeable regions (auto-expand to align site grids)...
Warning: No rule is specified. Please set rules via "set_tap_boundary_wall_cell_rules" before checking. (LGL-368)
Warning: No rule was specified. Try to load rules from NDM.
Did not find rule in NDM
Information: PRF reader is not found or detached. Disabled all corresponding delta PRF features.
Information: No valid Nx rule container, try to get non-Nx rule container.
Information: Got the non-Nx rule container (address = 0x5513efa0)
Information: Scale factor = 10000
Information: Tap cover distance = 0 sites
INFO: Tap cover stop on pb with width greater than 0 (= 0 um) (= 0 sites). (controlled by app option "place.legalize.tap_cover_stop_pb_width_threshold <micron>")
Information: Suppress boundary coverage violations: false (place.legalize.suppress_bndry_cover_violation)
Information: Suppress in-cell coverage violations: false (place.legalize.suppress_incell_cover_violation)
Information: Verbose coverage violations: false (place.legalize.tap_cover_violation_verbose)
Constructing VA map info...
Information: Considering guardbands as hard placement blockages for tap coverage...
Information: Fill guardband of NDM VA "DEFAULT_VA", isDefaultVA = yes
Information: Fill NDM VA "DEFAULT_VA" without guardband, vaID = 0
Information: Use exact regular expression (i.e., no auto asterisk at the end of each string) (place.legalize.exception_cells_complete_regexp): no
Constructing tap cover drop edge info...
Information: Got drop edge string from app option "place.legalize.tap_cover_drop_edges": VDD VSS
Information: The drop edge string should be one of the following four: "", "VDD", "VSS", or "VDD VSS"
Information: Drop VDD (N-WELL) edge: yes
Information: Drop VSS (P-WELL) edge: yes
Information: Drop edge on tap coverage checking (i.e., a violation is within, intersects, or touches a hard placement blockage or non-placeable area): yes
Constructing LUP map info...
INFO: The LUP constraints are not found from PRF, tech file, or app option (place.legalize.isn_layer_coverage_constraints), skipped.
Constructing cell lib to lib type info...
Information: No Nx rule container is specified, so AL automatically added lib cells with design_type=well_tap as FULL_TAP.
Information: Non-Nx rule container is found. Reading...
Information: There is no N4 tap rule table for extra overwritting. Skip.
Constructing user lib type tap rule table info...
Information: The user lib type tap rule app option (place.legalize.tap_cover_user_lib_type_tap_rule_table) is not specified, skipped.
Constructing additional power management cell lib to ext lib type info...
Information: The additional power management lib cell app option (place.legalize.tap_cover_power_management_lib_cells) is not specified, skipped.
Constructing default lib type to tap rule table info...
Warning: Global tap coverage distance (0) is non-positive, auto set to FEEDTHROUGH (-1)
Information: No rule container is specified, skipped processing PRF.
Constructing tap value hash map info...
Constructing tap value hash map from lib type tap rule table (default)...
Constructing additional tap cover lib cell info...
Information: The additional tap cover lib cell app option (place.legalize.tap_cover_lib_cells) is not specified, skipped.
Constructing tap cover exception lib cell info...
Information: The tap cover exception cell app option (place.legalize.tap_cover_exception_cells) is not specified, skipped.
Constructing tap cover boundary lib cell info...
Information: The tap cover boundary lib cell app option (place.legalize.tap_cover_boundary_lib_cells) is not specified, skipped.
Post-adjusting single-sided tap rule table info...
Information: Is post adjusting mode enabled (place.legalize.tap_cover_tap_rule_post_adjust): yes
Information: Post-adjusting default tap rule tables...
Information: Adjusted 0 default single-sided tap rule table. (expected: 0)
Information: Post-adjusting tap rule tables from PRF...
Information: Adjusted 0 PRF single-sided tap rule table.
Constructing tap value hash map info...
Constructing tap value hash map from lib type tap rule table (default)...
Constructing tap cover implant continuity required layers info...
Information: Got required layer string from app option "place.legalize.tap_cover_implant_continuity_required_layers": ""
Information: The required layer string should be implant layer names defined in tech file (e.g., "VTL_P VTL_N"). If not specified, AL will automatically assign the majority as required.
Information: The implant continuity required layer app option (place.legalize.tap_cover_implant_continuity_required_layers) is not specified, skipped.
Constructing tap cover implant continuity forbidden layers info...
Information: Got forbidden layer string from app option "place.legalize.tap_cover_implant_continuity_forbidden_layers": ""
Information: The forbidden layer string should be layer names defined in tech file.
Information: The implant continuity forbidden layer app option (place.legalize.tap_cover_implant_continuity_forbidden_layers) is not specified, skipped.
Constructing tap cover implant continuity forbidden lib cells info...
Information: The implant continuity forbidden layer app option is not specified or layers are not found, skipped.
Information: Boundary tech mode is 4. Tap tech mode is 4.
Information: Is inbound flow: no
Information: Max tap cover distance in the tap rule table = 0 site
Information: The delta tap distances from PRF during incremental post fixing are enabled. If users would like to turn it off (not suggested), please either disable the delta app option "place.legalize.enable_tap_cover_delta_distance" temporarily , or enable the app option "place.legalize.auto_disable_tap_cover_delta_distance_postfix"
Information: Current mode is 4 (1: check_legality, 2: full_legalization 3: incr_legalization, 4: filler_insertion, 5: placement_model)
Pre-fill tap cover map for hard placement blockages before filling for cells (auto-expand to align site grids)...
Information: Total 0 placement blockage. Pre-filled 0 hard placement blockage.
Pre-fill tap cover map for 0 commited cell...
Information: Considering adjusting tap distance from edge-to-edge to centor-to-center...
Information: Pre-filled 0 macro and 0 std cell. Ignored 0 cell (#Illegal cells: 0).
Overwrite tap cover map for hard placement blockages (auto-expand to align site grids)...
Information: Total 0 placement blockage. Overwrote 0 hard placement blockage.
Information: Is mixed-row flow: no
Information: The orientation of the bottom row is MX.
Information: Tap coverage fixing now supports: movable standard cells with breakers (who might break coverages) on staggered tap pattern.
Information: To enable tap coverage fixing, please enable app option place.legalize.tap_cover_fixing before legalize_placement.
Information: Tap coverage implant continuity check mode is 2. (place.legalize.tap_cover_implant_continuity_check_mode) (1: whole layout; 2: per ring; o.w.: not check)
Information: Skipped initializing implant engine, ignored well_tap/end_cap implant continuity checking...
Information: Minimum duplicated count for duplicated tap coverage violations (place.legalize.tap_cover_duplicated_tap_coverage_min_count): 3
Performing sanity checks on input...
Information: Sanity check is passed.
Information: initialized chipfin rule engine with mode CHIPFIN_INIT_MODE_NORMAL...
Information: Apply spacing rule on full inbound edge (place.legalize.apply_spacing_rule_full_inbound_edge): no
Information: Use base site row as spacing rule sub row (for uni-row only) (place.legalize.use_base_site_row_as_spacing_rule_sub_row): no
Chipfin rule info has already been constructed, skipped...
Constructing pin color alignment legality info...
Information: Reading Vertical abutment prohibit pattern from app option (place.legalize.vertical_abutment_forbidden_pairs)...
	Format 1: label1-label2
	Format 2: label1-label2-minConsecutivePairs
	Format 3: label1-label2-minVertDist-maxVertDist
	Format 4: label1-label2-minVertDist-maxVertDist-minConsecutivePairs
Information: App option (place.legalize.vertical_abutment_forbidden_pairs) is empty.
Information: Reading Vertical abutment prohibit pattern from PRF...
Error: Library cell EXPLORE_physical_only/SAEDSLVT14_ADDF_V1_0P5 has Vth implant on layer 84 which does not correspond to any Vth implant layer defined in the technology file.  Advanced rule checking will not be performed for this library cell. (PLACE-007)
Error: Library cell EXPLORE_physical_only/SAEDSLVT14_ADDF_V1_1 has Vth implant on layer 84 which does not correspond to any Vth implant layer defined in the technology file.  Advanced rule checking will not be performed for this library cell. (PLACE-007)
Error: Library cell EXPLORE_physical_only/SAEDSLVT14_ADDF_V1_2 has Vth implant on layer 84 which does not correspond to any Vth implant layer defined in the technology file.  Advanced rule checking will not be performed for this library cell. (PLACE-007)
Error: Library cell EXPLORE_physical_only/SAEDSLVT14_ADDF_V2_0P5 has Vth implant on layer 84 which does not correspond to any Vth implant layer defined in the technology file.  Advanced rule checking will not be performed for this library cell. (PLACE-007)
Error: Library cell EXPLORE_physical_only/SAEDSLVT14_ADDF_V2_1 has Vth implant on layer 84 which does not correspond to any Vth implant layer defined in the technology file.  Advanced rule checking will not be performed for this library cell. (PLACE-007)
Error: Library cell EXPLORE_physical_only/SAEDSLVT14_ADDF_V2_2 has Vth implant on layer 84 which does not correspond to any Vth implant layer defined in the technology file.  Advanced rule checking will not be performed for this library cell. (PLACE-007)
Error: Library cell EXPLORE_physical_only/SAEDSLVT14_ADDH_0P5 has Vth implant on layer 84 which does not correspond to any Vth implant layer defined in the technology file.  Advanced rule checking will not be performed for this library cell. (PLACE-007)
Error: Library cell EXPLORE_physical_only/SAEDSLVT14_ADDH_1 has Vth implant on layer 84 which does not correspond to any Vth implant layer defined in the technology file.  Advanced rule checking will not be performed for this library cell. (PLACE-007)
Error: Library cell EXPLORE_physical_only/SAEDSLVT14_ADDH_2 has Vth implant on layer 84 which does not correspond to any Vth implant layer defined in the technology file.  Advanced rule checking will not be performed for this library cell. (PLACE-007)
Error: Library cell EXPLORE_physical_only/SAEDSLVT14_ADDH_4 has Vth implant on layer 84 which does not correspond to any Vth implant layer defined in the technology file.  Advanced rule checking will not be performed for this library cell. (PLACE-007)
Error: Library cell EXPLORE_physical_only/SAEDSLVT14_AN2B_MM_1 has Vth implant on layer 84 which does not correspond to any Vth implant layer defined in the technology file.  Advanced rule checking will not be performed for this library cell. (PLACE-007)
Error: Library cell EXPLORE_physical_only/SAEDSLVT14_AN2B_MM_12 has Vth implant on layer 84 which does not correspond to any Vth implant layer defined in the technology file.  Advanced rule checking will not be performed for this library cell. (PLACE-007)
Error: Library cell EXPLORE_physical_only/SAEDSLVT14_AN2B_MM_16 has Vth implant on layer 84 which does not correspond to any Vth implant layer defined in the technology file.  Advanced rule checking will not be performed for this library cell. (PLACE-007)
Error: Library cell EXPLORE_physical_only/SAEDSLVT14_AN2B_MM_2 has Vth implant on layer 84 which does not correspond to any Vth implant layer defined in the technology file.  Advanced rule checking will not be performed for this library cell. (PLACE-007)
Error: Library cell EXPLORE_physical_only/SAEDSLVT14_AN2B_MM_20 has Vth implant on layer 84 which does not correspond to any Vth implant layer defined in the technology file.  Advanced rule checking will not be performed for this library cell. (PLACE-007)
Error: Library cell EXPLORE_physical_only/SAEDSLVT14_AN2B_MM_4 has Vth implant on layer 84 which does not correspond to any Vth implant layer defined in the technology file.  Advanced rule checking will not be performed for this library cell. (PLACE-007)
Error: Library cell EXPLORE_physical_only/SAEDSLVT14_AN2B_MM_6 has Vth implant on layer 84 which does not correspond to any Vth implant layer defined in the technology file.  Advanced rule checking will not be performed for this library cell. (PLACE-007)
Error: Library cell EXPLORE_physical_only/SAEDSLVT14_AN2B_MM_8 has Vth implant on layer 84 which does not correspond to any Vth implant layer defined in the technology file.  Advanced rule checking will not be performed for this library cell. (PLACE-007)
Error: Library cell EXPLORE_physical_only/SAEDSLVT14_AN2B_PMM_2 has Vth implant on layer 84 which does not correspond to any Vth implant layer defined in the technology file.  Advanced rule checking will not be performed for this library cell. (PLACE-007)
Error: Library cell EXPLORE_physical_only/SAEDSLVT14_AN2B_PMM_8 has Vth implant on layer 84 which does not correspond to any Vth implant layer defined in the technology file.  Advanced rule checking will not be performed for this library cell. (PLACE-007)
Error: Library cell EXPLORE_physical_only/SAEDSLVT14_AN2B_PSECO_1 has Vth implant on layer 84 which does not correspond to any Vth implant layer defined in the technology file.  Advanced rule checking will not be performed for this library cell. (PLACE-007)
Error: Library cell EXPLORE_physical_only/SAEDSLVT14_AN2B_PSECO_2 has Vth implant on layer 84 which does not correspond to any Vth implant layer defined in the technology file.  Advanced rule checking will not be performed for this library cell. (PLACE-007)
Error: Library cell EXPLORE_physical_only/SAEDSLVT14_AN2B_PSECO_4 has Vth implant on layer 84 which does not correspond to any Vth implant layer defined in the technology file.  Advanced rule checking will not be performed for this library cell. (PLACE-007)
Error: Library cell EXPLORE_physical_only/SAEDSLVT14_AN2B_PSECO_8 has Vth implant on layer 84 which does not correspond to any Vth implant layer defined in the technology file.  Advanced rule checking will not be performed for this library cell. (PLACE-007)
Error: Library cell EXPLORE_physical_only/SAEDSLVT14_AN2_0P5 has Vth implant on layer 84 which does not correspond to any Vth implant layer defined in the technology file.  Advanced rule checking will not be performed for this library cell. (PLACE-007)
Error: Library cell EXPLORE_physical_only/SAEDSLVT14_AN2_0P75 has Vth implant on layer 84 which does not correspond to any Vth implant layer defined in the technology file.  Advanced rule checking will not be performed for this library cell. (PLACE-007)
Error: Library cell EXPLORE_physical_only/SAEDSLVT14_AN2_1 has Vth implant on layer 84 which does not correspond to any Vth implant layer defined in the technology file.  Advanced rule checking will not be performed for this library cell. (PLACE-007)
Error: Library cell EXPLORE_physical_only/SAEDSLVT14_AN2_2 has Vth implant on layer 84 which does not correspond to any Vth implant layer defined in the technology file.  Advanced rule checking will not be performed for this library cell. (PLACE-007)
Error: Library cell EXPLORE_physical_only/SAEDSLVT14_AN2_4 has Vth implant on layer 84 which does not correspond to any Vth implant layer defined in the technology file.  Advanced rule checking will not be performed for this library cell. (PLACE-007)
Error: Library cell EXPLORE_physical_only/SAEDSLVT14_AN2_8 has Vth implant on layer 84 which does not correspond to any Vth implant layer defined in the technology file.  Advanced rule checking will not be performed for this library cell. (PLACE-007)
Error: Library cell EXPLORE_physical_only/SAEDSLVT14_AN2_ECO_2 has Vth implant on layer 84 which does not correspond to any Vth implant layer defined in the technology file.  Advanced rule checking will not be performed for this library cell. (PLACE-007)
Error: Library cell EXPLORE_physical_only/SAEDSLVT14_AN2_ISO4_1 has Vth implant on layer 84 which does not correspond to any Vth implant layer defined in the technology file.  Advanced rule checking will not be performed for this library cell. (PLACE-007)
Error: Library cell EXPLORE_physical_only/SAEDSLVT14_AN2_ISO4_4 has Vth implant on layer 84 which does not correspond to any Vth implant layer defined in the technology file.  Advanced rule checking will not be performed for this library cell. (PLACE-007)
Error: Library cell EXPLORE_physical_only/SAEDSLVT14_AN2_ISO_1 has Vth implant on layer 84 which does not correspond to any Vth implant layer defined in the technology file.  Advanced rule checking will not be performed for this library cell. (PLACE-007)
Error: Library cell EXPLORE_physical_only/SAEDSLVT14_AN2_ISO_4 has Vth implant on layer 84 which does not correspond to any Vth implant layer defined in the technology file.  Advanced rule checking will not be performed for this library cell. (PLACE-007)
Error: Library cell EXPLORE_physical_only/SAEDSLVT14_AN2_MM_0P5 has Vth implant on layer 84 which does not correspond to any Vth implant layer defined in the technology file.  Advanced rule checking will not be performed for this library cell. (PLACE-007)
Error: Library cell EXPLORE_physical_only/SAEDSLVT14_AN2_MM_1 has Vth implant on layer 84 which does not correspond to any Vth implant layer defined in the technology file.  Advanced rule checking will not be performed for this library cell. (PLACE-007)
Error: Library cell EXPLORE_physical_only/SAEDSLVT14_AN2_MM_12 has Vth implant on layer 84 which does not correspond to any Vth implant layer defined in the technology file.  Advanced rule checking will not be performed for this library cell. (PLACE-007)
Error: Library cell EXPLORE_physical_only/SAEDSLVT14_AN2_MM_16 has Vth implant on layer 84 which does not correspond to any Vth implant layer defined in the technology file.  Advanced rule checking will not be performed for this library cell. (PLACE-007)
Error: Library cell EXPLORE_physical_only/SAEDSLVT14_AN2_MM_2 has Vth implant on layer 84 which does not correspond to any Vth implant layer defined in the technology file.  Advanced rule checking will not be performed for this library cell. (PLACE-007)
Error: Library cell EXPLORE_physical_only/SAEDSLVT14_AN2_MM_20 has Vth implant on layer 84 which does not correspond to any Vth implant layer defined in the technology file.  Advanced rule checking will not be performed for this library cell. (PLACE-007)
Error: Library cell EXPLORE_physical_only/SAEDSLVT14_AN2_MM_3 has Vth implant on layer 84 which does not correspond to any Vth implant layer defined in the technology file.  Advanced rule checking will not be performed for this library cell. (PLACE-007)
Error: Library cell EXPLORE_physical_only/SAEDSLVT14_AN2_MM_4 has Vth implant on layer 84 which does not correspond to any Vth implant layer defined in the technology file.  Advanced rule checking will not be performed for this library cell. (PLACE-007)
Error: Library cell EXPLORE_physical_only/SAEDSLVT14_AN2_MM_6 has Vth implant on layer 84 which does not correspond to any Vth implant layer defined in the technology file.  Advanced rule checking will not be performed for this library cell. (PLACE-007)
Error: Library cell EXPLORE_physical_only/SAEDSLVT14_AN2_MM_8 has Vth implant on layer 84 which does not correspond to any Vth implant layer defined in the technology file.  Advanced rule checking will not be performed for this library cell. (PLACE-007)
Error: Library cell EXPLORE_physical_only/SAEDSLVT14_AN3_0P5 has Vth implant on layer 84 which does not correspond to any Vth implant layer defined in the technology file.  Advanced rule checking will not be performed for this library cell. (PLACE-007)
Error: Library cell EXPLORE_physical_only/SAEDSLVT14_AN3_0P75 has Vth implant on layer 84 which does not correspond to any Vth implant layer defined in the technology file.  Advanced rule checking will not be performed for this library cell. (PLACE-007)
Error: Library cell EXPLORE_physical_only/SAEDSLVT14_AN3_1 has Vth implant on layer 84 which does not correspond to any Vth implant layer defined in the technology file.  Advanced rule checking will not be performed for this library cell. (PLACE-007)
Error: Library cell EXPLORE_physical_only/SAEDSLVT14_AN3_2 has Vth implant on layer 84 which does not correspond to any Vth implant layer defined in the technology file.  Advanced rule checking will not be performed for this library cell. (PLACE-007)
Error: Library cell EXPLORE_physical_only/SAEDSLVT14_AN3_4 has Vth implant on layer 84 which does not correspond to any Vth implant layer defined in the technology file.  Advanced rule checking will not be performed for this library cell. (PLACE-007)
Error: Library cell EXPLORE_physical_only/SAEDSLVT14_AN3_8 has Vth implant on layer 84 which does not correspond to any Vth implant layer defined in the technology file.  Advanced rule checking will not be performed for this library cell. (PLACE-007)
Error: Library cell EXPLORE_physical_only/SAEDSLVT14_AN3_ECO_1 has Vth implant on layer 84 which does not correspond to any Vth implant layer defined in the technology file.  Advanced rule checking will not be performed for this library cell. (PLACE-007)
Error: Library cell EXPLORE_physical_only/SAEDSLVT14_AN4_0P5 has Vth implant on layer 84 which does not correspond to any Vth implant layer defined in the technology file.  Advanced rule checking will not be performed for this library cell. (PLACE-007)
Error: Library cell EXPLORE_physical_only/SAEDSLVT14_AN4_0P75 has Vth implant on layer 84 which does not correspond to any Vth implant layer defined in the technology file.  Advanced rule checking will not be performed for this library cell. (PLACE-007)
Error: Library cell EXPLORE_physical_only/SAEDSLVT14_AN4_1 has Vth implant on layer 84 which does not correspond to any Vth implant layer defined in the technology file.  Advanced rule checking will not be performed for this library cell. (PLACE-007)
Error: Library cell EXPLORE_physical_only/SAEDSLVT14_AN4_2 has Vth implant on layer 84 which does not correspond to any Vth implant layer defined in the technology file.  Advanced rule checking will not be performed for this library cell. (PLACE-007)
Error: Library cell EXPLORE_physical_only/SAEDSLVT14_AN4_4 has Vth implant on layer 84 which does not correspond to any Vth implant layer defined in the technology file.  Advanced rule checking will not be performed for this library cell. (PLACE-007)
Error: Library cell EXPLORE_physical_only/SAEDSLVT14_AN4_8 has Vth implant on layer 84 which does not correspond to any Vth implant layer defined in the technology file.  Advanced rule checking will not be performed for this library cell. (PLACE-007)
Error: Library cell EXPLORE_physical_only/SAEDSLVT14_AN4_ECO_2 has Vth implant on layer 84 which does not correspond to any Vth implant layer defined in the technology file.  Advanced rule checking will not be performed for this library cell. (PLACE-007)
Error: Library cell EXPLORE_physical_only/SAEDSLVT14_AO211_1 has Vth implant on layer 84 which does not correspond to any Vth implant layer defined in the technology file.  Advanced rule checking will not be performed for this library cell. (PLACE-007)
Error: Library cell EXPLORE_physical_only/SAEDSLVT14_AO211_2 has Vth implant on layer 84 which does not correspond to any Vth implant layer defined in the technology file.  Advanced rule checking will not be performed for this library cell. (PLACE-007)
Error: Library cell EXPLORE_physical_only/SAEDSLVT14_AO211_4 has Vth implant on layer 84 which does not correspond to any Vth implant layer defined in the technology file.  Advanced rule checking will not be performed for this library cell. (PLACE-007)
Error: Library cell EXPLORE_physical_only/SAEDSLVT14_AO211_U_0P5 has Vth implant on layer 84 which does not correspond to any Vth implant layer defined in the technology file.  Advanced rule checking will not be performed for this library cell. (PLACE-007)
Error: Library cell EXPLORE_physical_only/SAEDSLVT14_AO21B_0P5 has Vth implant on layer 84 which does not correspond to any Vth implant layer defined in the technology file.  Advanced rule checking will not be performed for this library cell. (PLACE-007)
Error: Library cell EXPLORE_physical_only/SAEDSLVT14_AO21B_1 has Vth implant on layer 84 which does not correspond to any Vth implant layer defined in the technology file.  Advanced rule checking will not be performed for this library cell. (PLACE-007)
Error: Library cell EXPLORE_physical_only/SAEDSLVT14_AO21B_2 has Vth implant on layer 84 which does not correspond to any Vth implant layer defined in the technology file.  Advanced rule checking will not be performed for this library cell. (PLACE-007)
Error: Library cell EXPLORE_physical_only/SAEDSLVT14_AO21B_4 has Vth implant on layer 84 which does not correspond to any Vth implant layer defined in the technology file.  Advanced rule checking will not be performed for this library cell. (PLACE-007)
Error: Library cell EXPLORE_physical_only/SAEDSLVT14_AO21_1 has Vth implant on layer 84 which does not correspond to any Vth implant layer defined in the technology file.  Advanced rule checking will not be performed for this library cell. (PLACE-007)
Error: Library cell EXPLORE_physical_only/SAEDSLVT14_AO21_2 has Vth implant on layer 84 which does not correspond to any Vth implant layer defined in the technology file.  Advanced rule checking will not be performed for this library cell. (PLACE-007)
Error: Library cell EXPLORE_physical_only/SAEDSLVT14_AO21_4 has Vth implant on layer 84 which does not correspond to any Vth implant layer defined in the technology file.  Advanced rule checking will not be performed for this library cell. (PLACE-007)
Error: Library cell EXPLORE_physical_only/SAEDSLVT14_AO21_ECO_1 has Vth implant on layer 84 which does not correspond to any Vth implant layer defined in the technology file.  Advanced rule checking will not be performed for this library cell. (PLACE-007)
Error: Library cell EXPLORE_physical_only/SAEDSLVT14_AO21_U_0P5 has Vth implant on layer 84 which does not correspond to any Vth implant layer defined in the technology file.  Advanced rule checking will not be performed for this library cell. (PLACE-007)
Error: Library cell EXPLORE_physical_only/SAEDSLVT14_AO221_0P5 has Vth implant on layer 84 which does not correspond to any Vth implant layer defined in the technology file.  Advanced rule checking will not be performed for this library cell. (PLACE-007)
Error: Library cell EXPLORE_physical_only/SAEDSLVT14_AO221_1 has Vth implant on layer 84 which does not correspond to any Vth implant layer defined in the technology file.  Advanced rule checking will not be performed for this library cell. (PLACE-007)
Error: Library cell EXPLORE_physical_only/SAEDSLVT14_AO221_2 has Vth implant on layer 84 which does not correspond to any Vth implant layer defined in the technology file.  Advanced rule checking will not be performed for this library cell. (PLACE-007)
Error: Library cell EXPLORE_physical_only/SAEDSLVT14_AO221_4 has Vth implant on layer 84 which does not correspond to any Vth implant layer defined in the technology file.  Advanced rule checking will not be performed for this library cell. (PLACE-007)
Error: Library cell EXPLORE_physical_only/SAEDSLVT14_AO222_1 has Vth implant on layer 84 which does not correspond to any Vth implant layer defined in the technology file.  Advanced rule checking will not be performed for this library cell. (PLACE-007)
Error: Library cell EXPLORE_physical_only/SAEDSLVT14_AO222_2 has Vth implant on layer 84 which does not correspond to any Vth implant layer defined in the technology file.  Advanced rule checking will not be performed for this library cell. (PLACE-007)
Error: Library cell EXPLORE_physical_only/SAEDSLVT14_AO222_4 has Vth implant on layer 84 which does not correspond to any Vth implant layer defined in the technology file.  Advanced rule checking will not be performed for this library cell. (PLACE-007)
Error: Library cell EXPLORE_physical_only/SAEDSLVT14_AO222_U_0P5 has Vth implant on layer 84 which does not correspond to any Vth implant layer defined in the technology file.  Advanced rule checking will not be performed for this library cell. (PLACE-007)
Error: Library cell EXPLORE_physical_only/SAEDSLVT14_AO22_0P5 has Vth implant on layer 84 which does not correspond to any Vth implant layer defined in the technology file.  Advanced rule checking will not be performed for this library cell. (PLACE-007)
Error: Library cell EXPLORE_physical_only/SAEDSLVT14_AO22_0P75 has Vth implant on layer 84 which does not correspond to any Vth implant layer defined in the technology file.  Advanced rule checking will not be performed for this library cell. (PLACE-007)
Error: Library cell EXPLORE_physical_only/SAEDSLVT14_AO22_1 has Vth implant on layer 84 which does not correspond to any Vth implant layer defined in the technology file.  Advanced rule checking will not be performed for this library cell. (PLACE-007)
Error: Library cell EXPLORE_physical_only/SAEDSLVT14_AO22_2 has Vth implant on layer 84 which does not correspond to any Vth implant layer defined in the technology file.  Advanced rule checking will not be performed for this library cell. (PLACE-007)
Error: Library cell EXPLORE_physical_only/SAEDSLVT14_AO22_4 has Vth implant on layer 84 which does not correspond to any Vth implant layer defined in the technology file.  Advanced rule checking will not be performed for this library cell. (PLACE-007)
Error: Library cell EXPLORE_physical_only/SAEDSLVT14_AO2BB2_0P5 has Vth implant on layer 84 which does not correspond to any Vth implant layer defined in the technology file.  Advanced rule checking will not be performed for this library cell. (PLACE-007)
Error: Library cell EXPLORE_physical_only/SAEDSLVT14_AO2BB2_1 has Vth implant on layer 84 which does not correspond to any Vth implant layer defined in the technology file.  Advanced rule checking will not be performed for this library cell. (PLACE-007)
Error: Library cell EXPLORE_physical_only/SAEDSLVT14_AO2BB2_2 has Vth implant on layer 84 which does not correspond to any Vth implant layer defined in the technology file.  Advanced rule checking will not be performed for this library cell. (PLACE-007)
Error: Library cell EXPLORE_physical_only/SAEDSLVT14_AO2BB2_4 has Vth implant on layer 84 which does not correspond to any Vth implant layer defined in the technology file.  Advanced rule checking will not be performed for this library cell. (PLACE-007)
Error: Library cell EXPLORE_physical_only/SAEDSLVT14_AO2BB2_V1_0P5 has Vth implant on layer 84 which does not correspond to any Vth implant layer defined in the technology file.  Advanced rule checking will not be performed for this library cell. (PLACE-007)
Error: Library cell EXPLORE_physical_only/SAEDSLVT14_AO2BB2_V1_0P75 has Vth implant on layer 84 which does not correspond to any Vth implant layer defined in the technology file.  Advanced rule checking will not be performed for this library cell. (PLACE-007)
Error: Library cell EXPLORE_physical_only/SAEDSLVT14_AO2BB2_V1_1 has Vth implant on layer 84 which does not correspond to any Vth implant layer defined in the technology file.  Advanced rule checking will not be performed for this library cell. (PLACE-007)
Error: Library cell EXPLORE_physical_only/SAEDSLVT14_AO2BB2_V1_2 has Vth implant on layer 84 which does not correspond to any Vth implant layer defined in the technology file.  Advanced rule checking will not be performed for this library cell. (PLACE-007)
Error: Library cell EXPLORE_physical_only/SAEDSLVT14_AO2BB2_V1_4 has Vth implant on layer 84 which does not correspond to any Vth implant layer defined in the technology file.  Advanced rule checking will not be performed for this library cell. (PLACE-007)
Error: Library cell EXPLORE_physical_only/SAEDSLVT14_AO31_1 has Vth implant on layer 84 which does not correspond to any Vth implant layer defined in the technology file.  Advanced rule checking will not be performed for this library cell. (PLACE-007)
Error: Library cell EXPLORE_physical_only/SAEDSLVT14_AO31_2 has Vth implant on layer 84 which does not correspond to any Vth implant layer defined in the technology file.  Advanced rule checking will not be performed for this library cell. (PLACE-007)
Error: Library cell EXPLORE_physical_only/SAEDSLVT14_AO31_4 has Vth implant on layer 84 which does not correspond to any Vth implant layer defined in the technology file.  Advanced rule checking will not be performed for this library cell. (PLACE-007)
Error: Library cell EXPLORE_physical_only/SAEDSLVT14_AO31_U_0P5 has Vth implant on layer 84 which does not correspond to any Vth implant layer defined in the technology file.  Advanced rule checking will not be performed for this library cell. (PLACE-007)
Error: Library cell EXPLORE_physical_only/SAEDSLVT14_AO32_1 has Vth implant on layer 84 which does not correspond to any Vth implant layer defined in the technology file.  Advanced rule checking will not be performed for this library cell. (PLACE-007)
Error: Library cell EXPLORE_physical_only/SAEDSLVT14_AO32_2 has Vth implant on layer 84 which does not correspond to any Vth implant layer defined in the technology file.  Advanced rule checking will not be performed for this library cell. (PLACE-007)
Error: Library cell EXPLORE_physical_only/SAEDSLVT14_AO32_4 has Vth implant on layer 84 which does not correspond to any Vth implant layer defined in the technology file.  Advanced rule checking will not be performed for this library cell. (PLACE-007)
Error: Library cell EXPLORE_physical_only/SAEDSLVT14_AO32_U_0P5 has Vth implant on layer 84 which does not correspond to any Vth implant layer defined in the technology file.  Advanced rule checking will not be performed for this library cell. (PLACE-007)
Error: Library cell EXPLORE_physical_only/SAEDSLVT14_AO33_1 has Vth implant on layer 84 which does not correspond to any Vth implant layer defined in the technology file.  Advanced rule checking will not be performed for this library cell. (PLACE-007)
Error: Library cell EXPLORE_physical_only/SAEDSLVT14_AO33_2 has Vth implant on layer 84 which does not correspond to any Vth implant layer defined in the technology file.  Advanced rule checking will not be performed for this library cell. (PLACE-007)
Error: Library cell EXPLORE_physical_only/SAEDSLVT14_AO33_4 has Vth implant on layer 84 which does not correspond to any Vth implant layer defined in the technology file.  Advanced rule checking will not be performed for this library cell. (PLACE-007)
Error: Library cell EXPLORE_physical_only/SAEDSLVT14_AO33_U_0P5 has Vth implant on layer 84 which does not correspond to any Vth implant layer defined in the technology file.  Advanced rule checking will not be performed for this library cell. (PLACE-007)
Error: Library cell EXPLORE_physical_only/SAEDSLVT14_AOBUF_IW_0P75 has Vth implant on layer 84 which does not correspond to any Vth implant layer defined in the technology file.  Advanced rule checking will not be performed for this library cell. (PLACE-007)
Error: Library cell EXPLORE_physical_only/SAEDSLVT14_AOBUF_IW_1P5 has Vth implant on layer 84 which does not correspond to any Vth implant layer defined in the technology file.  Advanced rule checking will not be performed for this library cell. (PLACE-007)
Error: Library cell EXPLORE_physical_only/SAEDSLVT14_AOBUF_IW_3 has Vth implant on layer 84 which does not correspond to any Vth implant layer defined in the technology file.  Advanced rule checking will not be performed for this library cell. (PLACE-007)
Error: Library cell EXPLORE_physical_only/SAEDSLVT14_AOBUF_IW_6 has Vth implant on layer 84 which does not correspond to any Vth implant layer defined in the technology file.  Advanced rule checking will not be performed for this library cell. (PLACE-007)
Error: Library cell EXPLORE_physical_only/SAEDSLVT14_AOI211_0P5 has Vth implant on layer 84 which does not correspond to any Vth implant layer defined in the technology file.  Advanced rule checking will not be performed for this library cell. (PLACE-007)
Error: Library cell EXPLORE_physical_only/SAEDSLVT14_AOI211_1 has Vth implant on layer 84 which does not correspond to any Vth implant layer defined in the technology file.  Advanced rule checking will not be performed for this library cell. (PLACE-007)
Error: Library cell EXPLORE_physical_only/SAEDSLVT14_AOI211_2 has Vth implant on layer 84 which does not correspond to any Vth implant layer defined in the technology file.  Advanced rule checking will not be performed for this library cell. (PLACE-007)
Error: Library cell EXPLORE_physical_only/SAEDSLVT14_AOI211_4 has Vth implant on layer 84 which does not correspond to any Vth implant layer defined in the technology file.  Advanced rule checking will not be performed for this library cell. (PLACE-007)
Error: Library cell EXPLORE_physical_only/SAEDSLVT14_AOI21_0P5 has Vth implant on layer 84 which does not correspond to any Vth implant layer defined in the technology file.  Advanced rule checking will not be performed for this library cell. (PLACE-007)
Error: Library cell EXPLORE_physical_only/SAEDSLVT14_AOI21_0P75 has Vth implant on layer 84 which does not correspond to any Vth implant layer defined in the technology file.  Advanced rule checking will not be performed for this library cell. (PLACE-007)
Error: Library cell EXPLORE_physical_only/SAEDSLVT14_AOI21_1 has Vth implant on layer 84 which does not correspond to any Vth implant layer defined in the technology file.  Advanced rule checking will not be performed for this library cell. (PLACE-007)
Error: Library cell EXPLORE_physical_only/SAEDSLVT14_AOI21_1P5 has Vth implant on layer 84 which does not correspond to any Vth implant layer defined in the technology file.  Advanced rule checking will not be performed for this library cell. (PLACE-007)
Error: Library cell EXPLORE_physical_only/SAEDSLVT14_AOI21_2 has Vth implant on layer 84 which does not correspond to any Vth implant layer defined in the technology file.  Advanced rule checking will not be performed for this library cell. (PLACE-007)
Error: Library cell EXPLORE_physical_only/SAEDSLVT14_AOI21_3 has Vth implant on layer 84 which does not correspond to any Vth implant layer defined in the technology file.  Advanced rule checking will not be performed for this library cell. (PLACE-007)
Error: Library cell EXPLORE_physical_only/SAEDSLVT14_AOI21_4 has Vth implant on layer 84 which does not correspond to any Vth implant layer defined in the technology file.  Advanced rule checking will not be performed for this library cell. (PLACE-007)
Error: Library cell EXPLORE_physical_only/SAEDSLVT14_AOI21_6 has Vth implant on layer 84 which does not correspond to any Vth implant layer defined in the technology file.  Advanced rule checking will not be performed for this library cell. (PLACE-007)
Error: Library cell EXPLORE_physical_only/SAEDSLVT14_AOI21_8 has Vth implant on layer 84 which does not correspond to any Vth implant layer defined in the technology file.  Advanced rule checking will not be performed for this library cell. (PLACE-007)
Error: Library cell EXPLORE_physical_only/SAEDSLVT14_AOI21_ECO_1 has Vth implant on layer 84 which does not correspond to any Vth implant layer defined in the technology file.  Advanced rule checking will not be performed for this library cell. (PLACE-007)
Error: Library cell EXPLORE_physical_only/SAEDSLVT14_AOI21_V1_4 has Vth implant on layer 84 which does not correspond to any Vth implant layer defined in the technology file.  Advanced rule checking will not be performed for this library cell. (PLACE-007)
Error: Library cell EXPLORE_physical_only/SAEDSLVT14_AOI21_V1_6 has Vth implant on layer 84 which does not correspond to any Vth implant layer defined in the technology file.  Advanced rule checking will not be performed for this library cell. (PLACE-007)
Error: Library cell EXPLORE_physical_only/SAEDSLVT14_AOI21_V1_8 has Vth implant on layer 84 which does not correspond to any Vth implant layer defined in the technology file.  Advanced rule checking will not be performed for this library cell. (PLACE-007)
Error: Library cell EXPLORE_physical_only/SAEDSLVT14_AOI221_0P5 has Vth implant on layer 84 which does not correspond to any Vth implant layer defined in the technology file.  Advanced rule checking will not be performed for this library cell. (PLACE-007)
Error: Library cell EXPLORE_physical_only/SAEDSLVT14_AOI221_1 has Vth implant on layer 84 which does not correspond to any Vth implant layer defined in the technology file.  Advanced rule checking will not be performed for this library cell. (PLACE-007)
Error: Library cell EXPLORE_physical_only/SAEDSLVT14_AOI221_2 has Vth implant on layer 84 which does not correspond to any Vth implant layer defined in the technology file.  Advanced rule checking will not be performed for this library cell. (PLACE-007)
Error: Library cell EXPLORE_physical_only/SAEDSLVT14_AOI221_4 has Vth implant on layer 84 which does not correspond to any Vth implant layer defined in the technology file.  Advanced rule checking will not be performed for this library cell. (PLACE-007)
Error: Library cell EXPLORE_physical_only/SAEDSLVT14_AOI222_0P5 has Vth implant on layer 84 which does not correspond to any Vth implant layer defined in the technology file.  Advanced rule checking will not be performed for this library cell. (PLACE-007)
Error: Library cell EXPLORE_physical_only/SAEDSLVT14_AOI222_1 has Vth implant on layer 84 which does not correspond to any Vth implant layer defined in the technology file.  Advanced rule checking will not be performed for this library cell. (PLACE-007)
Error: Library cell EXPLORE_physical_only/SAEDSLVT14_AOI222_2 has Vth implant on layer 84 which does not correspond to any Vth implant layer defined in the technology file.  Advanced rule checking will not be performed for this library cell. (PLACE-007)
Error: Library cell EXPLORE_physical_only/SAEDSLVT14_AOI222_4 has Vth implant on layer 84 which does not correspond to any Vth implant layer defined in the technology file.  Advanced rule checking will not be performed for this library cell. (PLACE-007)
Error: Library cell EXPLORE_physical_only/SAEDSLVT14_AOI22_0P5 has Vth implant on layer 84 which does not correspond to any Vth implant layer defined in the technology file.  Advanced rule checking will not be performed for this library cell. (PLACE-007)
Error: Library cell EXPLORE_physical_only/SAEDSLVT14_AOI22_0P75 has Vth implant on layer 84 which does not correspond to any Vth implant layer defined in the technology file.  Advanced rule checking will not be performed for this library cell. (PLACE-007)
Error: Library cell EXPLORE_physical_only/SAEDSLVT14_AOI22_1 has Vth implant on layer 84 which does not correspond to any Vth implant layer defined in the technology file.  Advanced rule checking will not be performed for this library cell. (PLACE-007)
Error: Library cell EXPLORE_physical_only/SAEDSLVT14_AOI22_1P5 has Vth implant on layer 84 which does not correspond to any Vth implant layer defined in the technology file.  Advanced rule checking will not be performed for this library cell. (PLACE-007)
Error: Library cell EXPLORE_physical_only/SAEDSLVT14_AOI22_2 has Vth implant on layer 84 which does not correspond to any Vth implant layer defined in the technology file.  Advanced rule checking will not be performed for this library cell. (PLACE-007)
Error: Library cell EXPLORE_physical_only/SAEDSLVT14_AOI22_3 has Vth implant on layer 84 which does not correspond to any Vth implant layer defined in the technology file.  Advanced rule checking will not be performed for this library cell. (PLACE-007)
Error: Library cell EXPLORE_physical_only/SAEDSLVT14_AOI22_4 has Vth implant on layer 84 which does not correspond to any Vth implant layer defined in the technology file.  Advanced rule checking will not be performed for this library cell. (PLACE-007)
Error: Library cell EXPLORE_physical_only/SAEDSLVT14_AOI22_6 has Vth implant on layer 84 which does not correspond to any Vth implant layer defined in the technology file.  Advanced rule checking will not be performed for this library cell. (PLACE-007)
Error: Library cell EXPLORE_physical_only/SAEDSLVT14_AOI22_ECO_1 has Vth implant on layer 84 which does not correspond to any Vth implant layer defined in the technology file.  Advanced rule checking will not be performed for this library cell. (PLACE-007)
Error: Library cell EXPLORE_physical_only/SAEDSLVT14_AOI311_0P5 has Vth implant on layer 84 which does not correspond to any Vth implant layer defined in the technology file.  Advanced rule checking will not be performed for this library cell. (PLACE-007)
Error: Library cell EXPLORE_physical_only/SAEDSLVT14_AOI311_0P75 has Vth implant on layer 84 which does not correspond to any Vth implant layer defined in the technology file.  Advanced rule checking will not be performed for this library cell. (PLACE-007)
Error: Library cell EXPLORE_physical_only/SAEDSLVT14_AOI311_1 has Vth implant on layer 84 which does not correspond to any Vth implant layer defined in the technology file.  Advanced rule checking will not be performed for this library cell. (PLACE-007)
Error: Library cell EXPLORE_physical_only/SAEDSLVT14_AOI311_2 has Vth implant on layer 84 which does not correspond to any Vth implant layer defined in the technology file.  Advanced rule checking will not be performed for this library cell. (PLACE-007)
Error: Library cell EXPLORE_physical_only/SAEDSLVT14_AOI311_4 has Vth implant on layer 84 which does not correspond to any Vth implant layer defined in the technology file.  Advanced rule checking will not be performed for this library cell. (PLACE-007)
Error: Library cell EXPLORE_physical_only/SAEDSLVT14_AOI31_0P5 has Vth implant on layer 84 which does not correspond to any Vth implant layer defined in the technology file.  Advanced rule checking will not be performed for this library cell. (PLACE-007)
Error: Library cell EXPLORE_physical_only/SAEDSLVT14_AOI31_0P75 has Vth implant on layer 84 which does not correspond to any Vth implant layer defined in the technology file.  Advanced rule checking will not be performed for this library cell. (PLACE-007)
Error: Library cell EXPLORE_physical_only/SAEDSLVT14_AOI31_1 has Vth implant on layer 84 which does not correspond to any Vth implant layer defined in the technology file.  Advanced rule checking will not be performed for this library cell. (PLACE-007)
Error: Library cell EXPLORE_physical_only/SAEDSLVT14_AOI31_2 has Vth implant on layer 84 which does not correspond to any Vth implant layer defined in the technology file.  Advanced rule checking will not be performed for this library cell. (PLACE-007)
Error: Library cell EXPLORE_physical_only/SAEDSLVT14_AOI31_4 has Vth implant on layer 84 which does not correspond to any Vth implant layer defined in the technology file.  Advanced rule checking will not be performed for this library cell. (PLACE-007)
Error: Library cell EXPLORE_physical_only/SAEDSLVT14_AOI31_ECO_1 has Vth implant on layer 84 which does not correspond to any Vth implant layer defined in the technology file.  Advanced rule checking will not be performed for this library cell. (PLACE-007)
Error: Library cell EXPLORE_physical_only/SAEDSLVT14_AOI32_0P5 has Vth implant on layer 84 which does not correspond to any Vth implant layer defined in the technology file.  Advanced rule checking will not be performed for this library cell. (PLACE-007)
Error: Library cell EXPLORE_physical_only/SAEDSLVT14_AOI32_0P75 has Vth implant on layer 84 which does not correspond to any Vth implant layer defined in the technology file.  Advanced rule checking will not be performed for this library cell. (PLACE-007)
Error: Library cell EXPLORE_physical_only/SAEDSLVT14_AOI32_1 has Vth implant on layer 84 which does not correspond to any Vth implant layer defined in the technology file.  Advanced rule checking will not be performed for this library cell. (PLACE-007)
Error: Library cell EXPLORE_physical_only/SAEDSLVT14_AOI32_2 has Vth implant on layer 84 which does not correspond to any Vth implant layer defined in the technology file.  Advanced rule checking will not be performed for this library cell. (PLACE-007)
Error: Library cell EXPLORE_physical_only/SAEDSLVT14_AOI32_4 has Vth implant on layer 84 which does not correspond to any Vth implant layer defined in the technology file.  Advanced rule checking will not be performed for this library cell. (PLACE-007)
Error: Library cell EXPLORE_physical_only/SAEDSLVT14_AOI33_0P5 has Vth implant on layer 84 which does not correspond to any Vth implant layer defined in the technology file.  Advanced rule checking will not be performed for this library cell. (PLACE-007)
Error: Library cell EXPLORE_physical_only/SAEDSLVT14_AOI33_0P75 has Vth implant on layer 84 which does not correspond to any Vth implant layer defined in the technology file.  Advanced rule checking will not be performed for this library cell. (PLACE-007)
Error: Library cell EXPLORE_physical_only/SAEDSLVT14_AOI33_1 has Vth implant on layer 84 which does not correspond to any Vth implant layer defined in the technology file.  Advanced rule checking will not be performed for this library cell. (PLACE-007)
Error: Library cell EXPLORE_physical_only/SAEDSLVT14_AOI33_2 has Vth implant on layer 84 which does not correspond to any Vth implant layer defined in the technology file.  Advanced rule checking will not be performed for this library cell. (PLACE-007)
Error: Library cell EXPLORE_physical_only/SAEDSLVT14_AOI33_4 has Vth implant on layer 84 which does not correspond to any Vth implant layer defined in the technology file.  Advanced rule checking will not be performed for this library cell. (PLACE-007)
Error: Library cell EXPLORE_physical_only/SAEDSLVT14_AOINV_IW_0P5 has Vth implant on layer 84 which does not correspond to any Vth implant layer defined in the technology file.  Advanced rule checking will not be performed for this library cell. (PLACE-007)
Error: Library cell EXPLORE_physical_only/SAEDSLVT14_AOINV_IW_1 has Vth implant on layer 84 which does not correspond to any Vth implant layer defined in the technology file.  Advanced rule checking will not be performed for this library cell. (PLACE-007)
Error: Library cell EXPLORE_physical_only/SAEDSLVT14_AOINV_IW_2 has Vth implant on layer 84 which does not correspond to any Vth implant layer defined in the technology file.  Advanced rule checking will not be performed for this library cell. (PLACE-007)
Error: Library cell EXPLORE_physical_only/SAEDSLVT14_AOINV_IW_4 has Vth implant on layer 84 which does not correspond to any Vth implant layer defined in the technology file.  Advanced rule checking will not be performed for this library cell. (PLACE-007)
Error: Library cell EXPLORE_physical_only/SAEDSLVT14_AOINV_IW_6 has Vth implant on layer 84 which does not correspond to any Vth implant layer defined in the technology file.  Advanced rule checking will not be performed for this library cell. (PLACE-007)
Error: Library cell EXPLORE_physical_only/SAEDSLVT14_AOLVLUBUFE0_IY2V1_1 has Vth implant on layer 84 which does not correspond to any Vth implant layer defined in the technology file.  Advanced rule checking will not be performed for this library cell. (PLACE-007)
Error: Library cell EXPLORE_physical_only/SAEDSLVT14_AOLVLUBUFE0_IY2V1_10 has Vth implant on layer 84 which does not correspond to any Vth implant layer defined in the technology file.  Advanced rule checking will not be performed for this library cell. (PLACE-007)
Error: Library cell EXPLORE_physical_only/SAEDSLVT14_AOLVLUBUFE0_IY2V1_12 has Vth implant on layer 84 which does not correspond to any Vth implant layer defined in the technology file.  Advanced rule checking will not be performed for this library cell. (PLACE-007)
Error: Library cell EXPLORE_physical_only/SAEDSLVT14_AOLVLUBUFE0_IY2V1_2 has Vth implant on layer 84 which does not correspond to any Vth implant layer defined in the technology file.  Advanced rule checking will not be performed for this library cell. (PLACE-007)
Error: Library cell EXPLORE_physical_only/SAEDSLVT14_AOLVLUBUFE0_IY2V1_3 has Vth implant on layer 84 which does not correspond to any Vth implant layer defined in the technology file.  Advanced rule checking will not be performed for this library cell. (PLACE-007)
Error: Library cell EXPLORE_physical_only/SAEDSLVT14_AOLVLUBUFE0_IY2V1_4 has Vth implant on layer 84 which does not correspond to any Vth implant layer defined in the technology file.  Advanced rule checking will not be performed for this library cell. (PLACE-007)
Error: Library cell EXPLORE_physical_only/SAEDSLVT14_AOLVLUBUFE0_IY2V1_6 has Vth implant on layer 84 which does not correspond to any Vth implant layer defined in the technology file.  Advanced rule checking will not be performed for this library cell. (PLACE-007)
Error: Library cell EXPLORE_physical_only/SAEDSLVT14_AOLVLUBUFE0_IY2V1_8 has Vth implant on layer 84 which does not correspond to any Vth implant layer defined in the technology file.  Advanced rule checking will not be performed for this library cell. (PLACE-007)
Error: Library cell EXPLORE_physical_only/SAEDSLVT14_AOLVLUBUFE1_IY2V1_1 has Vth implant on layer 84 which does not correspond to any Vth implant layer defined in the technology file.  Advanced rule checking will not be performed for this library cell. (PLACE-007)
Error: Library cell EXPLORE_physical_only/SAEDSLVT14_AOLVLUBUFE1_IY2V1_10 has Vth implant on layer 84 which does not correspond to any Vth implant layer defined in the technology file.  Advanced rule checking will not be performed for this library cell. (PLACE-007)
Error: Library cell EXPLORE_physical_only/SAEDSLVT14_AOLVLUBUFE1_IY2V1_12 has Vth implant on layer 84 which does not correspond to any Vth implant layer defined in the technology file.  Advanced rule checking will not be performed for this library cell. (PLACE-007)
Error: Library cell EXPLORE_physical_only/SAEDSLVT14_AOLVLUBUFE1_IY2V1_2 has Vth implant on layer 84 which does not correspond to any Vth implant layer defined in the technology file.  Advanced rule checking will not be performed for this library cell. (PLACE-007)
Error: Library cell EXPLORE_physical_only/SAEDSLVT14_AOLVLUBUFE1_IY2V1_3 has Vth implant on layer 84 which does not correspond to any Vth implant layer defined in the technology file.  Advanced rule checking will not be performed for this library cell. (PLACE-007)
Error: Library cell EXPLORE_physical_only/SAEDSLVT14_AOLVLUBUFE1_IY2V1_4 has Vth implant on layer 84 which does not correspond to any Vth implant layer defined in the technology file.  Advanced rule checking will not be performed for this library cell. (PLACE-007)
Error: Library cell EXPLORE_physical_only/SAEDSLVT14_AOLVLUBUFE1_IY2V1_6 has Vth implant on layer 84 which does not correspond to any Vth implant layer defined in the technology file.  Advanced rule checking will not be performed for this library cell. (PLACE-007)
Error: Library cell EXPLORE_physical_only/SAEDSLVT14_AOLVLUBUFE1_IY2V1_8 has Vth implant on layer 84 which does not correspond to any Vth implant layer defined in the technology file.  Advanced rule checking will not be performed for this library cell. (PLACE-007)
Error: Library cell EXPLORE_physical_only/SAEDSLVT14_AOLVLUBUF_IY2V1_1 has Vth implant on layer 84 which does not correspond to any Vth implant layer defined in the technology file.  Advanced rule checking will not be performed for this library cell. (PLACE-007)
Error: Library cell EXPLORE_physical_only/SAEDSLVT14_AOLVLUBUF_IY2V1_10 has Vth implant on layer 84 which does not correspond to any Vth implant layer defined in the technology file.  Advanced rule checking will not be performed for this library cell. (PLACE-007)
Error: Library cell EXPLORE_physical_only/SAEDSLVT14_AOLVLUBUF_IY2V1_12 has Vth implant on layer 84 which does not correspond to any Vth implant layer defined in the technology file.  Advanced rule checking will not be performed for this library cell. (PLACE-007)
Error: Library cell EXPLORE_physical_only/SAEDSLVT14_AOLVLUBUF_IY2V1_2 has Vth implant on layer 84 which does not correspond to any Vth implant layer defined in the technology file.  Advanced rule checking will not be performed for this library cell. (PLACE-007)
Error: Library cell EXPLORE_physical_only/SAEDSLVT14_AOLVLUBUF_IY2V1_3 has Vth implant on layer 84 which does not correspond to any Vth implant layer defined in the technology file.  Advanced rule checking will not be performed for this library cell. (PLACE-007)
Error: Library cell EXPLORE_physical_only/SAEDSLVT14_AOLVLUBUF_IY2V1_4 has Vth implant on layer 84 which does not correspond to any Vth implant layer defined in the technology file.  Advanced rule checking will not be performed for this library cell. (PLACE-007)
Error: Library cell EXPLORE_physical_only/SAEDSLVT14_AOLVLUBUF_IY2V1_6 has Vth implant on layer 84 which does not correspond to any Vth implant layer defined in the technology file.  Advanced rule checking will not be performed for this library cell. (PLACE-007)
Error: Library cell EXPLORE_physical_only/SAEDSLVT14_AOLVLUBUF_IY2V1_8 has Vth implant on layer 84 which does not correspond to any Vth implant layer defined in the technology file.  Advanced rule checking will not be performed for this library cell. (PLACE-007)
Error: Library cell EXPLORE_physical_only/SAEDSLVT14_BUF_1 has Vth implant on layer 84 which does not correspond to any Vth implant layer defined in the technology file.  Advanced rule checking will not be performed for this library cell. (PLACE-007)
Error: Library cell EXPLORE_physical_only/SAEDSLVT14_BUF_10 has Vth implant on layer 84 which does not correspond to any Vth implant layer defined in the technology file.  Advanced rule checking will not be performed for this library cell. (PLACE-007)
Error: Library cell EXPLORE_physical_only/SAEDSLVT14_BUF_12 has Vth implant on layer 84 which does not correspond to any Vth implant layer defined in the technology file.  Advanced rule checking will not be performed for this library cell. (PLACE-007)
Error: Library cell EXPLORE_physical_only/SAEDSLVT14_BUF_16 has Vth implant on layer 84 which does not correspond to any Vth implant layer defined in the technology file.  Advanced rule checking will not be performed for this library cell. (PLACE-007)
Error: Library cell EXPLORE_physical_only/SAEDSLVT14_BUF_1P5 has Vth implant on layer 84 which does not correspond to any Vth implant layer defined in the technology file.  Advanced rule checking will not be performed for this library cell. (PLACE-007)
Error: Library cell EXPLORE_physical_only/SAEDSLVT14_BUF_2 has Vth implant on layer 84 which does not correspond to any Vth implant layer defined in the technology file.  Advanced rule checking will not be performed for this library cell. (PLACE-007)
Error: Library cell EXPLORE_physical_only/SAEDSLVT14_BUF_20 has Vth implant on layer 84 which does not correspond to any Vth implant layer defined in the technology file.  Advanced rule checking will not be performed for this library cell. (PLACE-007)
Error: Library cell EXPLORE_physical_only/SAEDSLVT14_BUF_3 has Vth implant on layer 84 which does not correspond to any Vth implant layer defined in the technology file.  Advanced rule checking will not be performed for this library cell. (PLACE-007)
Error: Library cell EXPLORE_physical_only/SAEDSLVT14_BUF_4 has Vth implant on layer 84 which does not correspond to any Vth implant layer defined in the technology file.  Advanced rule checking will not be performed for this library cell. (PLACE-007)
Error: Library cell EXPLORE_physical_only/SAEDSLVT14_BUF_6 has Vth implant on layer 84 which does not correspond to any Vth implant layer defined in the technology file.  Advanced rule checking will not be performed for this library cell. (PLACE-007)
Error: Library cell EXPLORE_physical_only/SAEDSLVT14_BUF_8 has Vth implant on layer 84 which does not correspond to any Vth implant layer defined in the technology file.  Advanced rule checking will not be performed for this library cell. (PLACE-007)
Error: Library cell EXPLORE_physical_only/SAEDSLVT14_BUF_CDC_2 has Vth implant on layer 84 which does not correspond to any Vth implant layer defined in the technology file.  Advanced rule checking will not be performed for this library cell. (PLACE-007)
Error: Library cell EXPLORE_physical_only/SAEDSLVT14_BUF_CDC_4 has Vth implant on layer 84 which does not correspond to any Vth implant layer defined in the technology file.  Advanced rule checking will not be performed for this library cell. (PLACE-007)
Error: Library cell EXPLORE_physical_only/SAEDSLVT14_BUF_ECO_1 has Vth implant on layer 84 which does not correspond to any Vth implant layer defined in the technology file.  Advanced rule checking will not be performed for this library cell. (PLACE-007)
Error: Library cell EXPLORE_physical_only/SAEDSLVT14_BUF_ECO_2 has Vth implant on layer 84 which does not correspond to any Vth implant layer defined in the technology file.  Advanced rule checking will not be performed for this library cell. (PLACE-007)
Error: Library cell EXPLORE_physical_only/SAEDSLVT14_BUF_ECO_3 has Vth implant on layer 84 which does not correspond to any Vth implant layer defined in the technology file.  Advanced rule checking will not be performed for this library cell. (PLACE-007)
Error: Library cell EXPLORE_physical_only/SAEDSLVT14_BUF_ECO_4 has Vth implant on layer 84 which does not correspond to any Vth implant layer defined in the technology file.  Advanced rule checking will not be performed for this library cell. (PLACE-007)
Error: Library cell EXPLORE_physical_only/SAEDSLVT14_BUF_ECO_6 has Vth implant on layer 84 which does not correspond to any Vth implant layer defined in the technology file.  Advanced rule checking will not be performed for this library cell. (PLACE-007)
Error: Library cell EXPLORE_physical_only/SAEDSLVT14_BUF_ECO_7 has Vth implant on layer 84 which does not correspond to any Vth implant layer defined in the technology file.  Advanced rule checking will not be performed for this library cell. (PLACE-007)
Error: Library cell EXPLORE_physical_only/SAEDSLVT14_BUF_ECO_8 has Vth implant on layer 84 which does not correspond to any Vth implant layer defined in the technology file.  Advanced rule checking will not be performed for this library cell. (PLACE-007)
Error: Library cell EXPLORE_physical_only/SAEDSLVT14_BUF_PECO_1 has Vth implant on layer 84 which does not correspond to any Vth implant layer defined in the technology file.  Advanced rule checking will not be performed for this library cell. (PLACE-007)
Error: Library cell EXPLORE_physical_only/SAEDSLVT14_BUF_PECO_12 has Vth implant on layer 84 which does not correspond to any Vth implant layer defined in the technology file.  Advanced rule checking will not be performed for this library cell. (PLACE-007)
Error: Library cell EXPLORE_physical_only/SAEDSLVT14_BUF_PECO_2 has Vth implant on layer 84 which does not correspond to any Vth implant layer defined in the technology file.  Advanced rule checking will not be performed for this library cell. (PLACE-007)
Error: Library cell EXPLORE_physical_only/SAEDSLVT14_BUF_PECO_4 has Vth implant on layer 84 which does not correspond to any Vth implant layer defined in the technology file.  Advanced rule checking will not be performed for this library cell. (PLACE-007)
Error: Library cell EXPLORE_physical_only/SAEDSLVT14_BUF_PECO_8 has Vth implant on layer 84 which does not correspond to any Vth implant layer defined in the technology file.  Advanced rule checking will not be performed for this library cell. (PLACE-007)
Error: Library cell EXPLORE_physical_only/SAEDSLVT14_BUF_PS_0P75 has Vth implant on layer 84 which does not correspond to any Vth implant layer defined in the technology file.  Advanced rule checking will not be performed for this library cell. (PLACE-007)
Error: Library cell EXPLORE_physical_only/SAEDSLVT14_BUF_PS_1P5 has Vth implant on layer 84 which does not correspond to any Vth implant layer defined in the technology file.  Advanced rule checking will not be performed for this library cell. (PLACE-007)
Error: Library cell EXPLORE_physical_only/SAEDSLVT14_BUF_PS_3 has Vth implant on layer 84 which does not correspond to any Vth implant layer defined in the technology file.  Advanced rule checking will not be performed for this library cell. (PLACE-007)
Error: Library cell EXPLORE_physical_only/SAEDSLVT14_BUF_PS_6 has Vth implant on layer 84 which does not correspond to any Vth implant layer defined in the technology file.  Advanced rule checking will not be performed for this library cell. (PLACE-007)
Error: Library cell EXPLORE_physical_only/SAEDSLVT14_BUF_S_0P5 has Vth implant on layer 84 which does not correspond to any Vth implant layer defined in the technology file.  Advanced rule checking will not be performed for this library cell. (PLACE-007)
Error: Library cell EXPLORE_physical_only/SAEDSLVT14_BUF_S_0P75 has Vth implant on layer 84 which does not correspond to any Vth implant layer defined in the technology file.  Advanced rule checking will not be performed for this library cell. (PLACE-007)
Error: Library cell EXPLORE_physical_only/SAEDSLVT14_BUF_S_1 has Vth implant on layer 84 which does not correspond to any Vth implant layer defined in the technology file.  Advanced rule checking will not be performed for this library cell. (PLACE-007)
Error: Library cell EXPLORE_physical_only/SAEDSLVT14_BUF_S_10 has Vth implant on layer 84 which does not correspond to any Vth implant layer defined in the technology file.  Advanced rule checking will not be performed for this library cell. (PLACE-007)
Error: Library cell EXPLORE_physical_only/SAEDSLVT14_BUF_S_12 has Vth implant on layer 84 which does not correspond to any Vth implant layer defined in the technology file.  Advanced rule checking will not be performed for this library cell. (PLACE-007)
Error: Library cell EXPLORE_physical_only/SAEDSLVT14_BUF_S_16 has Vth implant on layer 84 which does not correspond to any Vth implant layer defined in the technology file.  Advanced rule checking will not be performed for this library cell. (PLACE-007)
Error: Library cell EXPLORE_physical_only/SAEDSLVT14_BUF_S_1P5 has Vth implant on layer 84 which does not correspond to any Vth implant layer defined in the technology file.  Advanced rule checking will not be performed for this library cell. (PLACE-007)
Error: Library cell EXPLORE_physical_only/SAEDSLVT14_BUF_S_2 has Vth implant on layer 84 which does not correspond to any Vth implant layer defined in the technology file.  Advanced rule checking will not be performed for this library cell. (PLACE-007)
Error: Library cell EXPLORE_physical_only/SAEDSLVT14_BUF_S_20 has Vth implant on layer 84 which does not correspond to any Vth implant layer defined in the technology file.  Advanced rule checking will not be performed for this library cell. (PLACE-007)
Error: Library cell EXPLORE_physical_only/SAEDSLVT14_BUF_S_3 has Vth implant on layer 84 which does not correspond to any Vth implant layer defined in the technology file.  Advanced rule checking will not be performed for this library cell. (PLACE-007)
Error: Library cell EXPLORE_physical_only/SAEDSLVT14_BUF_S_4 has Vth implant on layer 84 which does not correspond to any Vth implant layer defined in the technology file.  Advanced rule checking will not be performed for this library cell. (PLACE-007)
Error: Library cell EXPLORE_physical_only/SAEDSLVT14_BUF_S_6 has Vth implant on layer 84 which does not correspond to any Vth implant layer defined in the technology file.  Advanced rule checking will not be performed for this library cell. (PLACE-007)
Error: Library cell EXPLORE_physical_only/SAEDSLVT14_BUF_S_8 has Vth implant on layer 84 which does not correspond to any Vth implant layer defined in the technology file.  Advanced rule checking will not be performed for this library cell. (PLACE-007)
Error: Library cell EXPLORE_physical_only/SAEDSLVT14_BUF_UCDC_0P5 has Vth implant on layer 84 which does not correspond to any Vth implant layer defined in the technology file.  Advanced rule checking will not be performed for this library cell. (PLACE-007)
Error: Library cell EXPLORE_physical_only/SAEDSLVT14_BUF_UCDC_1 has Vth implant on layer 84 which does not correspond to any Vth implant layer defined in the technology file.  Advanced rule checking will not be performed for this library cell. (PLACE-007)
Error: Library cell EXPLORE_physical_only/SAEDSLVT14_BUF_U_0P5 has Vth implant on layer 84 which does not correspond to any Vth implant layer defined in the technology file.  Advanced rule checking will not be performed for this library cell. (PLACE-007)
Error: Library cell EXPLORE_physical_only/SAEDSLVT14_BUF_U_0P75 has Vth implant on layer 84 which does not correspond to any Vth implant layer defined in the technology file.  Advanced rule checking will not be performed for this library cell. (PLACE-007)
Error: Library cell EXPLORE_physical_only/SAEDSLVT14_CAPB2 has Vth implant on layer 84 which does not correspond to any Vth implant layer defined in the technology file.  Advanced rule checking will not be performed for this library cell. (PLACE-007)
Error: Library cell EXPLORE_physical_only/SAEDSLVT14_CAPB3 has Vth implant on layer 84 which does not correspond to any Vth implant layer defined in the technology file.  Advanced rule checking will not be performed for this library cell. (PLACE-007)
Error: Library cell EXPLORE_physical_only/SAEDSLVT14_CAPBIN13 has Vth implant on layer 84 which does not correspond to any Vth implant layer defined in the technology file.  Advanced rule checking will not be performed for this library cell. (PLACE-007)
Error: Library cell EXPLORE_physical_only/SAEDSLVT14_CAPBTAP6 has Vth implant on layer 84 which does not correspond to any Vth implant layer defined in the technology file.  Advanced rule checking will not be performed for this library cell. (PLACE-007)
Error: Library cell EXPLORE_physical_only/SAEDSLVT14_CAPSPACER1 has Vth implant on layer 84 which does not correspond to any Vth implant layer defined in the technology file.  Advanced rule checking will not be performed for this library cell. (PLACE-007)
Error: Library cell EXPLORE_physical_only/SAEDSLVT14_CAPT2 has Vth implant on layer 84 which does not correspond to any Vth implant layer defined in the technology file.  Advanced rule checking will not be performed for this library cell. (PLACE-007)
Error: Library cell EXPLORE_physical_only/SAEDSLVT14_CAPT3 has Vth implant on layer 84 which does not correspond to any Vth implant layer defined in the technology file.  Advanced rule checking will not be performed for this library cell. (PLACE-007)
Error: Library cell EXPLORE_physical_only/SAEDSLVT14_CAPTIN13 has Vth implant on layer 84 which does not correspond to any Vth implant layer defined in the technology file.  Advanced rule checking will not be performed for this library cell. (PLACE-007)
Error: Library cell EXPLORE_physical_only/SAEDSLVT14_CAPTTAP6 has Vth implant on layer 84 which does not correspond to any Vth implant layer defined in the technology file.  Advanced rule checking will not be performed for this library cell. (PLACE-007)
Error: Library cell EXPLORE_physical_only/SAEDSLVT14_CAPTTAPP6 has Vth implant on layer 84 which does not correspond to any Vth implant layer defined in the technology file.  Advanced rule checking will not be performed for this library cell. (PLACE-007)
Error: Library cell EXPLORE_physical_only/SAEDSLVT14_CKGTNLT_V5_1 has Vth implant on layer 84 which does not correspond to any Vth implant layer defined in the technology file.  Advanced rule checking will not be performed for this library cell. (PLACE-007)
Error: Library cell EXPLORE_physical_only/SAEDSLVT14_CKGTNLT_V5_12 has Vth implant on layer 84 which does not correspond to any Vth implant layer defined in the technology file.  Advanced rule checking will not be performed for this library cell. (PLACE-007)
Error: Library cell EXPLORE_physical_only/SAEDSLVT14_CKGTNLT_V5_2 has Vth implant on layer 84 which does not correspond to any Vth implant layer defined in the technology file.  Advanced rule checking will not be performed for this library cell. (PLACE-007)
Error: Library cell EXPLORE_physical_only/SAEDSLVT14_CKGTNLT_V5_3 has Vth implant on layer 84 which does not correspond to any Vth implant layer defined in the technology file.  Advanced rule checking will not be performed for this library cell. (PLACE-007)
Error: Library cell EXPLORE_physical_only/SAEDSLVT14_CKGTNLT_V5_4 has Vth implant on layer 84 which does not correspond to any Vth implant layer defined in the technology file.  Advanced rule checking will not be performed for this library cell. (PLACE-007)
Error: Library cell EXPLORE_physical_only/SAEDSLVT14_CKGTNLT_V5_5 has Vth implant on layer 84 which does not correspond to any Vth implant layer defined in the technology file.  Advanced rule checking will not be performed for this library cell. (PLACE-007)
Error: Library cell EXPLORE_physical_only/SAEDSLVT14_CKGTNLT_V5_6 has Vth implant on layer 84 which does not correspond to any Vth implant layer defined in the technology file.  Advanced rule checking will not be performed for this library cell. (PLACE-007)
Error: Library cell EXPLORE_physical_only/SAEDSLVT14_CKGTNLT_V5_8 has Vth implant on layer 84 which does not correspond to any Vth implant layer defined in the technology file.  Advanced rule checking will not be performed for this library cell. (PLACE-007)
Error: Library cell EXPLORE_physical_only/SAEDSLVT14_CKGTPLT_V5_1 has Vth implant on layer 84 which does not correspond to any Vth implant layer defined in the technology file.  Advanced rule checking will not be performed for this library cell. (PLACE-007)
Error: Library cell EXPLORE_physical_only/SAEDSLVT14_CKGTPLT_V5_12 has Vth implant on layer 84 which does not correspond to any Vth implant layer defined in the technology file.  Advanced rule checking will not be performed for this library cell. (PLACE-007)
Error: Library cell EXPLORE_physical_only/SAEDSLVT14_CKGTPLT_V5_16 has Vth implant on layer 84 which does not correspond to any Vth implant layer defined in the technology file.  Advanced rule checking will not be performed for this library cell. (PLACE-007)
Error: Library cell EXPLORE_physical_only/SAEDSLVT14_CKGTPLT_V5_2 has Vth implant on layer 84 which does not correspond to any Vth implant layer defined in the technology file.  Advanced rule checking will not be performed for this library cell. (PLACE-007)
Error: Library cell EXPLORE_physical_only/SAEDSLVT14_CKGTPLT_V5_20 has Vth implant on layer 84 which does not correspond to any Vth implant layer defined in the technology file.  Advanced rule checking will not be performed for this library cell. (PLACE-007)
Error: Library cell EXPLORE_physical_only/SAEDSLVT14_CKGTPLT_V5_24 has Vth implant on layer 84 which does not correspond to any Vth implant layer defined in the technology file.  Advanced rule checking will not be performed for this library cell. (PLACE-007)
Error: Library cell EXPLORE_physical_only/SAEDSLVT14_CKGTPLT_V5_3 has Vth implant on layer 84 which does not correspond to any Vth implant layer defined in the technology file.  Advanced rule checking will not be performed for this library cell. (PLACE-007)
Error: Library cell EXPLORE_physical_only/SAEDSLVT14_CKGTPLT_V5_4 has Vth implant on layer 84 which does not correspond to any Vth implant layer defined in the technology file.  Advanced rule checking will not be performed for this library cell. (PLACE-007)
Error: Library cell EXPLORE_physical_only/SAEDSLVT14_CKGTPLT_V5_5 has Vth implant on layer 84 which does not correspond to any Vth implant layer defined in the technology file.  Advanced rule checking will not be performed for this library cell. (PLACE-007)
Error: Library cell EXPLORE_physical_only/SAEDSLVT14_CKGTPLT_V5_6 has Vth implant on layer 84 which does not correspond to any Vth implant layer defined in the technology file.  Advanced rule checking will not be performed for this library cell. (PLACE-007)
Error: Library cell EXPLORE_physical_only/SAEDSLVT14_CKGTPLT_V5_8 has Vth implant on layer 84 which does not correspond to any Vth implant layer defined in the technology file.  Advanced rule checking will not be performed for this library cell. (PLACE-007)
Error: Library cell EXPLORE_physical_only/SAEDSLVT14_CKGTPL_V5_0P5 has Vth implant on layer 84 which does not correspond to any Vth implant layer defined in the technology file.  Advanced rule checking will not be performed for this library cell. (PLACE-007)
Error: Library cell EXPLORE_physical_only/SAEDSLVT14_CKGTPL_V5_1 has Vth implant on layer 84 which does not correspond to any Vth implant layer defined in the technology file.  Advanced rule checking will not be performed for this library cell. (PLACE-007)
Error: Library cell EXPLORE_physical_only/SAEDSLVT14_CKGTPL_V5_2 has Vth implant on layer 84 which does not correspond to any Vth implant layer defined in the technology file.  Advanced rule checking will not be performed for this library cell. (PLACE-007)
Error: Library cell EXPLORE_physical_only/SAEDSLVT14_CKGTPL_V5_4 has Vth implant on layer 84 which does not correspond to any Vth implant layer defined in the technology file.  Advanced rule checking will not be performed for this library cell. (PLACE-007)
Error: Library cell EXPLORE_physical_only/SAEDSLVT14_CKINVGTPLT_V7_1 has Vth implant on layer 84 which does not correspond to any Vth implant layer defined in the technology file.  Advanced rule checking will not be performed for this library cell. (PLACE-007)
Error: Library cell EXPLORE_physical_only/SAEDSLVT14_CKINVGTPLT_V7_2 has Vth implant on layer 84 which does not correspond to any Vth implant layer defined in the technology file.  Advanced rule checking will not be performed for this library cell. (PLACE-007)
Error: Library cell EXPLORE_physical_only/SAEDSLVT14_CKINVGTPLT_V7_3 has Vth implant on layer 84 which does not correspond to any Vth implant layer defined in the technology file.  Advanced rule checking will not be performed for this library cell. (PLACE-007)
Error: Library cell EXPLORE_physical_only/SAEDSLVT14_CKINVGTPLT_V7_4 has Vth implant on layer 84 which does not correspond to any Vth implant layer defined in the technology file.  Advanced rule checking will not be performed for this library cell. (PLACE-007)
Error: Library cell EXPLORE_physical_only/SAEDSLVT14_CKINVGTPLT_V7_5 has Vth implant on layer 84 which does not correspond to any Vth implant layer defined in the technology file.  Advanced rule checking will not be performed for this library cell. (PLACE-007)
Error: Library cell EXPLORE_physical_only/SAEDSLVT14_CKINVGTPLT_V7_6 has Vth implant on layer 84 which does not correspond to any Vth implant layer defined in the technology file.  Advanced rule checking will not be performed for this library cell. (PLACE-007)
Error: Library cell EXPLORE_physical_only/SAEDSLVT14_CKINVGTPLT_V7_8 has Vth implant on layer 84 which does not correspond to any Vth implant layer defined in the technology file.  Advanced rule checking will not be performed for this library cell. (PLACE-007)
Error: Library cell EXPLORE_physical_only/SAEDSLVT14_CLKSPLT_1 has Vth implant on layer 84 which does not correspond to any Vth implant layer defined in the technology file.  Advanced rule checking will not be performed for this library cell. (PLACE-007)
Error: Library cell EXPLORE_physical_only/SAEDSLVT14_CLKSPLT_8 has Vth implant on layer 84 which does not correspond to any Vth implant layer defined in the technology file.  Advanced rule checking will not be performed for this library cell. (PLACE-007)
Error: Library cell EXPLORE_physical_only/SAEDSLVT14_DCAP_ECO_12 has Vth implant on layer 84 which does not correspond to any Vth implant layer defined in the technology file.  Advanced rule checking will not be performed for this library cell. (PLACE-007)
Error: Library cell EXPLORE_physical_only/SAEDSLVT14_DCAP_ECO_15 has Vth implant on layer 84 which does not correspond to any Vth implant layer defined in the technology file.  Advanced rule checking will not be performed for this library cell. (PLACE-007)
Error: Library cell EXPLORE_physical_only/SAEDSLVT14_DCAP_ECO_18 has Vth implant on layer 84 which does not correspond to any Vth implant layer defined in the technology file.  Advanced rule checking will not be performed for this library cell. (PLACE-007)
Error: Library cell EXPLORE_physical_only/SAEDSLVT14_DCAP_ECO_6 has Vth implant on layer 84 which does not correspond to any Vth implant layer defined in the technology file.  Advanced rule checking will not be performed for this library cell. (PLACE-007)
Error: Library cell EXPLORE_physical_only/SAEDSLVT14_DCAP_ECO_9 has Vth implant on layer 84 which does not correspond to any Vth implant layer defined in the technology file.  Advanced rule checking will not be performed for this library cell. (PLACE-007)
Error: Library cell EXPLORE_physical_only/SAEDSLVT14_DCAP_PV1ECO_12 has Vth implant on layer 84 which does not correspond to any Vth implant layer defined in the technology file.  Advanced rule checking will not be performed for this library cell. (PLACE-007)
Error: Library cell EXPLORE_physical_only/SAEDSLVT14_DCAP_PV1ECO_15 has Vth implant on layer 84 which does not correspond to any Vth implant layer defined in the technology file.  Advanced rule checking will not be performed for this library cell. (PLACE-007)
Error: Library cell EXPLORE_physical_only/SAEDSLVT14_DCAP_PV1ECO_18 has Vth implant on layer 84 which does not correspond to any Vth implant layer defined in the technology file.  Advanced rule checking will not be performed for this library cell. (PLACE-007)
Error: Library cell EXPLORE_physical_only/SAEDSLVT14_DCAP_PV1ECO_6 has Vth implant on layer 84 which does not correspond to any Vth implant layer defined in the technology file.  Advanced rule checking will not be performed for this library cell. (PLACE-007)
Error: Library cell EXPLORE_physical_only/SAEDSLVT14_DCAP_PV1ECO_9 has Vth implant on layer 84 which does not correspond to any Vth implant layer defined in the technology file.  Advanced rule checking will not be performed for this library cell. (PLACE-007)
Error: Library cell EXPLORE_physical_only/SAEDSLVT14_DCAP_PV3_3 has Vth implant on layer 84 which does not correspond to any Vth implant layer defined in the technology file.  Advanced rule checking will not be performed for this library cell. (PLACE-007)
Error: Library cell EXPLORE_physical_only/SAEDSLVT14_DCAP_V4_16 has Vth implant on layer 84 which does not correspond to any Vth implant layer defined in the technology file.  Advanced rule checking will not be performed for this library cell. (PLACE-007)
Error: Library cell EXPLORE_physical_only/SAEDSLVT14_DCAP_V4_32 has Vth implant on layer 84 which does not correspond to any Vth implant layer defined in the technology file.  Advanced rule checking will not be performed for this library cell. (PLACE-007)
Error: Library cell EXPLORE_physical_only/SAEDSLVT14_DCAP_V4_5 has Vth implant on layer 84 which does not correspond to any Vth implant layer defined in the technology file.  Advanced rule checking will not be performed for this library cell. (PLACE-007)
Error: Library cell EXPLORE_physical_only/SAEDSLVT14_DCAP_V4_64 has Vth implant on layer 84 which does not correspond to any Vth implant layer defined in the technology file.  Advanced rule checking will not be performed for this library cell. (PLACE-007)
Error: Library cell EXPLORE_physical_only/SAEDSLVT14_DCAP_V4_8 has Vth implant on layer 84 which does not correspond to any Vth implant layer defined in the technology file.  Advanced rule checking will not be performed for this library cell. (PLACE-007)
Error: Library cell EXPLORE_physical_only/SAEDSLVT14_DELPROGS4_12 has Vth implant on layer 84 which does not correspond to any Vth implant layer defined in the technology file.  Advanced rule checking will not be performed for this library cell. (PLACE-007)
Error: Library cell EXPLORE_physical_only/SAEDSLVT14_DELPROGS4_16 has Vth implant on layer 84 which does not correspond to any Vth implant layer defined in the technology file.  Advanced rule checking will not be performed for this library cell. (PLACE-007)
Error: Library cell EXPLORE_physical_only/SAEDSLVT14_DELPROGS4_4 has Vth implant on layer 84 which does not correspond to any Vth implant layer defined in the technology file.  Advanced rule checking will not be performed for this library cell. (PLACE-007)
Error: Library cell EXPLORE_physical_only/SAEDSLVT14_DELPROGS4_6 has Vth implant on layer 84 which does not correspond to any Vth implant layer defined in the technology file.  Advanced rule checking will not be performed for this library cell. (PLACE-007)
Error: Library cell EXPLORE_physical_only/SAEDSLVT14_DELPROGS4_8 has Vth implant on layer 84 which does not correspond to any Vth implant layer defined in the technology file.  Advanced rule checking will not be performed for this library cell. (PLACE-007)
Error: Library cell EXPLORE_physical_only/SAEDSLVT14_DELPROGS4_Y2_24 has Vth implant on layer 84 which does not correspond to any Vth implant layer defined in the technology file.  Advanced rule checking will not be performed for this library cell. (PLACE-007)
Error: Library cell EXPLORE_physical_only/SAEDSLVT14_DELPROGS9_V1_4 has Vth implant on layer 84 which does not correspond to any Vth implant layer defined in the technology file.  Advanced rule checking will not be performed for this library cell. (PLACE-007)
Error: Library cell EXPLORE_physical_only/SAEDSLVT14_DELPROGS9_V2_4 has Vth implant on layer 84 which does not correspond to any Vth implant layer defined in the technology file.  Advanced rule checking will not be performed for this library cell. (PLACE-007)
Error: Library cell EXPLORE_physical_only/SAEDSLVT14_DEL_L4D100_1 has Vth implant on layer 84 which does not correspond to any Vth implant layer defined in the technology file.  Advanced rule checking will not be performed for this library cell. (PLACE-007)
Error: Library cell EXPLORE_physical_only/SAEDSLVT14_DEL_L4D100_2 has Vth implant on layer 84 which does not correspond to any Vth implant layer defined in the technology file.  Advanced rule checking will not be performed for this library cell. (PLACE-007)
Error: Library cell EXPLORE_physical_only/SAEDSLVT14_DEL_PR2V2_1 has Vth implant on layer 84 which does not correspond to any Vth implant layer defined in the technology file.  Advanced rule checking will not be performed for this library cell. (PLACE-007)
Error: Library cell EXPLORE_physical_only/SAEDSLVT14_DEL_R2V1_1 has Vth implant on layer 84 which does not correspond to any Vth implant layer defined in the technology file.  Advanced rule checking will not be performed for this library cell. (PLACE-007)
Error: Library cell EXPLORE_physical_only/SAEDSLVT14_DEL_R2V1_2 has Vth implant on layer 84 which does not correspond to any Vth implant layer defined in the technology file.  Advanced rule checking will not be performed for this library cell. (PLACE-007)
Error: Library cell EXPLORE_physical_only/SAEDSLVT14_DEL_R2V2_1 has Vth implant on layer 84 which does not correspond to any Vth implant layer defined in the technology file.  Advanced rule checking will not be performed for this library cell. (PLACE-007)
Error: Library cell EXPLORE_physical_only/SAEDSLVT14_DEL_R2V2_2 has Vth implant on layer 84 which does not correspond to any Vth implant layer defined in the technology file.  Advanced rule checking will not be performed for this library cell. (PLACE-007)
Error: Library cell EXPLORE_physical_only/SAEDSLVT14_DEL_R2V3_1 has Vth implant on layer 84 which does not correspond to any Vth implant layer defined in the technology file.  Advanced rule checking will not be performed for this library cell. (PLACE-007)
Error: Library cell EXPLORE_physical_only/SAEDSLVT14_DEL_R2V3_2 has Vth implant on layer 84 which does not correspond to any Vth implant layer defined in the technology file.  Advanced rule checking will not be performed for this library cell. (PLACE-007)
Error: Library cell EXPLORE_physical_only/SAEDSLVT14_ELVLDNOR_V2_1 has Vth implant on layer 84 which does not correspond to any Vth implant layer defined in the technology file.  Advanced rule checking will not be performed for this library cell. (PLACE-007)
Error: Library cell EXPLORE_physical_only/SAEDSLVT14_ELVLDNOR_V2_10 has Vth implant on layer 84 which does not correspond to any Vth implant layer defined in the technology file.  Advanced rule checking will not be performed for this library cell. (PLACE-007)
Error: Library cell EXPLORE_physical_only/SAEDSLVT14_ELVLDNOR_V2_12 has Vth implant on layer 84 which does not correspond to any Vth implant layer defined in the technology file.  Advanced rule checking will not be performed for this library cell. (PLACE-007)
Error: Library cell EXPLORE_physical_only/SAEDSLVT14_ELVLDNOR_V2_2 has Vth implant on layer 84 which does not correspond to any Vth implant layer defined in the technology file.  Advanced rule checking will not be performed for this library cell. (PLACE-007)
Error: Library cell EXPLORE_physical_only/SAEDSLVT14_ELVLDNOR_V2_3 has Vth implant on layer 84 which does not correspond to any Vth implant layer defined in the technology file.  Advanced rule checking will not be performed for this library cell. (PLACE-007)
Error: Library cell EXPLORE_physical_only/SAEDSLVT14_ELVLDNOR_V2_4 has Vth implant on layer 84 which does not correspond to any Vth implant layer defined in the technology file.  Advanced rule checking will not be performed for this library cell. (PLACE-007)
Error: Library cell EXPLORE_physical_only/SAEDSLVT14_ELVLDNOR_V2_6 has Vth implant on layer 84 which does not correspond to any Vth implant layer defined in the technology file.  Advanced rule checking will not be performed for this library cell. (PLACE-007)
Error: Library cell EXPLORE_physical_only/SAEDSLVT14_ELVLDNOR_V2_8 has Vth implant on layer 84 which does not correspond to any Vth implant layer defined in the technology file.  Advanced rule checking will not be performed for this library cell. (PLACE-007)
Error: Library cell EXPLORE_physical_only/SAEDSLVT14_ELVLUNOR_V2_1 has Vth implant on layer 84 which does not correspond to any Vth implant layer defined in the technology file.  Advanced rule checking will not be performed for this library cell. (PLACE-007)
Error: Library cell EXPLORE_physical_only/SAEDSLVT14_ELVLUNOR_V2_10 has Vth implant on layer 84 which does not correspond to any Vth implant layer defined in the technology file.  Advanced rule checking will not be performed for this library cell. (PLACE-007)
Error: Library cell EXPLORE_physical_only/SAEDSLVT14_ELVLUNOR_V2_12 has Vth implant on layer 84 which does not correspond to any Vth implant layer defined in the technology file.  Advanced rule checking will not be performed for this library cell. (PLACE-007)
Error: Library cell EXPLORE_physical_only/SAEDSLVT14_ELVLUNOR_V2_2 has Vth implant on layer 84 which does not correspond to any Vth implant layer defined in the technology file.  Advanced rule checking will not be performed for this library cell. (PLACE-007)
Error: Library cell EXPLORE_physical_only/SAEDSLVT14_ELVLUNOR_V2_3 has Vth implant on layer 84 which does not correspond to any Vth implant layer defined in the technology file.  Advanced rule checking will not be performed for this library cell. (PLACE-007)
Error: Library cell EXPLORE_physical_only/SAEDSLVT14_ELVLUNOR_V2_4 has Vth implant on layer 84 which does not correspond to any Vth implant layer defined in the technology file.  Advanced rule checking will not be performed for this library cell. (PLACE-007)
Error: Library cell EXPLORE_physical_only/SAEDSLVT14_ELVLUNOR_V2_6 has Vth implant on layer 84 which does not correspond to any Vth implant layer defined in the technology file.  Advanced rule checking will not be performed for this library cell. (PLACE-007)
Error: Library cell EXPLORE_physical_only/SAEDSLVT14_ELVLUNOR_V2_8 has Vth implant on layer 84 which does not correspond to any Vth implant layer defined in the technology file.  Advanced rule checking will not be performed for this library cell. (PLACE-007)
Error: Library cell EXPLORE_physical_only/SAEDSLVT14_EN2_0P5 has Vth implant on layer 84 which does not correspond to any Vth implant layer defined in the technology file.  Advanced rule checking will not be performed for this library cell. (PLACE-007)
Error: Library cell EXPLORE_physical_only/SAEDSLVT14_EN2_1 has Vth implant on layer 84 which does not correspond to any Vth implant layer defined in the technology file.  Advanced rule checking will not be performed for this library cell. (PLACE-007)
Error: Library cell EXPLORE_physical_only/SAEDSLVT14_EN2_1P5 has Vth implant on layer 84 which does not correspond to any Vth implant layer defined in the technology file.  Advanced rule checking will not be performed for this library cell. (PLACE-007)
Error: Library cell EXPLORE_physical_only/SAEDSLVT14_EN2_2 has Vth implant on layer 84 which does not correspond to any Vth implant layer defined in the technology file.  Advanced rule checking will not be performed for this library cell. (PLACE-007)
Error: Library cell EXPLORE_physical_only/SAEDSLVT14_EN2_3 has Vth implant on layer 84 which does not correspond to any Vth implant layer defined in the technology file.  Advanced rule checking will not be performed for this library cell. (PLACE-007)
Error: Library cell EXPLORE_physical_only/SAEDSLVT14_EN2_4 has Vth implant on layer 84 which does not correspond to any Vth implant layer defined in the technology file.  Advanced rule checking will not be performed for this library cell. (PLACE-007)
Error: Library cell EXPLORE_physical_only/SAEDSLVT14_EN2_ECO_1 has Vth implant on layer 84 which does not correspond to any Vth implant layer defined in the technology file.  Advanced rule checking will not be performed for this library cell. (PLACE-007)
Error: Library cell EXPLORE_physical_only/SAEDSLVT14_EN2_V1_0P75 has Vth implant on layer 84 which does not correspond to any Vth implant layer defined in the technology file.  Advanced rule checking will not be performed for this library cell. (PLACE-007)
Error: Library cell EXPLORE_physical_only/SAEDSLVT14_EN2_V1_1P5 has Vth implant on layer 84 which does not correspond to any Vth implant layer defined in the technology file.  Advanced rule checking will not be performed for this library cell. (PLACE-007)
Error: Library cell EXPLORE_physical_only/SAEDSLVT14_EN3_1 has Vth implant on layer 84 which does not correspond to any Vth implant layer defined in the technology file.  Advanced rule checking will not be performed for this library cell. (PLACE-007)
Error: Library cell EXPLORE_physical_only/SAEDSLVT14_EN3_2 has Vth implant on layer 84 which does not correspond to any Vth implant layer defined in the technology file.  Advanced rule checking will not be performed for this library cell. (PLACE-007)
Error: Library cell EXPLORE_physical_only/SAEDSLVT14_EN3_3 has Vth implant on layer 84 which does not correspond to any Vth implant layer defined in the technology file.  Advanced rule checking will not be performed for this library cell. (PLACE-007)
Error: Library cell EXPLORE_physical_only/SAEDSLVT14_EN3_U_0P5 has Vth implant on layer 84 which does not correspond to any Vth implant layer defined in the technology file.  Advanced rule checking will not be performed for this library cell. (PLACE-007)
Error: Library cell EXPLORE_physical_only/SAEDSLVT14_EN4_2 has Vth implant on layer 84 which does not correspond to any Vth implant layer defined in the technology file.  Advanced rule checking will not be performed for this library cell. (PLACE-007)
Error: Library cell EXPLORE_physical_only/SAEDSLVT14_EN4_4 has Vth implant on layer 84 which does not correspond to any Vth implant layer defined in the technology file.  Advanced rule checking will not be performed for this library cell. (PLACE-007)
Error: Library cell EXPLORE_physical_only/SAEDSLVT14_EN4_M_1 has Vth implant on layer 84 which does not correspond to any Vth implant layer defined in the technology file.  Advanced rule checking will not be performed for this library cell. (PLACE-007)
Error: Library cell EXPLORE_physical_only/SAEDSLVT14_EN4_U_0P5 has Vth implant on layer 84 which does not correspond to any Vth implant layer defined in the technology file.  Advanced rule checking will not be performed for this library cell. (PLACE-007)
Error: Library cell EXPLORE_physical_only/SAEDSLVT14_EO2_0P5 has Vth implant on layer 84 which does not correspond to any Vth implant layer defined in the technology file.  Advanced rule checking will not be performed for this library cell. (PLACE-007)
Error: Library cell EXPLORE_physical_only/SAEDSLVT14_EO2_1 has Vth implant on layer 84 which does not correspond to any Vth implant layer defined in the technology file.  Advanced rule checking will not be performed for this library cell. (PLACE-007)
Error: Library cell EXPLORE_physical_only/SAEDSLVT14_EO2_1P5 has Vth implant on layer 84 which does not correspond to any Vth implant layer defined in the technology file.  Advanced rule checking will not be performed for this library cell. (PLACE-007)
Error: Library cell EXPLORE_physical_only/SAEDSLVT14_EO2_2 has Vth implant on layer 84 which does not correspond to any Vth implant layer defined in the technology file.  Advanced rule checking will not be performed for this library cell. (PLACE-007)
Error: Library cell EXPLORE_physical_only/SAEDSLVT14_EO2_3 has Vth implant on layer 84 which does not correspond to any Vth implant layer defined in the technology file.  Advanced rule checking will not be performed for this library cell. (PLACE-007)
Error: Library cell EXPLORE_physical_only/SAEDSLVT14_EO2_4 has Vth implant on layer 84 which does not correspond to any Vth implant layer defined in the technology file.  Advanced rule checking will not be performed for this library cell. (PLACE-007)
Error: Library cell EXPLORE_physical_only/SAEDSLVT14_EO2_ECO_1 has Vth implant on layer 84 which does not correspond to any Vth implant layer defined in the technology file.  Advanced rule checking will not be performed for this library cell. (PLACE-007)
Error: Library cell EXPLORE_physical_only/SAEDSLVT14_EO2_MM_0P5 has Vth implant on layer 84 which does not correspond to any Vth implant layer defined in the technology file.  Advanced rule checking will not be performed for this library cell. (PLACE-007)
Error: Library cell EXPLORE_physical_only/SAEDSLVT14_EO2_MM_1 has Vth implant on layer 84 which does not correspond to any Vth implant layer defined in the technology file.  Advanced rule checking will not be performed for this library cell. (PLACE-007)
Error: Library cell EXPLORE_physical_only/SAEDSLVT14_EO2_MM_2 has Vth implant on layer 84 which does not correspond to any Vth implant layer defined in the technology file.  Advanced rule checking will not be performed for this library cell. (PLACE-007)
Error: Library cell EXPLORE_physical_only/SAEDSLVT14_EO2_MM_4 has Vth implant on layer 84 which does not correspond to any Vth implant layer defined in the technology file.  Advanced rule checking will not be performed for this library cell. (PLACE-007)
Error: Library cell EXPLORE_physical_only/SAEDSLVT14_EO2_V1_0P75 has Vth implant on layer 84 which does not correspond to any Vth implant layer defined in the technology file.  Advanced rule checking will not be performed for this library cell. (PLACE-007)
Error: Library cell EXPLORE_physical_only/SAEDSLVT14_EO2_V1_1P5 has Vth implant on layer 84 which does not correspond to any Vth implant layer defined in the technology file.  Advanced rule checking will not be performed for this library cell. (PLACE-007)
Error: Library cell EXPLORE_physical_only/SAEDSLVT14_EO3_0P5 has Vth implant on layer 84 which does not correspond to any Vth implant layer defined in the technology file.  Advanced rule checking will not be performed for this library cell. (PLACE-007)
Error: Library cell EXPLORE_physical_only/SAEDSLVT14_EO3_1 has Vth implant on layer 84 which does not correspond to any Vth implant layer defined in the technology file.  Advanced rule checking will not be performed for this library cell. (PLACE-007)
Error: Library cell EXPLORE_physical_only/SAEDSLVT14_EO3_2 has Vth implant on layer 84 which does not correspond to any Vth implant layer defined in the technology file.  Advanced rule checking will not be performed for this library cell. (PLACE-007)
Error: Library cell EXPLORE_physical_only/SAEDSLVT14_EO3_4 has Vth implant on layer 84 which does not correspond to any Vth implant layer defined in the technology file.  Advanced rule checking will not be performed for this library cell. (PLACE-007)
Error: Library cell EXPLORE_physical_only/SAEDSLVT14_EO4_1 has Vth implant on layer 84 which does not correspond to any Vth implant layer defined in the technology file.  Advanced rule checking will not be performed for this library cell. (PLACE-007)
Error: Library cell EXPLORE_physical_only/SAEDSLVT14_EO4_2 has Vth implant on layer 84 which does not correspond to any Vth implant layer defined in the technology file.  Advanced rule checking will not be performed for this library cell. (PLACE-007)
Error: Library cell EXPLORE_physical_only/SAEDSLVT14_EO4_4 has Vth implant on layer 84 which does not correspond to any Vth implant layer defined in the technology file.  Advanced rule checking will not be performed for this library cell. (PLACE-007)
Error: Library cell EXPLORE_physical_only/SAEDSLVT14_EO4_U_0P5 has Vth implant on layer 84 which does not correspond to any Vth implant layer defined in the technology file.  Advanced rule checking will not be performed for this library cell. (PLACE-007)
Error: Library cell EXPLORE_physical_only/SAEDSLVT14_FDNQ_V2_8 has Vth implant on layer 84 which does not correspond to any Vth implant layer defined in the technology file.  Advanced rule checking will not be performed for this library cell. (PLACE-007)
Error: Library cell EXPLORE_physical_only/SAEDSLVT14_FDNQ_V3_1 has Vth implant on layer 84 which does not correspond to any Vth implant layer defined in the technology file.  Advanced rule checking will not be performed for this library cell. (PLACE-007)
Error: Library cell EXPLORE_physical_only/SAEDSLVT14_FDNQ_V3_2 has Vth implant on layer 84 which does not correspond to any Vth implant layer defined in the technology file.  Advanced rule checking will not be performed for this library cell. (PLACE-007)
Error: Library cell EXPLORE_physical_only/SAEDSLVT14_FDNQ_V3_4 has Vth implant on layer 84 which does not correspond to any Vth implant layer defined in the technology file.  Advanced rule checking will not be performed for this library cell. (PLACE-007)
Error: Library cell EXPLORE_physical_only/SAEDSLVT14_FDNRBSBQ_V2_0P5 has Vth implant on layer 84 which does not correspond to any Vth implant layer defined in the technology file.  Advanced rule checking will not be performed for this library cell. (PLACE-007)
Error: Library cell EXPLORE_physical_only/SAEDSLVT14_FDNRBSBQ_V2_1 has Vth implant on layer 84 which does not correspond to any Vth implant layer defined in the technology file.  Advanced rule checking will not be performed for this library cell. (PLACE-007)
Error: Library cell EXPLORE_physical_only/SAEDSLVT14_FDNRBSBQ_V2_2 has Vth implant on layer 84 which does not correspond to any Vth implant layer defined in the technology file.  Advanced rule checking will not be performed for this library cell. (PLACE-007)
Error: Library cell EXPLORE_physical_only/SAEDSLVT14_FDNRBSBQ_V2_4 has Vth implant on layer 84 which does not correspond to any Vth implant layer defined in the technology file.  Advanced rule checking will not be performed for this library cell. (PLACE-007)
Error: Library cell EXPLORE_physical_only/SAEDSLVT14_FDN_V2_0P5 has Vth implant on layer 84 which does not correspond to any Vth implant layer defined in the technology file.  Advanced rule checking will not be performed for this library cell. (PLACE-007)
Error: Library cell EXPLORE_physical_only/SAEDSLVT14_FDN_V2_1 has Vth implant on layer 84 which does not correspond to any Vth implant layer defined in the technology file.  Advanced rule checking will not be performed for this library cell. (PLACE-007)
Error: Library cell EXPLORE_physical_only/SAEDSLVT14_FDN_V2_2 has Vth implant on layer 84 which does not correspond to any Vth implant layer defined in the technology file.  Advanced rule checking will not be performed for this library cell. (PLACE-007)
Error: Library cell EXPLORE_physical_only/SAEDSLVT14_FDN_V2_4 has Vth implant on layer 84 which does not correspond to any Vth implant layer defined in the technology file.  Advanced rule checking will not be performed for this library cell. (PLACE-007)
Error: Library cell EXPLORE_physical_only/SAEDSLVT14_FDPCBQ_V2LP_0P5 has Vth implant on layer 84 which does not correspond to any Vth implant layer defined in the technology file.  Advanced rule checking will not be performed for this library cell. (PLACE-007)
Error: Library cell EXPLORE_physical_only/SAEDSLVT14_FDPCBQ_V2LP_1 has Vth implant on layer 84 which does not correspond to any Vth implant layer defined in the technology file.  Advanced rule checking will not be performed for this library cell. (PLACE-007)
Error: Library cell EXPLORE_physical_only/SAEDSLVT14_FDPCBQ_V2LP_2 has Vth implant on layer 84 which does not correspond to any Vth implant layer defined in the technology file.  Advanced rule checking will not be performed for this library cell. (PLACE-007)
Error: Library cell EXPLORE_physical_only/SAEDSLVT14_FDPCBQ_V2_0P5 has Vth implant on layer 84 which does not correspond to any Vth implant layer defined in the technology file.  Advanced rule checking will not be performed for this library cell. (PLACE-007)
Error: Library cell EXPLORE_physical_only/SAEDSLVT14_FDPCBQ_V2_1 has Vth implant on layer 84 which does not correspond to any Vth implant layer defined in the technology file.  Advanced rule checking will not be performed for this library cell. (PLACE-007)
Error: Library cell EXPLORE_physical_only/SAEDSLVT14_FDPCBQ_V2_2 has Vth implant on layer 84 which does not correspond to any Vth implant layer defined in the technology file.  Advanced rule checking will not be performed for this library cell. (PLACE-007)
Error: Library cell EXPLORE_physical_only/SAEDSLVT14_FDPCBQ_V2_4 has Vth implant on layer 84 which does not correspond to any Vth implant layer defined in the technology file.  Advanced rule checking will not be performed for this library cell. (PLACE-007)
Error: Library cell EXPLORE_physical_only/SAEDSLVT14_FDPCBQ_V3_1 has Vth implant on layer 84 which does not correspond to any Vth implant layer defined in the technology file.  Advanced rule checking will not be performed for this library cell. (PLACE-007)
Error: Library cell EXPLORE_physical_only/SAEDSLVT14_FDPCBQ_V3_2 has Vth implant on layer 84 which does not correspond to any Vth implant layer defined in the technology file.  Advanced rule checking will not be performed for this library cell. (PLACE-007)
Error: Library cell EXPLORE_physical_only/SAEDSLVT14_FDPCBQ_V3_4 has Vth implant on layer 84 which does not correspond to any Vth implant layer defined in the technology file.  Advanced rule checking will not be performed for this library cell. (PLACE-007)
Error: Library cell EXPLORE_physical_only/SAEDSLVT14_FDPMQ_0P5 has Vth implant on layer 84 which does not correspond to any Vth implant layer defined in the technology file.  Advanced rule checking will not be performed for this library cell. (PLACE-007)
Error: Library cell EXPLORE_physical_only/SAEDSLVT14_FDPMQ_1 has Vth implant on layer 84 which does not correspond to any Vth implant layer defined in the technology file.  Advanced rule checking will not be performed for this library cell. (PLACE-007)
Error: Library cell EXPLORE_physical_only/SAEDSLVT14_FDPMQ_2 has Vth implant on layer 84 which does not correspond to any Vth implant layer defined in the technology file.  Advanced rule checking will not be performed for this library cell. (PLACE-007)
Error: Library cell EXPLORE_physical_only/SAEDSLVT14_FDPMQ_4 has Vth implant on layer 84 which does not correspond to any Vth implant layer defined in the technology file.  Advanced rule checking will not be performed for this library cell. (PLACE-007)
Error: Library cell EXPLORE_physical_only/SAEDSLVT14_FDPQB_V2LP_0P5 has Vth implant on layer 84 which does not correspond to any Vth implant layer defined in the technology file.  Advanced rule checking will not be performed for this library cell. (PLACE-007)
Error: Library cell EXPLORE_physical_only/SAEDSLVT14_FDPQB_V2LP_1 has Vth implant on layer 84 which does not correspond to any Vth implant layer defined in the technology file.  Advanced rule checking will not be performed for this library cell. (PLACE-007)
Error: Library cell EXPLORE_physical_only/SAEDSLVT14_FDPQB_V2LP_2 has Vth implant on layer 84 which does not correspond to any Vth implant layer defined in the technology file.  Advanced rule checking will not be performed for this library cell. (PLACE-007)
Error: Library cell EXPLORE_physical_only/SAEDSLVT14_FDPQB_V2_1 has Vth implant on layer 84 which does not correspond to any Vth implant layer defined in the technology file.  Advanced rule checking will not be performed for this library cell. (PLACE-007)
Error: Library cell EXPLORE_physical_only/SAEDSLVT14_FDPQB_V2_2 has Vth implant on layer 84 which does not correspond to any Vth implant layer defined in the technology file.  Advanced rule checking will not be performed for this library cell. (PLACE-007)
Error: Library cell EXPLORE_physical_only/SAEDSLVT14_FDPQB_V2_4 has Vth implant on layer 84 which does not correspond to any Vth implant layer defined in the technology file.  Advanced rule checking will not be performed for this library cell. (PLACE-007)
Error: Library cell EXPLORE_physical_only/SAEDSLVT14_FDPQB_V2_8 has Vth implant on layer 84 which does not correspond to any Vth implant layer defined in the technology file.  Advanced rule checking will not be performed for this library cell. (PLACE-007)
Error: Library cell EXPLORE_physical_only/SAEDSLVT14_FDPQB_V3_1 has Vth implant on layer 84 which does not correspond to any Vth implant layer defined in the technology file.  Advanced rule checking will not be performed for this library cell. (PLACE-007)
Error: Library cell EXPLORE_physical_only/SAEDSLVT14_FDPQB_V3_2 has Vth implant on layer 84 which does not correspond to any Vth implant layer defined in the technology file.  Advanced rule checking will not be performed for this library cell. (PLACE-007)
Error: Library cell EXPLORE_physical_only/SAEDSLVT14_FDPQB_V3_4 has Vth implant on layer 84 which does not correspond to any Vth implant layer defined in the technology file.  Advanced rule checking will not be performed for this library cell. (PLACE-007)
Error: Library cell EXPLORE_physical_only/SAEDSLVT14_FDPQB_V3_8 has Vth implant on layer 84 which does not correspond to any Vth implant layer defined in the technology file.  Advanced rule checking will not be performed for this library cell. (PLACE-007)
Error: Library cell EXPLORE_physical_only/SAEDSLVT14_FDPQ_V2ECO_1 has Vth implant on layer 84 which does not correspond to any Vth implant layer defined in the technology file.  Advanced rule checking will not be performed for this library cell. (PLACE-007)
Error: Library cell EXPLORE_physical_only/SAEDSLVT14_FDPQ_V2_1 has Vth implant on layer 84 which does not correspond to any Vth implant layer defined in the technology file.  Advanced rule checking will not be performed for this library cell. (PLACE-007)
Error: Library cell EXPLORE_physical_only/SAEDSLVT14_FDPQ_V2_6 has Vth implant on layer 84 which does not correspond to any Vth implant layer defined in the technology file.  Advanced rule checking will not be performed for this library cell. (PLACE-007)
Error: Library cell EXPLORE_physical_only/SAEDSLVT14_FDPQ_V2_8 has Vth implant on layer 84 which does not correspond to any Vth implant layer defined in the technology file.  Advanced rule checking will not be performed for this library cell. (PLACE-007)
Error: Library cell EXPLORE_physical_only/SAEDSLVT14_FDPQ_V3_1 has Vth implant on layer 84 which does not correspond to any Vth implant layer defined in the technology file.  Advanced rule checking will not be performed for this library cell. (PLACE-007)
Error: Library cell EXPLORE_physical_only/SAEDSLVT14_FDPQ_V3_2 has Vth implant on layer 84 which does not correspond to any Vth implant layer defined in the technology file.  Advanced rule checking will not be performed for this library cell. (PLACE-007)
Error: Library cell EXPLORE_physical_only/SAEDSLVT14_FDPQ_V3_4 has Vth implant on layer 84 which does not correspond to any Vth implant layer defined in the technology file.  Advanced rule checking will not be performed for this library cell. (PLACE-007)
Error: Library cell EXPLORE_physical_only/SAEDSLVT14_FDPRBQ_V2LP_0P5 has Vth implant on layer 84 which does not correspond to any Vth implant layer defined in the technology file.  Advanced rule checking will not be performed for this library cell. (PLACE-007)
Error: Library cell EXPLORE_physical_only/SAEDSLVT14_FDPRBQ_V2LP_1 has Vth implant on layer 84 which does not correspond to any Vth implant layer defined in the technology file.  Advanced rule checking will not be performed for this library cell. (PLACE-007)
Error: Library cell EXPLORE_physical_only/SAEDSLVT14_FDPRBQ_V2LP_2 has Vth implant on layer 84 which does not correspond to any Vth implant layer defined in the technology file.  Advanced rule checking will not be performed for this library cell. (PLACE-007)
Error: Library cell EXPLORE_physical_only/SAEDSLVT14_FDPRBQ_V2_0P5 has Vth implant on layer 84 which does not correspond to any Vth implant layer defined in the technology file.  Advanced rule checking will not be performed for this library cell. (PLACE-007)
Error: Library cell EXPLORE_physical_only/SAEDSLVT14_FDPRBQ_V2_1 has Vth implant on layer 84 which does not correspond to any Vth implant layer defined in the technology file.  Advanced rule checking will not be performed for this library cell. (PLACE-007)
Error: Library cell EXPLORE_physical_only/SAEDSLVT14_FDPRBQ_V2_2 has Vth implant on layer 84 which does not correspond to any Vth implant layer defined in the technology file.  Advanced rule checking will not be performed for this library cell. (PLACE-007)
Error: Library cell EXPLORE_physical_only/SAEDSLVT14_FDPRBQ_V2_4 has Vth implant on layer 84 which does not correspond to any Vth implant layer defined in the technology file.  Advanced rule checking will not be performed for this library cell. (PLACE-007)
Error: Library cell EXPLORE_physical_only/SAEDSLVT14_FDPRBSBQ_V2_0P5 has Vth implant on layer 84 which does not correspond to any Vth implant layer defined in the technology file.  Advanced rule checking will not be performed for this library cell. (PLACE-007)
Error: Library cell EXPLORE_physical_only/SAEDSLVT14_FDPRBSBQ_V2_1 has Vth implant on layer 84 which does not correspond to any Vth implant layer defined in the technology file.  Advanced rule checking will not be performed for this library cell. (PLACE-007)
Error: Library cell EXPLORE_physical_only/SAEDSLVT14_FDPRBSBQ_V2_2 has Vth implant on layer 84 which does not correspond to any Vth implant layer defined in the technology file.  Advanced rule checking will not be performed for this library cell. (PLACE-007)
Error: Library cell EXPLORE_physical_only/SAEDSLVT14_FDPRBSBQ_V2_4 has Vth implant on layer 84 which does not correspond to any Vth implant layer defined in the technology file.  Advanced rule checking will not be performed for this library cell. (PLACE-007)
Error: Library cell EXPLORE_physical_only/SAEDSLVT14_FDPRB_V3_2 has Vth implant on layer 84 which does not correspond to any Vth implant layer defined in the technology file.  Advanced rule checking will not be performed for this library cell. (PLACE-007)
Error: Library cell EXPLORE_physical_only/SAEDSLVT14_FDPSBQ_0P5 has Vth implant on layer 84 which does not correspond to any Vth implant layer defined in the technology file.  Advanced rule checking will not be performed for this library cell. (PLACE-007)
Error: Library cell EXPLORE_physical_only/SAEDSLVT14_FDPSBQ_1 has Vth implant on layer 84 which does not correspond to any Vth implant layer defined in the technology file.  Advanced rule checking will not be performed for this library cell. (PLACE-007)
Error: Library cell EXPLORE_physical_only/SAEDSLVT14_FDPSBQ_2 has Vth implant on layer 84 which does not correspond to any Vth implant layer defined in the technology file.  Advanced rule checking will not be performed for this library cell. (PLACE-007)
Error: Library cell EXPLORE_physical_only/SAEDSLVT14_FDPSBQ_4 has Vth implant on layer 84 which does not correspond to any Vth implant layer defined in the technology file.  Advanced rule checking will not be performed for this library cell. (PLACE-007)
Error: Library cell EXPLORE_physical_only/SAEDSLVT14_FDPSQB_2 has Vth implant on layer 84 which does not correspond to any Vth implant layer defined in the technology file.  Advanced rule checking will not be performed for this library cell. (PLACE-007)
Error: Library cell EXPLORE_physical_only/SAEDSLVT14_FDPSYNSBQ_V2_0P5 has Vth implant on layer 84 which does not correspond to any Vth implant layer defined in the technology file.  Advanced rule checking will not be performed for this library cell. (PLACE-007)
Error: Library cell EXPLORE_physical_only/SAEDSLVT14_FDPSYNSBQ_V2_1 has Vth implant on layer 84 which does not correspond to any Vth implant layer defined in the technology file.  Advanced rule checking will not be performed for this library cell. (PLACE-007)
Error: Library cell EXPLORE_physical_only/SAEDSLVT14_FDPSYNSBQ_V2_2 has Vth implant on layer 84 which does not correspond to any Vth implant layer defined in the technology file.  Advanced rule checking will not be performed for this library cell. (PLACE-007)
Error: Library cell EXPLORE_physical_only/SAEDSLVT14_FDPSYNSBQ_V2_4 has Vth implant on layer 84 which does not correspond to any Vth implant layer defined in the technology file.  Advanced rule checking will not be performed for this library cell. (PLACE-007)
Error: Library cell EXPLORE_physical_only/SAEDSLVT14_FDPS_V3_2 has Vth implant on layer 84 which does not correspond to any Vth implant layer defined in the technology file.  Advanced rule checking will not be performed for this library cell. (PLACE-007)
Error: Library cell EXPLORE_physical_only/SAEDSLVT14_FDP_V2LP_0P5 has Vth implant on layer 84 which does not correspond to any Vth implant layer defined in the technology file.  Advanced rule checking will not be performed for this library cell. (PLACE-007)
Error: Library cell EXPLORE_physical_only/SAEDSLVT14_FDP_V2LP_1 has Vth implant on layer 84 which does not correspond to any Vth implant layer defined in the technology file.  Advanced rule checking will not be performed for this library cell. (PLACE-007)
Error: Library cell EXPLORE_physical_only/SAEDSLVT14_FDP_V2LP_2 has Vth implant on layer 84 which does not correspond to any Vth implant layer defined in the technology file.  Advanced rule checking will not be performed for this library cell. (PLACE-007)
Error: Library cell EXPLORE_physical_only/SAEDSLVT14_FDP_V2_0P5 has Vth implant on layer 84 which does not correspond to any Vth implant layer defined in the technology file.  Advanced rule checking will not be performed for this library cell. (PLACE-007)
Error: Library cell EXPLORE_physical_only/SAEDSLVT14_FDP_V2_1 has Vth implant on layer 84 which does not correspond to any Vth implant layer defined in the technology file.  Advanced rule checking will not be performed for this library cell. (PLACE-007)
Error: Library cell EXPLORE_physical_only/SAEDSLVT14_FDP_V2_2 has Vth implant on layer 84 which does not correspond to any Vth implant layer defined in the technology file.  Advanced rule checking will not be performed for this library cell. (PLACE-007)
Error: Library cell EXPLORE_physical_only/SAEDSLVT14_FDP_V2_4 has Vth implant on layer 84 which does not correspond to any Vth implant layer defined in the technology file.  Advanced rule checking will not be performed for this library cell. (PLACE-007)
Error: Library cell EXPLORE_physical_only/SAEDSLVT14_FILL16 has Vth implant on layer 84 which does not correspond to any Vth implant layer defined in the technology file.  Advanced rule checking will not be performed for this library cell. (PLACE-007)
Error: Library cell EXPLORE_physical_only/SAEDSLVT14_FILL2 has Vth implant on layer 84 which does not correspond to any Vth implant layer defined in the technology file.  Advanced rule checking will not be performed for this library cell. (PLACE-007)
Error: Library cell EXPLORE_physical_only/SAEDSLVT14_FILL3 has Vth implant on layer 84 which does not correspond to any Vth implant layer defined in the technology file.  Advanced rule checking will not be performed for this library cell. (PLACE-007)
Error: Library cell EXPLORE_physical_only/SAEDSLVT14_FILL32 has Vth implant on layer 84 which does not correspond to any Vth implant layer defined in the technology file.  Advanced rule checking will not be performed for this library cell. (PLACE-007)
Error: Library cell EXPLORE_physical_only/SAEDSLVT14_FILL4 has Vth implant on layer 84 which does not correspond to any Vth implant layer defined in the technology file.  Advanced rule checking will not be performed for this library cell. (PLACE-007)
Error: Library cell EXPLORE_physical_only/SAEDSLVT14_FILL5 has Vth implant on layer 84 which does not correspond to any Vth implant layer defined in the technology file.  Advanced rule checking will not be performed for this library cell. (PLACE-007)
Error: Library cell EXPLORE_physical_only/SAEDSLVT14_FILL64 has Vth implant on layer 84 which does not correspond to any Vth implant layer defined in the technology file.  Advanced rule checking will not be performed for this library cell. (PLACE-007)
Error: Library cell EXPLORE_physical_only/SAEDSLVT14_FILLP2 has Vth implant on layer 84 which does not correspond to any Vth implant layer defined in the technology file.  Advanced rule checking will not be performed for this library cell. (PLACE-007)
Error: Library cell EXPLORE_physical_only/SAEDSLVT14_FILLP3 has Vth implant on layer 84 which does not correspond to any Vth implant layer defined in the technology file.  Advanced rule checking will not be performed for this library cell. (PLACE-007)
Error: Library cell EXPLORE_physical_only/SAEDSLVT14_FILL_ECO_1 has Vth implant on layer 84 which does not correspond to any Vth implant layer defined in the technology file.  Advanced rule checking will not be performed for this library cell. (PLACE-007)
Error: Library cell EXPLORE_physical_only/SAEDSLVT14_FILL_ECO_12 has Vth implant on layer 84 which does not correspond to any Vth implant layer defined in the technology file.  Advanced rule checking will not be performed for this library cell. (PLACE-007)
Error: Library cell EXPLORE_physical_only/SAEDSLVT14_FILL_ECO_15 has Vth implant on layer 84 which does not correspond to any Vth implant layer defined in the technology file.  Advanced rule checking will not be performed for this library cell. (PLACE-007)
Error: Library cell EXPLORE_physical_only/SAEDSLVT14_FILL_ECO_18 has Vth implant on layer 84 which does not correspond to any Vth implant layer defined in the technology file.  Advanced rule checking will not be performed for this library cell. (PLACE-007)
Error: Library cell EXPLORE_physical_only/SAEDSLVT14_FILL_ECO_2 has Vth implant on layer 84 which does not correspond to any Vth implant layer defined in the technology file.  Advanced rule checking will not be performed for this library cell. (PLACE-007)
Error: Library cell EXPLORE_physical_only/SAEDSLVT14_FILL_ECO_3 has Vth implant on layer 84 which does not correspond to any Vth implant layer defined in the technology file.  Advanced rule checking will not be performed for this library cell. (PLACE-007)
Error: Library cell EXPLORE_physical_only/SAEDSLVT14_FILL_ECO_6 has Vth implant on layer 84 which does not correspond to any Vth implant layer defined in the technology file.  Advanced rule checking will not be performed for this library cell. (PLACE-007)
Error: Library cell EXPLORE_physical_only/SAEDSLVT14_FILL_ECO_9 has Vth implant on layer 84 which does not correspond to any Vth implant layer defined in the technology file.  Advanced rule checking will not be performed for this library cell. (PLACE-007)
Error: Library cell EXPLORE_physical_only/SAEDSLVT14_FILL_NNWIV1Y2_2 has Vth implant on layer 84 which does not correspond to any Vth implant layer defined in the technology file.  Advanced rule checking will not be performed for this library cell. (PLACE-007)
Error: Library cell EXPLORE_physical_only/SAEDSLVT14_FILL_NNWIV1Y2_3 has Vth implant on layer 84 which does not correspond to any Vth implant layer defined in the technology file.  Advanced rule checking will not be performed for this library cell. (PLACE-007)
Error: Library cell EXPLORE_physical_only/SAEDSLVT14_FILL_NNWIY2_2 has Vth implant on layer 84 which does not correspond to any Vth implant layer defined in the technology file.  Advanced rule checking will not be performed for this library cell. (PLACE-007)
Error: Library cell EXPLORE_physical_only/SAEDSLVT14_FILL_NNWIY2_3 has Vth implant on layer 84 which does not correspond to any Vth implant layer defined in the technology file.  Advanced rule checking will not be performed for this library cell. (PLACE-007)
Error: Library cell EXPLORE_physical_only/SAEDSLVT14_FILL_NNWSPACERY2_7 has Vth implant on layer 84 which does not correspond to any Vth implant layer defined in the technology file.  Advanced rule checking will not be performed for this library cell. (PLACE-007)
Error: Library cell EXPLORE_physical_only/SAEDSLVT14_FILL_NNWVDDBRKY2_3 has Vth implant on layer 84 which does not correspond to any Vth implant layer defined in the technology file.  Advanced rule checking will not be performed for this library cell. (PLACE-007)
Error: Library cell EXPLORE_physical_only/SAEDSLVT14_FILL_SPACER_7 has Vth implant on layer 84 which does not correspond to any Vth implant layer defined in the technology file.  Advanced rule checking will not be performed for this library cell. (PLACE-007)
Error: Library cell EXPLORE_physical_only/SAEDSLVT14_FILL_Y2_3 has Vth implant on layer 84 which does not correspond to any Vth implant layer defined in the technology file.  Advanced rule checking will not be performed for this library cell. (PLACE-007)
Error: Library cell EXPLORE_physical_only/SAEDSLVT14_FSB2BDPRBQ_PV2_1 has Vth implant on layer 84 which does not correspond to any Vth implant layer defined in the technology file.  Advanced rule checking will not be performed for this library cell. (PLACE-007)
Error: Library cell EXPLORE_physical_only/SAEDSLVT14_FSB2BDPRBQ_PV2_2 has Vth implant on layer 84 which does not correspond to any Vth implant layer defined in the technology file.  Advanced rule checking will not be performed for this library cell. (PLACE-007)
Error: Library cell EXPLORE_physical_only/SAEDSLVT14_FSB2BDPRBQ_PV2_4 has Vth implant on layer 84 which does not correspond to any Vth implant layer defined in the technology file.  Advanced rule checking will not be performed for this library cell. (PLACE-007)
Error: Library cell EXPLORE_physical_only/SAEDSLVT14_FSB2BDPRBQ_PV2_8 has Vth implant on layer 84 which does not correspond to any Vth implant layer defined in the technology file.  Advanced rule checking will not be performed for this library cell. (PLACE-007)
Error: Library cell EXPLORE_physical_only/SAEDSLVT14_FSDN2_V2_0P5 has Vth implant on layer 84 which does not correspond to any Vth implant layer defined in the technology file.  Advanced rule checking will not be performed for this library cell. (PLACE-007)
Error: Library cell EXPLORE_physical_only/SAEDSLVT14_FSDN2_V2_1 has Vth implant on layer 84 which does not correspond to any Vth implant layer defined in the technology file.  Advanced rule checking will not be performed for this library cell. (PLACE-007)
Error: Library cell EXPLORE_physical_only/SAEDSLVT14_FSDN2_V2_2 has Vth implant on layer 84 which does not correspond to any Vth implant layer defined in the technology file.  Advanced rule checking will not be performed for this library cell. (PLACE-007)
Error: Library cell EXPLORE_physical_only/SAEDSLVT14_FSDN2_V2_4 has Vth implant on layer 84 which does not correspond to any Vth implant layer defined in the technology file.  Advanced rule checking will not be performed for this library cell. (PLACE-007)
Error: Library cell EXPLORE_physical_only/SAEDSLVT14_FSDN4_V2_0P5 has Vth implant on layer 84 which does not correspond to any Vth implant layer defined in the technology file.  Advanced rule checking will not be performed for this library cell. (PLACE-007)
Error: Library cell EXPLORE_physical_only/SAEDSLVT14_FSDN4_V2_1 has Vth implant on layer 84 which does not correspond to any Vth implant layer defined in the technology file.  Advanced rule checking will not be performed for this library cell. (PLACE-007)
Error: Library cell EXPLORE_physical_only/SAEDSLVT14_FSDN4_V2_2 has Vth implant on layer 84 which does not correspond to any Vth implant layer defined in the technology file.  Advanced rule checking will not be performed for this library cell. (PLACE-007)
Error: Library cell EXPLORE_physical_only/SAEDSLVT14_FSDN4_V2_4 has Vth implant on layer 84 which does not correspond to any Vth implant layer defined in the technology file.  Advanced rule checking will not be performed for this library cell. (PLACE-007)
Error: Library cell EXPLORE_physical_only/SAEDSLVT14_FSDNQ_V3_1 has Vth implant on layer 84 which does not correspond to any Vth implant layer defined in the technology file.  Advanced rule checking will not be performed for this library cell. (PLACE-007)
Error: Library cell EXPLORE_physical_only/SAEDSLVT14_FSDNQ_V3_2 has Vth implant on layer 84 which does not correspond to any Vth implant layer defined in the technology file.  Advanced rule checking will not be performed for this library cell. (PLACE-007)
Error: Library cell EXPLORE_physical_only/SAEDSLVT14_FSDNQ_V3_4 has Vth implant on layer 84 which does not correspond to any Vth implant layer defined in the technology file.  Advanced rule checking will not be performed for this library cell. (PLACE-007)
Error: Library cell EXPLORE_physical_only/SAEDSLVT14_FSDN_V2_0P5 has Vth implant on layer 84 which does not correspond to any Vth implant layer defined in the technology file.  Advanced rule checking will not be performed for this library cell. (PLACE-007)
Error: Library cell EXPLORE_physical_only/SAEDSLVT14_FSDN_V2_1 has Vth implant on layer 84 which does not correspond to any Vth implant layer defined in the technology file.  Advanced rule checking will not be performed for this library cell. (PLACE-007)
Error: Library cell EXPLORE_physical_only/SAEDSLVT14_FSDN_V2_2 has Vth implant on layer 84 which does not correspond to any Vth implant layer defined in the technology file.  Advanced rule checking will not be performed for this library cell. (PLACE-007)
Error: Library cell EXPLORE_physical_only/SAEDSLVT14_FSDN_V2_4 has Vth implant on layer 84 which does not correspond to any Vth implant layer defined in the technology file.  Advanced rule checking will not be performed for this library cell. (PLACE-007)
Error: Library cell EXPLORE_physical_only/SAEDSLVT14_FSDPMQ_0P5 has Vth implant on layer 84 which does not correspond to any Vth implant layer defined in the technology file.  Advanced rule checking will not be performed for this library cell. (PLACE-007)
Error: Library cell EXPLORE_physical_only/SAEDSLVT14_FSDPMQ_1 has Vth implant on layer 84 which does not correspond to any Vth implant layer defined in the technology file.  Advanced rule checking will not be performed for this library cell. (PLACE-007)
Error: Library cell EXPLORE_physical_only/SAEDSLVT14_FSDPMQ_2 has Vth implant on layer 84 which does not correspond to any Vth implant layer defined in the technology file.  Advanced rule checking will not be performed for this library cell. (PLACE-007)
Error: Library cell EXPLORE_physical_only/SAEDSLVT14_FSDPMQ_4 has Vth implant on layer 84 which does not correspond to any Vth implant layer defined in the technology file.  Advanced rule checking will not be performed for this library cell. (PLACE-007)
Error: Library cell EXPLORE_physical_only/SAEDSLVT14_FSDPMQ_LP_0P5 has Vth implant on layer 84 which does not correspond to any Vth implant layer defined in the technology file.  Advanced rule checking will not be performed for this library cell. (PLACE-007)
Error: Library cell EXPLORE_physical_only/SAEDSLVT14_FSDPMQ_LP_1 has Vth implant on layer 84 which does not correspond to any Vth implant layer defined in the technology file.  Advanced rule checking will not be performed for this library cell. (PLACE-007)
Error: Library cell EXPLORE_physical_only/SAEDSLVT14_FSDPMQ_LP_2 has Vth implant on layer 84 which does not correspond to any Vth implant layer defined in the technology file.  Advanced rule checking will not be performed for this library cell. (PLACE-007)
Error: Library cell EXPLORE_physical_only/SAEDSLVT14_FSDPQB_V2LP_0P5 has Vth implant on layer 84 which does not correspond to any Vth implant layer defined in the technology file.  Advanced rule checking will not be performed for this library cell. (PLACE-007)
Error: Library cell EXPLORE_physical_only/SAEDSLVT14_FSDPQB_V2LP_1 has Vth implant on layer 84 which does not correspond to any Vth implant layer defined in the technology file.  Advanced rule checking will not be performed for this library cell. (PLACE-007)
Error: Library cell EXPLORE_physical_only/SAEDSLVT14_FSDPQB_V2LP_2 has Vth implant on layer 84 which does not correspond to any Vth implant layer defined in the technology file.  Advanced rule checking will not be performed for this library cell. (PLACE-007)
Error: Library cell EXPLORE_physical_only/SAEDSLVT14_FSDPQB_V2_0P5 has Vth implant on layer 84 which does not correspond to any Vth implant layer defined in the technology file.  Advanced rule checking will not be performed for this library cell. (PLACE-007)
Error: Library cell EXPLORE_physical_only/SAEDSLVT14_FSDPQB_V2_1 has Vth implant on layer 84 which does not correspond to any Vth implant layer defined in the technology file.  Advanced rule checking will not be performed for this library cell. (PLACE-007)
Error: Library cell EXPLORE_physical_only/SAEDSLVT14_FSDPQB_V2_2 has Vth implant on layer 84 which does not correspond to any Vth implant layer defined in the technology file.  Advanced rule checking will not be performed for this library cell. (PLACE-007)
Error: Library cell EXPLORE_physical_only/SAEDSLVT14_FSDPQB_V2_4 has Vth implant on layer 84 which does not correspond to any Vth implant layer defined in the technology file.  Advanced rule checking will not be performed for this library cell. (PLACE-007)
Error: Library cell EXPLORE_physical_only/SAEDSLVT14_FSDPQB_V2_8 has Vth implant on layer 84 which does not correspond to any Vth implant layer defined in the technology file.  Advanced rule checking will not be performed for this library cell. (PLACE-007)
Error: Library cell EXPLORE_physical_only/SAEDSLVT14_FSDPQB_V3_1 has Vth implant on layer 84 which does not correspond to any Vth implant layer defined in the technology file.  Advanced rule checking will not be performed for this library cell. (PLACE-007)
Error: Library cell EXPLORE_physical_only/SAEDSLVT14_FSDPQB_V3_2 has Vth implant on layer 84 which does not correspond to any Vth implant layer defined in the technology file.  Advanced rule checking will not be performed for this library cell. (PLACE-007)
Error: Library cell EXPLORE_physical_only/SAEDSLVT14_FSDPQB_V3_4 has Vth implant on layer 84 which does not correspond to any Vth implant layer defined in the technology file.  Advanced rule checking will not be performed for this library cell. (PLACE-007)
Error: Library cell EXPLORE_physical_only/SAEDSLVT14_FSDPQB_V3_8 has Vth implant on layer 84 which does not correspond to any Vth implant layer defined in the technology file.  Advanced rule checking will not be performed for this library cell. (PLACE-007)
Error: Library cell EXPLORE_physical_only/SAEDSLVT14_FSDPQM4_V2LPY2_1 has Vth implant on layer 84 which does not correspond to any Vth implant layer defined in the technology file.  Advanced rule checking will not be performed for this library cell. (PLACE-007)
Error: Library cell EXPLORE_physical_only/SAEDSLVT14_FSDPQM4_V2Y2_1 has Vth implant on layer 84 which does not correspond to any Vth implant layer defined in the technology file.  Advanced rule checking will not be performed for this library cell. (PLACE-007)
Error: Library cell EXPLORE_physical_only/SAEDSLVT14_FSDPQ_V2LP_0P5 has Vth implant on layer 84 which does not correspond to any Vth implant layer defined in the technology file.  Advanced rule checking will not be performed for this library cell. (PLACE-007)
Error: Library cell EXPLORE_physical_only/SAEDSLVT14_FSDPQ_V2LP_1 has Vth implant on layer 84 which does not correspond to any Vth implant layer defined in the technology file.  Advanced rule checking will not be performed for this library cell. (PLACE-007)
Error: Library cell EXPLORE_physical_only/SAEDSLVT14_FSDPQ_V2LP_2 has Vth implant on layer 84 which does not correspond to any Vth implant layer defined in the technology file.  Advanced rule checking will not be performed for this library cell. (PLACE-007)
Error: Library cell EXPLORE_physical_only/SAEDSLVT14_FSDPQ_V2_0P5 has Vth implant on layer 84 which does not correspond to any Vth implant layer defined in the technology file.  Advanced rule checking will not be performed for this library cell. (PLACE-007)
Error: Library cell EXPLORE_physical_only/SAEDSLVT14_FSDPQ_V2_1 has Vth implant on layer 84 which does not correspond to any Vth implant layer defined in the technology file.  Advanced rule checking will not be performed for this library cell. (PLACE-007)
Error: Library cell EXPLORE_physical_only/SAEDSLVT14_FSDPQ_V2_2 has Vth implant on layer 84 which does not correspond to any Vth implant layer defined in the technology file.  Advanced rule checking will not be performed for this library cell. (PLACE-007)
Error: Library cell EXPLORE_physical_only/SAEDSLVT14_FSDPQ_V2_4 has Vth implant on layer 84 which does not correspond to any Vth implant layer defined in the technology file.  Advanced rule checking will not be performed for this library cell. (PLACE-007)
Error: Library cell EXPLORE_physical_only/SAEDSLVT14_FSDPQ_V3_1 has Vth implant on layer 84 which does not correspond to any Vth implant layer defined in the technology file.  Advanced rule checking will not be performed for this library cell. (PLACE-007)
Error: Library cell EXPLORE_physical_only/SAEDSLVT14_FSDPQ_V3_2 has Vth implant on layer 84 which does not correspond to any Vth implant layer defined in the technology file.  Advanced rule checking will not be performed for this library cell. (PLACE-007)
Error: Library cell EXPLORE_physical_only/SAEDSLVT14_FSDPQ_V3_4 has Vth implant on layer 84 which does not correspond to any Vth implant layer defined in the technology file.  Advanced rule checking will not be performed for this library cell. (PLACE-007)
Error: Library cell EXPLORE_physical_only/SAEDSLVT14_FSDPRBQ_V2LP_0P5 has Vth implant on layer 84 which does not correspond to any Vth implant layer defined in the technology file.  Advanced rule checking will not be performed for this library cell. (PLACE-007)
Error: Library cell EXPLORE_physical_only/SAEDSLVT14_FSDPRBQ_V2LP_1 has Vth implant on layer 84 which does not correspond to any Vth implant layer defined in the technology file.  Advanced rule checking will not be performed for this library cell. (PLACE-007)
Error: Library cell EXPLORE_physical_only/SAEDSLVT14_FSDPRBQ_V2LP_2 has Vth implant on layer 84 which does not correspond to any Vth implant layer defined in the technology file.  Advanced rule checking will not be performed for this library cell. (PLACE-007)
Error: Library cell EXPLORE_physical_only/SAEDSLVT14_FSDPRBQ_V2_0P5 has Vth implant on layer 84 which does not correspond to any Vth implant layer defined in the technology file.  Advanced rule checking will not be performed for this library cell. (PLACE-007)
Error: Library cell EXPLORE_physical_only/SAEDSLVT14_FSDPRBQ_V2_1 has Vth implant on layer 84 which does not correspond to any Vth implant layer defined in the technology file.  Advanced rule checking will not be performed for this library cell. (PLACE-007)
Error: Library cell EXPLORE_physical_only/SAEDSLVT14_FSDPRBQ_V2_2 has Vth implant on layer 84 which does not correspond to any Vth implant layer defined in the technology file.  Advanced rule checking will not be performed for this library cell. (PLACE-007)
Error: Library cell EXPLORE_physical_only/SAEDSLVT14_FSDPRBQ_V2_4 has Vth implant on layer 84 which does not correspond to any Vth implant layer defined in the technology file.  Advanced rule checking will not be performed for this library cell. (PLACE-007)
Error: Library cell EXPLORE_physical_only/SAEDSLVT14_FSDPRBQ_V3_1 has Vth implant on layer 84 which does not correspond to any Vth implant layer defined in the technology file.  Advanced rule checking will not be performed for this library cell. (PLACE-007)
Error: Library cell EXPLORE_physical_only/SAEDSLVT14_FSDPRBQ_V3_2 has Vth implant on layer 84 which does not correspond to any Vth implant layer defined in the technology file.  Advanced rule checking will not be performed for this library cell. (PLACE-007)
Error: Library cell EXPLORE_physical_only/SAEDSLVT14_FSDPRBQ_V3_4 has Vth implant on layer 84 which does not correspond to any Vth implant layer defined in the technology file.  Advanced rule checking will not be performed for this library cell. (PLACE-007)
Error: Library cell EXPLORE_physical_only/SAEDSLVT14_FSDPRBSBQ_V2LP_0P5 has Vth implant on layer 84 which does not correspond to any Vth implant layer defined in the technology file.  Advanced rule checking will not be performed for this library cell. (PLACE-007)
Error: Library cell EXPLORE_physical_only/SAEDSLVT14_FSDPRBSBQ_V2LP_1 has Vth implant on layer 84 which does not correspond to any Vth implant layer defined in the technology file.  Advanced rule checking will not be performed for this library cell. (PLACE-007)
Error: Library cell EXPLORE_physical_only/SAEDSLVT14_FSDPRBSBQ_V2LP_2 has Vth implant on layer 84 which does not correspond to any Vth implant layer defined in the technology file.  Advanced rule checking will not be performed for this library cell. (PLACE-007)
Error: Library cell EXPLORE_physical_only/SAEDSLVT14_FSDPRBSBQ_V2_0P5 has Vth implant on layer 84 which does not correspond to any Vth implant layer defined in the technology file.  Advanced rule checking will not be performed for this library cell. (PLACE-007)
Error: Library cell EXPLORE_physical_only/SAEDSLVT14_FSDPRBSBQ_V2_1 has Vth implant on layer 84 which does not correspond to any Vth implant layer defined in the technology file.  Advanced rule checking will not be performed for this library cell. (PLACE-007)
Error: Library cell EXPLORE_physical_only/SAEDSLVT14_FSDPRBSBQ_V2_2 has Vth implant on layer 84 which does not correspond to any Vth implant layer defined in the technology file.  Advanced rule checking will not be performed for this library cell. (PLACE-007)
Error: Library cell EXPLORE_physical_only/SAEDSLVT14_FSDPRBSBQ_V2_4 has Vth implant on layer 84 which does not correspond to any Vth implant layer defined in the technology file.  Advanced rule checking will not be performed for this library cell. (PLACE-007)
Error: Library cell EXPLORE_physical_only/SAEDSLVT14_FSDPSBQ_V2LP_0P5 has Vth implant on layer 84 which does not correspond to any Vth implant layer defined in the technology file.  Advanced rule checking will not be performed for this library cell. (PLACE-007)
Error: Library cell EXPLORE_physical_only/SAEDSLVT14_FSDPSBQ_V2LP_1 has Vth implant on layer 84 which does not correspond to any Vth implant layer defined in the technology file.  Advanced rule checking will not be performed for this library cell. (PLACE-007)
Error: Library cell EXPLORE_physical_only/SAEDSLVT14_FSDPSBQ_V2LP_2 has Vth implant on layer 84 which does not correspond to any Vth implant layer defined in the technology file.  Advanced rule checking will not be performed for this library cell. (PLACE-007)
Error: Library cell EXPLORE_physical_only/SAEDSLVT14_FSDPSBQ_V2_0P5 has Vth implant on layer 84 which does not correspond to any Vth implant layer defined in the technology file.  Advanced rule checking will not be performed for this library cell. (PLACE-007)
Error: Library cell EXPLORE_physical_only/SAEDSLVT14_FSDPSBQ_V2_1 has Vth implant on layer 84 which does not correspond to any Vth implant layer defined in the technology file.  Advanced rule checking will not be performed for this library cell. (PLACE-007)
Error: Library cell EXPLORE_physical_only/SAEDSLVT14_FSDPSBQ_V2_2 has Vth implant on layer 84 which does not correspond to any Vth implant layer defined in the technology file.  Advanced rule checking will not be performed for this library cell. (PLACE-007)
Error: Library cell EXPLORE_physical_only/SAEDSLVT14_FSDPSBQ_V2_4 has Vth implant on layer 84 which does not correspond to any Vth implant layer defined in the technology file.  Advanced rule checking will not be performed for this library cell. (PLACE-007)
Error: Library cell EXPLORE_physical_only/SAEDSLVT14_FSDPSYNRBQM4_V2LPY2_1 has Vth implant on layer 84 which does not correspond to any Vth implant layer defined in the technology file.  Advanced rule checking will not be performed for this library cell. (PLACE-007)
Error: Library cell EXPLORE_physical_only/SAEDSLVT14_FSDPSYNRBQM4_V2Y2_1 has Vth implant on layer 84 which does not correspond to any Vth implant layer defined in the technology file.  Advanced rule checking will not be performed for this library cell. (PLACE-007)
Error: Library cell EXPLORE_physical_only/SAEDSLVT14_FSDPSYNRBQ_V2LP_0P5 has Vth implant on layer 84 which does not correspond to any Vth implant layer defined in the technology file.  Advanced rule checking will not be performed for this library cell. (PLACE-007)
Error: Library cell EXPLORE_physical_only/SAEDSLVT14_FSDPSYNRBQ_V2LP_1 has Vth implant on layer 84 which does not correspond to any Vth implant layer defined in the technology file.  Advanced rule checking will not be performed for this library cell. (PLACE-007)
Error: Library cell EXPLORE_physical_only/SAEDSLVT14_FSDPSYNRBQ_V2LP_2 has Vth implant on layer 84 which does not correspond to any Vth implant layer defined in the technology file.  Advanced rule checking will not be performed for this library cell. (PLACE-007)
Error: Library cell EXPLORE_physical_only/SAEDSLVT14_FSDPSYNRBQ_V2_0P5 has Vth implant on layer 84 which does not correspond to any Vth implant layer defined in the technology file.  Advanced rule checking will not be performed for this library cell. (PLACE-007)
Error: Library cell EXPLORE_physical_only/SAEDSLVT14_FSDPSYNRBQ_V2_1 has Vth implant on layer 84 which does not correspond to any Vth implant layer defined in the technology file.  Advanced rule checking will not be performed for this library cell. (PLACE-007)
Error: Library cell EXPLORE_physical_only/SAEDSLVT14_FSDPSYNRBQ_V2_2 has Vth implant on layer 84 which does not correspond to any Vth implant layer defined in the technology file.  Advanced rule checking will not be performed for this library cell. (PLACE-007)
Error: Library cell EXPLORE_physical_only/SAEDSLVT14_FSDPSYNRBQ_V2_4 has Vth implant on layer 84 which does not correspond to any Vth implant layer defined in the technology file.  Advanced rule checking will not be performed for this library cell. (PLACE-007)
Error: Library cell EXPLORE_physical_only/SAEDSLVT14_FSDPSYNRBQ_V3_1 has Vth implant on layer 84 which does not correspond to any Vth implant layer defined in the technology file.  Advanced rule checking will not be performed for this library cell. (PLACE-007)
Error: Library cell EXPLORE_physical_only/SAEDSLVT14_FSDPSYNRBQ_V3_2 has Vth implant on layer 84 which does not correspond to any Vth implant layer defined in the technology file.  Advanced rule checking will not be performed for this library cell. (PLACE-007)
Error: Library cell EXPLORE_physical_only/SAEDSLVT14_FSDPSYNRBQ_V3_4 has Vth implant on layer 84 which does not correspond to any Vth implant layer defined in the technology file.  Advanced rule checking will not be performed for this library cell. (PLACE-007)
Error: Library cell EXPLORE_physical_only/SAEDSLVT14_FSDPSYNSBQ_V2LP_0P5 has Vth implant on layer 84 which does not correspond to any Vth implant layer defined in the technology file.  Advanced rule checking will not be performed for this library cell. (PLACE-007)
Error: Library cell EXPLORE_physical_only/SAEDSLVT14_FSDPSYNSBQ_V2LP_1 has Vth implant on layer 84 which does not correspond to any Vth implant layer defined in the technology file.  Advanced rule checking will not be performed for this library cell. (PLACE-007)
Error: Library cell EXPLORE_physical_only/SAEDSLVT14_FSDPSYNSBQ_V2LP_2 has Vth implant on layer 84 which does not correspond to any Vth implant layer defined in the technology file.  Advanced rule checking will not be performed for this library cell. (PLACE-007)
Error: Library cell EXPLORE_physical_only/SAEDSLVT14_FSDPSYNSBQ_V2_0P5 has Vth implant on layer 84 which does not correspond to any Vth implant layer defined in the technology file.  Advanced rule checking will not be performed for this library cell. (PLACE-007)
Error: Library cell EXPLORE_physical_only/SAEDSLVT14_FSDPSYNSBQ_V2_1 has Vth implant on layer 84 which does not correspond to any Vth implant layer defined in the technology file.  Advanced rule checking will not be performed for this library cell. (PLACE-007)
Error: Library cell EXPLORE_physical_only/SAEDSLVT14_FSDPSYNSBQ_V2_2 has Vth implant on layer 84 which does not correspond to any Vth implant layer defined in the technology file.  Advanced rule checking will not be performed for this library cell. (PLACE-007)
Error: Library cell EXPLORE_physical_only/SAEDSLVT14_FSDPSYNSBQ_V2_4 has Vth implant on layer 84 which does not correspond to any Vth implant layer defined in the technology file.  Advanced rule checking will not be performed for this library cell. (PLACE-007)
Error: Library cell EXPLORE_physical_only/SAEDSLVT14_FSDP_V2LP_1 has Vth implant on layer 84 which does not correspond to any Vth implant layer defined in the technology file.  Advanced rule checking will not be performed for this library cell. (PLACE-007)
Error: Library cell EXPLORE_physical_only/SAEDSLVT14_FSDP_V2LP_2 has Vth implant on layer 84 which does not correspond to any Vth implant layer defined in the technology file.  Advanced rule checking will not be performed for this library cell. (PLACE-007)
Error: Library cell EXPLORE_physical_only/SAEDSLVT14_FSDP_V2_0P5 has Vth implant on layer 84 which does not correspond to any Vth implant layer defined in the technology file.  Advanced rule checking will not be performed for this library cell. (PLACE-007)
Error: Library cell EXPLORE_physical_only/SAEDSLVT14_FSDP_V2_1 has Vth implant on layer 84 which does not correspond to any Vth implant layer defined in the technology file.  Advanced rule checking will not be performed for this library cell. (PLACE-007)
Error: Library cell EXPLORE_physical_only/SAEDSLVT14_FSDP_V2_2 has Vth implant on layer 84 which does not correspond to any Vth implant layer defined in the technology file.  Advanced rule checking will not be performed for this library cell. (PLACE-007)
Error: Library cell EXPLORE_physical_only/SAEDSLVT14_FSDP_V2_4 has Vth implant on layer 84 which does not correspond to any Vth implant layer defined in the technology file.  Advanced rule checking will not be performed for this library cell. (PLACE-007)
Error: Library cell EXPLORE_physical_only/SAEDSLVT14_INV_0P5 has Vth implant on layer 84 which does not correspond to any Vth implant layer defined in the technology file.  Advanced rule checking will not be performed for this library cell. (PLACE-007)
Error: Library cell EXPLORE_physical_only/SAEDSLVT14_INV_0P75 has Vth implant on layer 84 which does not correspond to any Vth implant layer defined in the technology file.  Advanced rule checking will not be performed for this library cell. (PLACE-007)
Error: Library cell EXPLORE_physical_only/SAEDSLVT14_INV_1 has Vth implant on layer 84 which does not correspond to any Vth implant layer defined in the technology file.  Advanced rule checking will not be performed for this library cell. (PLACE-007)
Error: Library cell EXPLORE_physical_only/SAEDSLVT14_INV_10 has Vth implant on layer 84 which does not correspond to any Vth implant layer defined in the technology file.  Advanced rule checking will not be performed for this library cell. (PLACE-007)
Error: Library cell EXPLORE_physical_only/SAEDSLVT14_INV_12 has Vth implant on layer 84 which does not correspond to any Vth implant layer defined in the technology file.  Advanced rule checking will not be performed for this library cell. (PLACE-007)
Error: Library cell EXPLORE_physical_only/SAEDSLVT14_INV_16 has Vth implant on layer 84 which does not correspond to any Vth implant layer defined in the technology file.  Advanced rule checking will not be performed for this library cell. (PLACE-007)
Error: Library cell EXPLORE_physical_only/SAEDSLVT14_INV_1P5 has Vth implant on layer 84 which does not correspond to any Vth implant layer defined in the technology file.  Advanced rule checking will not be performed for this library cell. (PLACE-007)
Error: Library cell EXPLORE_physical_only/SAEDSLVT14_INV_2 has Vth implant on layer 84 which does not correspond to any Vth implant layer defined in the technology file.  Advanced rule checking will not be performed for this library cell. (PLACE-007)
Error: Library cell EXPLORE_physical_only/SAEDSLVT14_INV_20 has Vth implant on layer 84 which does not correspond to any Vth implant layer defined in the technology file.  Advanced rule checking will not be performed for this library cell. (PLACE-007)
Error: Library cell EXPLORE_physical_only/SAEDSLVT14_INV_3 has Vth implant on layer 84 which does not correspond to any Vth implant layer defined in the technology file.  Advanced rule checking will not be performed for this library cell. (PLACE-007)
Error: Library cell EXPLORE_physical_only/SAEDSLVT14_INV_4 has Vth implant on layer 84 which does not correspond to any Vth implant layer defined in the technology file.  Advanced rule checking will not be performed for this library cell. (PLACE-007)
Error: Library cell EXPLORE_physical_only/SAEDSLVT14_INV_6 has Vth implant on layer 84 which does not correspond to any Vth implant layer defined in the technology file.  Advanced rule checking will not be performed for this library cell. (PLACE-007)
Error: Library cell EXPLORE_physical_only/SAEDSLVT14_INV_8 has Vth implant on layer 84 which does not correspond to any Vth implant layer defined in the technology file.  Advanced rule checking will not be performed for this library cell. (PLACE-007)
Error: Library cell EXPLORE_physical_only/SAEDSLVT14_INV_ECO_1 has Vth implant on layer 84 which does not correspond to any Vth implant layer defined in the technology file.  Advanced rule checking will not be performed for this library cell. (PLACE-007)
Error: Library cell EXPLORE_physical_only/SAEDSLVT14_INV_ECO_2 has Vth implant on layer 84 which does not correspond to any Vth implant layer defined in the technology file.  Advanced rule checking will not be performed for this library cell. (PLACE-007)
Error: Library cell EXPLORE_physical_only/SAEDSLVT14_INV_ECO_3 has Vth implant on layer 84 which does not correspond to any Vth implant layer defined in the technology file.  Advanced rule checking will not be performed for this library cell. (PLACE-007)
Error: Library cell EXPLORE_physical_only/SAEDSLVT14_INV_ECO_4 has Vth implant on layer 84 which does not correspond to any Vth implant layer defined in the technology file.  Advanced rule checking will not be performed for this library cell. (PLACE-007)
Error: Library cell EXPLORE_physical_only/SAEDSLVT14_INV_ECO_6 has Vth implant on layer 84 which does not correspond to any Vth implant layer defined in the technology file.  Advanced rule checking will not be performed for this library cell. (PLACE-007)
Error: Library cell EXPLORE_physical_only/SAEDSLVT14_INV_ECO_8 has Vth implant on layer 84 which does not correspond to any Vth implant layer defined in the technology file.  Advanced rule checking will not be performed for this library cell. (PLACE-007)
Error: Library cell EXPLORE_physical_only/SAEDSLVT14_INV_OR2_AN2_1 has Vth implant on layer 84 which does not correspond to any Vth implant layer defined in the technology file.  Advanced rule checking will not be performed for this library cell. (PLACE-007)
Error: Library cell EXPLORE_physical_only/SAEDSLVT14_INV_PECO_1 has Vth implant on layer 84 which does not correspond to any Vth implant layer defined in the technology file.  Advanced rule checking will not be performed for this library cell. (PLACE-007)
Error: Library cell EXPLORE_physical_only/SAEDSLVT14_INV_PECO_12 has Vth implant on layer 84 which does not correspond to any Vth implant layer defined in the technology file.  Advanced rule checking will not be performed for this library cell. (PLACE-007)
Error: Library cell EXPLORE_physical_only/SAEDSLVT14_INV_PECO_2 has Vth implant on layer 84 which does not correspond to any Vth implant layer defined in the technology file.  Advanced rule checking will not be performed for this library cell. (PLACE-007)
Error: Library cell EXPLORE_physical_only/SAEDSLVT14_INV_PECO_4 has Vth implant on layer 84 which does not correspond to any Vth implant layer defined in the technology file.  Advanced rule checking will not be performed for this library cell. (PLACE-007)
Error: Library cell EXPLORE_physical_only/SAEDSLVT14_INV_PECO_8 has Vth implant on layer 84 which does not correspond to any Vth implant layer defined in the technology file.  Advanced rule checking will not be performed for this library cell. (PLACE-007)
Error: Library cell EXPLORE_physical_only/SAEDSLVT14_INV_PS_1 has Vth implant on layer 84 which does not correspond to any Vth implant layer defined in the technology file.  Advanced rule checking will not be performed for this library cell. (PLACE-007)
Error: Library cell EXPLORE_physical_only/SAEDSLVT14_INV_PS_2 has Vth implant on layer 84 which does not correspond to any Vth implant layer defined in the technology file.  Advanced rule checking will not be performed for this library cell. (PLACE-007)
Error: Library cell EXPLORE_physical_only/SAEDSLVT14_INV_PS_3 has Vth implant on layer 84 which does not correspond to any Vth implant layer defined in the technology file.  Advanced rule checking will not be performed for this library cell. (PLACE-007)
Error: Library cell EXPLORE_physical_only/SAEDSLVT14_INV_PS_6 has Vth implant on layer 84 which does not correspond to any Vth implant layer defined in the technology file.  Advanced rule checking will not be performed for this library cell. (PLACE-007)
Error: Library cell EXPLORE_physical_only/SAEDSLVT14_INV_S_0P5 has Vth implant on layer 84 which does not correspond to any Vth implant layer defined in the technology file.  Advanced rule checking will not be performed for this library cell. (PLACE-007)
Error: Library cell EXPLORE_physical_only/SAEDSLVT14_INV_S_0P75 has Vth implant on layer 84 which does not correspond to any Vth implant layer defined in the technology file.  Advanced rule checking will not be performed for this library cell. (PLACE-007)
Error: Library cell EXPLORE_physical_only/SAEDSLVT14_INV_S_1 has Vth implant on layer 84 which does not correspond to any Vth implant layer defined in the technology file.  Advanced rule checking will not be performed for this library cell. (PLACE-007)
Error: Library cell EXPLORE_physical_only/SAEDSLVT14_INV_S_10 has Vth implant on layer 84 which does not correspond to any Vth implant layer defined in the technology file.  Advanced rule checking will not be performed for this library cell. (PLACE-007)
Error: Library cell EXPLORE_physical_only/SAEDSLVT14_INV_S_12 has Vth implant on layer 84 which does not correspond to any Vth implant layer defined in the technology file.  Advanced rule checking will not be performed for this library cell. (PLACE-007)
Error: Library cell EXPLORE_physical_only/SAEDSLVT14_INV_S_16 has Vth implant on layer 84 which does not correspond to any Vth implant layer defined in the technology file.  Advanced rule checking will not be performed for this library cell. (PLACE-007)
Error: Library cell EXPLORE_physical_only/SAEDSLVT14_INV_S_1P5 has Vth implant on layer 84 which does not correspond to any Vth implant layer defined in the technology file.  Advanced rule checking will not be performed for this library cell. (PLACE-007)
Error: Library cell EXPLORE_physical_only/SAEDSLVT14_INV_S_2 has Vth implant on layer 84 which does not correspond to any Vth implant layer defined in the technology file.  Advanced rule checking will not be performed for this library cell. (PLACE-007)
Error: Library cell EXPLORE_physical_only/SAEDSLVT14_INV_S_20 has Vth implant on layer 84 which does not correspond to any Vth implant layer defined in the technology file.  Advanced rule checking will not be performed for this library cell. (PLACE-007)
Error: Library cell EXPLORE_physical_only/SAEDSLVT14_INV_S_3 has Vth implant on layer 84 which does not correspond to any Vth implant layer defined in the technology file.  Advanced rule checking will not be performed for this library cell. (PLACE-007)
Error: Library cell EXPLORE_physical_only/SAEDSLVT14_INV_S_4 has Vth implant on layer 84 which does not correspond to any Vth implant layer defined in the technology file.  Advanced rule checking will not be performed for this library cell. (PLACE-007)
Error: Library cell EXPLORE_physical_only/SAEDSLVT14_INV_S_5 has Vth implant on layer 84 which does not correspond to any Vth implant layer defined in the technology file.  Advanced rule checking will not be performed for this library cell. (PLACE-007)
Error: Library cell EXPLORE_physical_only/SAEDSLVT14_INV_S_6 has Vth implant on layer 84 which does not correspond to any Vth implant layer defined in the technology file.  Advanced rule checking will not be performed for this library cell. (PLACE-007)
Error: Library cell EXPLORE_physical_only/SAEDSLVT14_INV_S_7 has Vth implant on layer 84 which does not correspond to any Vth implant layer defined in the technology file.  Advanced rule checking will not be performed for this library cell. (PLACE-007)
Error: Library cell EXPLORE_physical_only/SAEDSLVT14_INV_S_8 has Vth implant on layer 84 which does not correspond to any Vth implant layer defined in the technology file.  Advanced rule checking will not be performed for this library cell. (PLACE-007)
Error: Library cell EXPLORE_physical_only/SAEDSLVT14_INV_S_9 has Vth implant on layer 84 which does not correspond to any Vth implant layer defined in the technology file.  Advanced rule checking will not be performed for this library cell. (PLACE-007)
Error: Library cell EXPLORE_physical_only/SAEDSLVT14_ISOFSDPQ_PECO_4 has Vth implant on layer 84 which does not correspond to any Vth implant layer defined in the technology file.  Advanced rule checking will not be performed for this library cell. (PLACE-007)
Error: Library cell EXPLORE_physical_only/SAEDSLVT14_ISOFSDPQ_PECO_8 has Vth implant on layer 84 which does not correspond to any Vth implant layer defined in the technology file.  Advanced rule checking will not be performed for this library cell. (PLACE-007)
Error: Library cell EXPLORE_physical_only/SAEDSLVT14_ISOS0CL1_PECO4_1 has Vth implant on layer 84 which does not correspond to any Vth implant layer defined in the technology file.  Advanced rule checking will not be performed for this library cell. (PLACE-007)
Error: Library cell EXPLORE_physical_only/SAEDSLVT14_ISOS0CL1_PECO4_2 has Vth implant on layer 84 which does not correspond to any Vth implant layer defined in the technology file.  Advanced rule checking will not be performed for this library cell. (PLACE-007)
Error: Library cell EXPLORE_physical_only/SAEDSLVT14_ISOS0CL1_PECO_1 has Vth implant on layer 84 which does not correspond to any Vth implant layer defined in the technology file.  Advanced rule checking will not be performed for this library cell. (PLACE-007)
Error: Library cell EXPLORE_physical_only/SAEDSLVT14_ISOS0CL1_PECO_2 has Vth implant on layer 84 which does not correspond to any Vth implant layer defined in the technology file.  Advanced rule checking will not be performed for this library cell. (PLACE-007)
Error: Library cell EXPLORE_physical_only/SAEDSLVT14_ISOS0CL1_PECO_4 has Vth implant on layer 84 which does not correspond to any Vth implant layer defined in the technology file.  Advanced rule checking will not be performed for this library cell. (PLACE-007)
Error: Library cell EXPLORE_physical_only/SAEDSLVT14_ISOS0CL1_PECO_8 has Vth implant on layer 84 which does not correspond to any Vth implant layer defined in the technology file.  Advanced rule checking will not be performed for this library cell. (PLACE-007)
Error: Library cell EXPLORE_physical_only/SAEDSLVT14_ISOS0CL1_P_2 has Vth implant on layer 84 which does not correspond to any Vth implant layer defined in the technology file.  Advanced rule checking will not be performed for this library cell. (PLACE-007)
Error: Library cell EXPLORE_physical_only/SAEDSLVT14_ISOS0CL1_P_8 has Vth implant on layer 84 which does not correspond to any Vth implant layer defined in the technology file.  Advanced rule checking will not be performed for this library cell. (PLACE-007)
Error: Library cell EXPLORE_physical_only/SAEDSLVT14_ISOS1CL0_PECO_1 has Vth implant on layer 84 which does not correspond to any Vth implant layer defined in the technology file.  Advanced rule checking will not be performed for this library cell. (PLACE-007)
Error: Library cell EXPLORE_physical_only/SAEDSLVT14_ISOS1CL0_PECO_2 has Vth implant on layer 84 which does not correspond to any Vth implant layer defined in the technology file.  Advanced rule checking will not be performed for this library cell. (PLACE-007)
Error: Library cell EXPLORE_physical_only/SAEDSLVT14_ISOS1CL0_PECO_4 has Vth implant on layer 84 which does not correspond to any Vth implant layer defined in the technology file.  Advanced rule checking will not be performed for this library cell. (PLACE-007)
Error: Library cell EXPLORE_physical_only/SAEDSLVT14_ISOS1CL0_PECO_8 has Vth implant on layer 84 which does not correspond to any Vth implant layer defined in the technology file.  Advanced rule checking will not be performed for this library cell. (PLACE-007)
Error: Library cell EXPLORE_physical_only/SAEDSLVT14_ISOS1CL0_P_2 has Vth implant on layer 84 which does not correspond to any Vth implant layer defined in the technology file.  Advanced rule checking will not be performed for this library cell. (PLACE-007)
Error: Library cell EXPLORE_physical_only/SAEDSLVT14_ISOS1CL0_P_8 has Vth implant on layer 84 which does not correspond to any Vth implant layer defined in the technology file.  Advanced rule checking will not be performed for this library cell. (PLACE-007)
Error: Library cell EXPLORE_physical_only/SAEDSLVT14_LDCKNR2PQ_5 has Vth implant on layer 84 which does not correspond to any Vth implant layer defined in the technology file.  Advanced rule checking will not be performed for this library cell. (PLACE-007)
Error: Library cell EXPLORE_physical_only/SAEDSLVT14_LDND2NQ_1 has Vth implant on layer 84 which does not correspond to any Vth implant layer defined in the technology file.  Advanced rule checking will not be performed for this library cell. (PLACE-007)
Error: Library cell EXPLORE_physical_only/SAEDSLVT14_LDND2NQ_2 has Vth implant on layer 84 which does not correspond to any Vth implant layer defined in the technology file.  Advanced rule checking will not be performed for this library cell. (PLACE-007)
Error: Library cell EXPLORE_physical_only/SAEDSLVT14_LDND2NQ_4 has Vth implant on layer 84 which does not correspond to any Vth implant layer defined in the technology file.  Advanced rule checking will not be performed for this library cell. (PLACE-007)
Error: Library cell EXPLORE_physical_only/SAEDSLVT14_LDNQOR2_1 has Vth implant on layer 84 which does not correspond to any Vth implant layer defined in the technology file.  Advanced rule checking will not be performed for this library cell. (PLACE-007)
Error: Library cell EXPLORE_physical_only/SAEDSLVT14_LDNQOR2_2 has Vth implant on layer 84 which does not correspond to any Vth implant layer defined in the technology file.  Advanced rule checking will not be performed for this library cell. (PLACE-007)
Error: Library cell EXPLORE_physical_only/SAEDSLVT14_LDNQOR2_4 has Vth implant on layer 84 which does not correspond to any Vth implant layer defined in the technology file.  Advanced rule checking will not be performed for this library cell. (PLACE-007)
Error: Library cell EXPLORE_physical_only/SAEDSLVT14_LDNQ_1 has Vth implant on layer 84 which does not correspond to any Vth implant layer defined in the technology file.  Advanced rule checking will not be performed for this library cell. (PLACE-007)
Error: Library cell EXPLORE_physical_only/SAEDSLVT14_LDNQ_2 has Vth implant on layer 84 which does not correspond to any Vth implant layer defined in the technology file.  Advanced rule checking will not be performed for this library cell. (PLACE-007)
Error: Library cell EXPLORE_physical_only/SAEDSLVT14_LDNQ_3 has Vth implant on layer 84 which does not correspond to any Vth implant layer defined in the technology file.  Advanced rule checking will not be performed for this library cell. (PLACE-007)
Error: Library cell EXPLORE_physical_only/SAEDSLVT14_LDNQ_4 has Vth implant on layer 84 which does not correspond to any Vth implant layer defined in the technology file.  Advanced rule checking will not be performed for this library cell. (PLACE-007)
Error: Library cell EXPLORE_physical_only/SAEDSLVT14_LDNQ_5 has Vth implant on layer 84 which does not correspond to any Vth implant layer defined in the technology file.  Advanced rule checking will not be performed for this library cell. (PLACE-007)
Error: Library cell EXPLORE_physical_only/SAEDSLVT14_LDNQ_6 has Vth implant on layer 84 which does not correspond to any Vth implant layer defined in the technology file.  Advanced rule checking will not be performed for this library cell. (PLACE-007)
Error: Library cell EXPLORE_physical_only/SAEDSLVT14_LDNQ_8 has Vth implant on layer 84 which does not correspond to any Vth implant layer defined in the technology file.  Advanced rule checking will not be performed for this library cell. (PLACE-007)
Error: Library cell EXPLORE_physical_only/SAEDSLVT14_LDNQ_U_0P5 has Vth implant on layer 84 which does not correspond to any Vth implant layer defined in the technology file.  Advanced rule checking will not be performed for this library cell. (PLACE-007)
Error: Library cell EXPLORE_physical_only/SAEDSLVT14_LDNQ_V1_1 has Vth implant on layer 84 which does not correspond to any Vth implant layer defined in the technology file.  Advanced rule checking will not be performed for this library cell. (PLACE-007)
Error: Library cell EXPLORE_physical_only/SAEDSLVT14_LDNQ_V1_2 has Vth implant on layer 84 which does not correspond to any Vth implant layer defined in the technology file.  Advanced rule checking will not be performed for this library cell. (PLACE-007)
Error: Library cell EXPLORE_physical_only/SAEDSLVT14_LDNQ_V1_4 has Vth implant on layer 84 which does not correspond to any Vth implant layer defined in the technology file.  Advanced rule checking will not be performed for this library cell. (PLACE-007)
Error: Library cell EXPLORE_physical_only/SAEDSLVT14_LDNR2PQ_1 has Vth implant on layer 84 which does not correspond to any Vth implant layer defined in the technology file.  Advanced rule checking will not be performed for this library cell. (PLACE-007)
Error: Library cell EXPLORE_physical_only/SAEDSLVT14_LDNR2PQ_2 has Vth implant on layer 84 which does not correspond to any Vth implant layer defined in the technology file.  Advanced rule checking will not be performed for this library cell. (PLACE-007)
Error: Library cell EXPLORE_physical_only/SAEDSLVT14_LDNR2PQ_4 has Vth implant on layer 84 which does not correspond to any Vth implant layer defined in the technology file.  Advanced rule checking will not be performed for this library cell. (PLACE-007)
Error: Library cell EXPLORE_physical_only/SAEDSLVT14_LDNRBQ_V2_0P5 has Vth implant on layer 84 which does not correspond to any Vth implant layer defined in the technology file.  Advanced rule checking will not be performed for this library cell. (PLACE-007)
Error: Library cell EXPLORE_physical_only/SAEDSLVT14_LDNRBQ_V2_1 has Vth implant on layer 84 which does not correspond to any Vth implant layer defined in the technology file.  Advanced rule checking will not be performed for this library cell. (PLACE-007)
Error: Library cell EXPLORE_physical_only/SAEDSLVT14_LDNRBQ_V2_2 has Vth implant on layer 84 which does not correspond to any Vth implant layer defined in the technology file.  Advanced rule checking will not be performed for this library cell. (PLACE-007)
Error: Library cell EXPLORE_physical_only/SAEDSLVT14_LDNRBQ_V2_4 has Vth implant on layer 84 which does not correspond to any Vth implant layer defined in the technology file.  Advanced rule checking will not be performed for this library cell. (PLACE-007)
Error: Library cell EXPLORE_physical_only/SAEDSLVT14_LDOR2PQ_1 has Vth implant on layer 84 which does not correspond to any Vth implant layer defined in the technology file.  Advanced rule checking will not be performed for this library cell. (PLACE-007)
Error: Library cell EXPLORE_physical_only/SAEDSLVT14_LDOR2PQ_2 has Vth implant on layer 84 which does not correspond to any Vth implant layer defined in the technology file.  Advanced rule checking will not be performed for this library cell. (PLACE-007)
Error: Library cell EXPLORE_physical_only/SAEDSLVT14_LDOR2PQ_4 has Vth implant on layer 84 which does not correspond to any Vth implant layer defined in the technology file.  Advanced rule checking will not be performed for this library cell. (PLACE-007)
Error: Library cell EXPLORE_physical_only/SAEDSLVT14_LDPQ_1 has Vth implant on layer 84 which does not correspond to any Vth implant layer defined in the technology file.  Advanced rule checking will not be performed for this library cell. (PLACE-007)
Error: Library cell EXPLORE_physical_only/SAEDSLVT14_LDPQ_2 has Vth implant on layer 84 which does not correspond to any Vth implant layer defined in the technology file.  Advanced rule checking will not be performed for this library cell. (PLACE-007)
Error: Library cell EXPLORE_physical_only/SAEDSLVT14_LDPQ_3 has Vth implant on layer 84 which does not correspond to any Vth implant layer defined in the technology file.  Advanced rule checking will not be performed for this library cell. (PLACE-007)
Error: Library cell EXPLORE_physical_only/SAEDSLVT14_LDPQ_4 has Vth implant on layer 84 which does not correspond to any Vth implant layer defined in the technology file.  Advanced rule checking will not be performed for this library cell. (PLACE-007)
Error: Library cell EXPLORE_physical_only/SAEDSLVT14_LDPQ_5 has Vth implant on layer 84 which does not correspond to any Vth implant layer defined in the technology file.  Advanced rule checking will not be performed for this library cell. (PLACE-007)
Error: Library cell EXPLORE_physical_only/SAEDSLVT14_LDPQ_6 has Vth implant on layer 84 which does not correspond to any Vth implant layer defined in the technology file.  Advanced rule checking will not be performed for this library cell. (PLACE-007)
Error: Library cell EXPLORE_physical_only/SAEDSLVT14_LDPQ_8 has Vth implant on layer 84 which does not correspond to any Vth implant layer defined in the technology file.  Advanced rule checking will not be performed for this library cell. (PLACE-007)
Error: Library cell EXPLORE_physical_only/SAEDSLVT14_LDPQ_ECO_1 has Vth implant on layer 84 which does not correspond to any Vth implant layer defined in the technology file.  Advanced rule checking will not be performed for this library cell. (PLACE-007)
Error: Library cell EXPLORE_physical_only/SAEDSLVT14_LDPQ_U_0P5 has Vth implant on layer 84 which does not correspond to any Vth implant layer defined in the technology file.  Advanced rule checking will not be performed for this library cell. (PLACE-007)
Error: Library cell EXPLORE_physical_only/SAEDSLVT14_LDPQ_V1_1 has Vth implant on layer 84 which does not correspond to any Vth implant layer defined in the technology file.  Advanced rule checking will not be performed for this library cell. (PLACE-007)
Error: Library cell EXPLORE_physical_only/SAEDSLVT14_LDPQ_V1_2 has Vth implant on layer 84 which does not correspond to any Vth implant layer defined in the technology file.  Advanced rule checking will not be performed for this library cell. (PLACE-007)
Error: Library cell EXPLORE_physical_only/SAEDSLVT14_LDPQ_V1_4 has Vth implant on layer 84 which does not correspond to any Vth implant layer defined in the technology file.  Advanced rule checking will not be performed for this library cell. (PLACE-007)
Error: Library cell EXPLORE_physical_only/SAEDSLVT14_LDPRSQB_1 has Vth implant on layer 84 which does not correspond to any Vth implant layer defined in the technology file.  Advanced rule checking will not be performed for this library cell. (PLACE-007)
Error: Library cell EXPLORE_physical_only/SAEDSLVT14_LDPSBQ_V2_0P5 has Vth implant on layer 84 which does not correspond to any Vth implant layer defined in the technology file.  Advanced rule checking will not be performed for this library cell. (PLACE-007)
Error: Library cell EXPLORE_physical_only/SAEDSLVT14_LDPSBQ_V2_1 has Vth implant on layer 84 which does not correspond to any Vth implant layer defined in the technology file.  Advanced rule checking will not be performed for this library cell. (PLACE-007)
Error: Library cell EXPLORE_physical_only/SAEDSLVT14_LDPSBQ_V2_2 has Vth implant on layer 84 which does not correspond to any Vth implant layer defined in the technology file.  Advanced rule checking will not be performed for this library cell. (PLACE-007)
Error: Library cell EXPLORE_physical_only/SAEDSLVT14_LDPSBQ_V2_4 has Vth implant on layer 84 which does not correspond to any Vth implant layer defined in the technology file.  Advanced rule checking will not be performed for this library cell. (PLACE-007)
Error: Library cell EXPLORE_physical_only/SAEDSLVT14_LSRDPQ4_1 has Vth implant on layer 84 which does not correspond to any Vth implant layer defined in the technology file.  Advanced rule checking will not be performed for this library cell. (PLACE-007)
Error: Library cell EXPLORE_physical_only/SAEDSLVT14_LSRDPQ4_2 has Vth implant on layer 84 which does not correspond to any Vth implant layer defined in the technology file.  Advanced rule checking will not be performed for this library cell. (PLACE-007)
Error: Library cell EXPLORE_physical_only/SAEDSLVT14_LSRDPQ_1 has Vth implant on layer 84 which does not correspond to any Vth implant layer defined in the technology file.  Advanced rule checking will not be performed for this library cell. (PLACE-007)
Error: Library cell EXPLORE_physical_only/SAEDSLVT14_LSRDPQ_2 has Vth implant on layer 84 which does not correspond to any Vth implant layer defined in the technology file.  Advanced rule checking will not be performed for this library cell. (PLACE-007)
Error: Library cell EXPLORE_physical_only/SAEDSLVT14_LVLDBUFE0_IY2V1_1 has Vth implant on layer 84 which does not correspond to any Vth implant layer defined in the technology file.  Advanced rule checking will not be performed for this library cell. (PLACE-007)
Error: Library cell EXPLORE_physical_only/SAEDSLVT14_LVLDBUFE0_IY2V1_10 has Vth implant on layer 84 which does not correspond to any Vth implant layer defined in the technology file.  Advanced rule checking will not be performed for this library cell. (PLACE-007)
Error: Library cell EXPLORE_physical_only/SAEDSLVT14_LVLDBUFE0_IY2V1_12 has Vth implant on layer 84 which does not correspond to any Vth implant layer defined in the technology file.  Advanced rule checking will not be performed for this library cell. (PLACE-007)
Error: Library cell EXPLORE_physical_only/SAEDSLVT14_LVLDBUFE0_IY2V1_2 has Vth implant on layer 84 which does not correspond to any Vth implant layer defined in the technology file.  Advanced rule checking will not be performed for this library cell. (PLACE-007)
Error: Library cell EXPLORE_physical_only/SAEDSLVT14_LVLDBUFE0_IY2V1_3 has Vth implant on layer 84 which does not correspond to any Vth implant layer defined in the technology file.  Advanced rule checking will not be performed for this library cell. (PLACE-007)
Error: Library cell EXPLORE_physical_only/SAEDSLVT14_LVLDBUFE0_IY2V1_4 has Vth implant on layer 84 which does not correspond to any Vth implant layer defined in the technology file.  Advanced rule checking will not be performed for this library cell. (PLACE-007)
Error: Library cell EXPLORE_physical_only/SAEDSLVT14_LVLDBUFE0_IY2V1_6 has Vth implant on layer 84 which does not correspond to any Vth implant layer defined in the technology file.  Advanced rule checking will not be performed for this library cell. (PLACE-007)
Error: Library cell EXPLORE_physical_only/SAEDSLVT14_LVLDBUFE0_IY2V1_8 has Vth implant on layer 84 which does not correspond to any Vth implant layer defined in the technology file.  Advanced rule checking will not be performed for this library cell. (PLACE-007)
Error: Library cell EXPLORE_physical_only/SAEDSLVT14_LVLDBUFE0_IY2_1 has Vth implant on layer 84 which does not correspond to any Vth implant layer defined in the technology file.  Advanced rule checking will not be performed for this library cell. (PLACE-007)
Error: Library cell EXPLORE_physical_only/SAEDSLVT14_LVLDBUFE0_IY2_10 has Vth implant on layer 84 which does not correspond to any Vth implant layer defined in the technology file.  Advanced rule checking will not be performed for this library cell. (PLACE-007)
Error: Library cell EXPLORE_physical_only/SAEDSLVT14_LVLDBUFE0_IY2_12 has Vth implant on layer 84 which does not correspond to any Vth implant layer defined in the technology file.  Advanced rule checking will not be performed for this library cell. (PLACE-007)
Error: Library cell EXPLORE_physical_only/SAEDSLVT14_LVLDBUFE0_IY2_2 has Vth implant on layer 84 which does not correspond to any Vth implant layer defined in the technology file.  Advanced rule checking will not be performed for this library cell. (PLACE-007)
Error: Library cell EXPLORE_physical_only/SAEDSLVT14_LVLDBUFE0_IY2_3 has Vth implant on layer 84 which does not correspond to any Vth implant layer defined in the technology file.  Advanced rule checking will not be performed for this library cell. (PLACE-007)
Error: Library cell EXPLORE_physical_only/SAEDSLVT14_LVLDBUFE0_IY2_4 has Vth implant on layer 84 which does not correspond to any Vth implant layer defined in the technology file.  Advanced rule checking will not be performed for this library cell. (PLACE-007)
Error: Library cell EXPLORE_physical_only/SAEDSLVT14_LVLDBUFE0_IY2_6 has Vth implant on layer 84 which does not correspond to any Vth implant layer defined in the technology file.  Advanced rule checking will not be performed for this library cell. (PLACE-007)
Error: Library cell EXPLORE_physical_only/SAEDSLVT14_LVLDBUFE1_IY2V1_1 has Vth implant on layer 84 which does not correspond to any Vth implant layer defined in the technology file.  Advanced rule checking will not be performed for this library cell. (PLACE-007)
Error: Library cell EXPLORE_physical_only/SAEDSLVT14_LVLDBUFE1_IY2V1_10 has Vth implant on layer 84 which does not correspond to any Vth implant layer defined in the technology file.  Advanced rule checking will not be performed for this library cell. (PLACE-007)
Error: Library cell EXPLORE_physical_only/SAEDSLVT14_LVLDBUFE1_IY2V1_12 has Vth implant on layer 84 which does not correspond to any Vth implant layer defined in the technology file.  Advanced rule checking will not be performed for this library cell. (PLACE-007)
Error: Library cell EXPLORE_physical_only/SAEDSLVT14_LVLDBUFE1_IY2V1_2 has Vth implant on layer 84 which does not correspond to any Vth implant layer defined in the technology file.  Advanced rule checking will not be performed for this library cell. (PLACE-007)
Error: Library cell EXPLORE_physical_only/SAEDSLVT14_LVLDBUFE1_IY2V1_3 has Vth implant on layer 84 which does not correspond to any Vth implant layer defined in the technology file.  Advanced rule checking will not be performed for this library cell. (PLACE-007)
Error: Library cell EXPLORE_physical_only/SAEDSLVT14_LVLDBUFE1_IY2V1_4 has Vth implant on layer 84 which does not correspond to any Vth implant layer defined in the technology file.  Advanced rule checking will not be performed for this library cell. (PLACE-007)
Error: Library cell EXPLORE_physical_only/SAEDSLVT14_LVLDBUFE1_IY2V1_6 has Vth implant on layer 84 which does not correspond to any Vth implant layer defined in the technology file.  Advanced rule checking will not be performed for this library cell. (PLACE-007)
Error: Library cell EXPLORE_physical_only/SAEDSLVT14_LVLDBUFE1_IY2V1_8 has Vth implant on layer 84 which does not correspond to any Vth implant layer defined in the technology file.  Advanced rule checking will not be performed for this library cell. (PLACE-007)
Error: Library cell EXPLORE_physical_only/SAEDSLVT14_LVLDBUFE1_IY2_1 has Vth implant on layer 84 which does not correspond to any Vth implant layer defined in the technology file.  Advanced rule checking will not be performed for this library cell. (PLACE-007)
Error: Library cell EXPLORE_physical_only/SAEDSLVT14_LVLDBUFE1_IY2_10 has Vth implant on layer 84 which does not correspond to any Vth implant layer defined in the technology file.  Advanced rule checking will not be performed for this library cell. (PLACE-007)
Error: Library cell EXPLORE_physical_only/SAEDSLVT14_LVLDBUFE1_IY2_12 has Vth implant on layer 84 which does not correspond to any Vth implant layer defined in the technology file.  Advanced rule checking will not be performed for this library cell. (PLACE-007)
Error: Library cell EXPLORE_physical_only/SAEDSLVT14_LVLDBUFE1_IY2_2 has Vth implant on layer 84 which does not correspond to any Vth implant layer defined in the technology file.  Advanced rule checking will not be performed for this library cell. (PLACE-007)
Error: Library cell EXPLORE_physical_only/SAEDSLVT14_LVLDBUFE1_IY2_4 has Vth implant on layer 84 which does not correspond to any Vth implant layer defined in the technology file.  Advanced rule checking will not be performed for this library cell. (PLACE-007)
Error: Library cell EXPLORE_physical_only/SAEDSLVT14_LVLDBUFE1_IY2_6 has Vth implant on layer 84 which does not correspond to any Vth implant layer defined in the technology file.  Advanced rule checking will not be performed for this library cell. (PLACE-007)
Error: Library cell EXPLORE_physical_only/SAEDSLVT14_LVLDBUFE1_IY2_8 has Vth implant on layer 84 which does not correspond to any Vth implant layer defined in the technology file.  Advanced rule checking will not be performed for this library cell. (PLACE-007)
Error: Library cell EXPLORE_physical_only/SAEDSLVT14_LVLDBUF_IY2V1_1 has Vth implant on layer 84 which does not correspond to any Vth implant layer defined in the technology file.  Advanced rule checking will not be performed for this library cell. (PLACE-007)
Error: Library cell EXPLORE_physical_only/SAEDSLVT14_LVLDBUF_IY2V1_10 has Vth implant on layer 84 which does not correspond to any Vth implant layer defined in the technology file.  Advanced rule checking will not be performed for this library cell. (PLACE-007)
Error: Library cell EXPLORE_physical_only/SAEDSLVT14_LVLDBUF_IY2V1_12 has Vth implant on layer 84 which does not correspond to any Vth implant layer defined in the technology file.  Advanced rule checking will not be performed for this library cell. (PLACE-007)
Error: Library cell EXPLORE_physical_only/SAEDSLVT14_LVLDBUF_IY2V1_2 has Vth implant on layer 84 which does not correspond to any Vth implant layer defined in the technology file.  Advanced rule checking will not be performed for this library cell. (PLACE-007)
Error: Library cell EXPLORE_physical_only/SAEDSLVT14_LVLDBUF_IY2V1_3 has Vth implant on layer 84 which does not correspond to any Vth implant layer defined in the technology file.  Advanced rule checking will not be performed for this library cell. (PLACE-007)
Error: Library cell EXPLORE_physical_only/SAEDSLVT14_LVLDBUF_IY2V1_4 has Vth implant on layer 84 which does not correspond to any Vth implant layer defined in the technology file.  Advanced rule checking will not be performed for this library cell. (PLACE-007)
Error: Library cell EXPLORE_physical_only/SAEDSLVT14_LVLDBUF_IY2V1_6 has Vth implant on layer 84 which does not correspond to any Vth implant layer defined in the technology file.  Advanced rule checking will not be performed for this library cell. (PLACE-007)
Error: Library cell EXPLORE_physical_only/SAEDSLVT14_LVLDBUF_IY2V1_8 has Vth implant on layer 84 which does not correspond to any Vth implant layer defined in the technology file.  Advanced rule checking will not be performed for this library cell. (PLACE-007)
Error: Library cell EXPLORE_physical_only/SAEDSLVT14_LVLUBUF4E0_IY2_2 has Vth implant on layer 84 which does not correspond to any Vth implant layer defined in the technology file.  Advanced rule checking will not be performed for this library cell. (PLACE-007)
Error: Library cell EXPLORE_physical_only/SAEDSLVT14_LVLUBUF4E0_IY2_4 has Vth implant on layer 84 which does not correspond to any Vth implant layer defined in the technology file.  Advanced rule checking will not be performed for this library cell. (PLACE-007)
Error: Library cell EXPLORE_physical_only/SAEDSLVT14_LVLUBUF4E0_IY2_8 has Vth implant on layer 84 which does not correspond to any Vth implant layer defined in the technology file.  Advanced rule checking will not be performed for this library cell. (PLACE-007)
Error: Library cell EXPLORE_physical_only/SAEDSLVT14_LVLUBUFE0_IY2V1_1 has Vth implant on layer 84 which does not correspond to any Vth implant layer defined in the technology file.  Advanced rule checking will not be performed for this library cell. (PLACE-007)
Error: Library cell EXPLORE_physical_only/SAEDSLVT14_LVLUBUFE0_IY2V1_10 has Vth implant on layer 84 which does not correspond to any Vth implant layer defined in the technology file.  Advanced rule checking will not be performed for this library cell. (PLACE-007)
Error: Library cell EXPLORE_physical_only/SAEDSLVT14_LVLUBUFE0_IY2V1_12 has Vth implant on layer 84 which does not correspond to any Vth implant layer defined in the technology file.  Advanced rule checking will not be performed for this library cell. (PLACE-007)
Error: Library cell EXPLORE_physical_only/SAEDSLVT14_LVLUBUFE0_IY2V1_2 has Vth implant on layer 84 which does not correspond to any Vth implant layer defined in the technology file.  Advanced rule checking will not be performed for this library cell. (PLACE-007)
Error: Library cell EXPLORE_physical_only/SAEDSLVT14_LVLUBUFE0_IY2V1_3 has Vth implant on layer 84 which does not correspond to any Vth implant layer defined in the technology file.  Advanced rule checking will not be performed for this library cell. (PLACE-007)
Error: Library cell EXPLORE_physical_only/SAEDSLVT14_LVLUBUFE0_IY2V1_4 has Vth implant on layer 84 which does not correspond to any Vth implant layer defined in the technology file.  Advanced rule checking will not be performed for this library cell. (PLACE-007)
Error: Library cell EXPLORE_physical_only/SAEDSLVT14_LVLUBUFE0_IY2V1_6 has Vth implant on layer 84 which does not correspond to any Vth implant layer defined in the technology file.  Advanced rule checking will not be performed for this library cell. (PLACE-007)
Error: Library cell EXPLORE_physical_only/SAEDSLVT14_LVLUBUFE0_IY2V1_8 has Vth implant on layer 84 which does not correspond to any Vth implant layer defined in the technology file.  Advanced rule checking will not be performed for this library cell. (PLACE-007)
Error: Library cell EXPLORE_physical_only/SAEDSLVT14_LVLUBUFE0_IY2_1 has Vth implant on layer 84 which does not correspond to any Vth implant layer defined in the technology file.  Advanced rule checking will not be performed for this library cell. (PLACE-007)
Error: Library cell EXPLORE_physical_only/SAEDSLVT14_LVLUBUFE0_IY2_10 has Vth implant on layer 84 which does not correspond to any Vth implant layer defined in the technology file.  Advanced rule checking will not be performed for this library cell. (PLACE-007)
Error: Library cell EXPLORE_physical_only/SAEDSLVT14_LVLUBUFE0_IY2_12 has Vth implant on layer 84 which does not correspond to any Vth implant layer defined in the technology file.  Advanced rule checking will not be performed for this library cell. (PLACE-007)
Error: Library cell EXPLORE_physical_only/SAEDSLVT14_LVLUBUFE0_IY2_2 has Vth implant on layer 84 which does not correspond to any Vth implant layer defined in the technology file.  Advanced rule checking will not be performed for this library cell. (PLACE-007)
Error: Library cell EXPLORE_physical_only/SAEDSLVT14_LVLUBUFE0_IY2_3 has Vth implant on layer 84 which does not correspond to any Vth implant layer defined in the technology file.  Advanced rule checking will not be performed for this library cell. (PLACE-007)
Error: Library cell EXPLORE_physical_only/SAEDSLVT14_LVLUBUFE0_IY2_4 has Vth implant on layer 84 which does not correspond to any Vth implant layer defined in the technology file.  Advanced rule checking will not be performed for this library cell. (PLACE-007)
Error: Library cell EXPLORE_physical_only/SAEDSLVT14_LVLUBUFE0_IY2_6 has Vth implant on layer 84 which does not correspond to any Vth implant layer defined in the technology file.  Advanced rule checking will not be performed for this library cell. (PLACE-007)
Error: Library cell EXPLORE_physical_only/SAEDSLVT14_LVLUBUFE0_IY2_8 has Vth implant on layer 84 which does not correspond to any Vth implant layer defined in the technology file.  Advanced rule checking will not be performed for this library cell. (PLACE-007)
Error: Library cell EXPLORE_physical_only/SAEDSLVT14_LVLUBUFE1_IY2V1_1 has Vth implant on layer 84 which does not correspond to any Vth implant layer defined in the technology file.  Advanced rule checking will not be performed for this library cell. (PLACE-007)
Error: Library cell EXPLORE_physical_only/SAEDSLVT14_LVLUBUFE1_IY2V1_10 has Vth implant on layer 84 which does not correspond to any Vth implant layer defined in the technology file.  Advanced rule checking will not be performed for this library cell. (PLACE-007)
Error: Library cell EXPLORE_physical_only/SAEDSLVT14_LVLUBUFE1_IY2V1_12 has Vth implant on layer 84 which does not correspond to any Vth implant layer defined in the technology file.  Advanced rule checking will not be performed for this library cell. (PLACE-007)
Error: Library cell EXPLORE_physical_only/SAEDSLVT14_LVLUBUFE1_IY2V1_2 has Vth implant on layer 84 which does not correspond to any Vth implant layer defined in the technology file.  Advanced rule checking will not be performed for this library cell. (PLACE-007)
Error: Library cell EXPLORE_physical_only/SAEDSLVT14_LVLUBUFE1_IY2V1_3 has Vth implant on layer 84 which does not correspond to any Vth implant layer defined in the technology file.  Advanced rule checking will not be performed for this library cell. (PLACE-007)
Error: Library cell EXPLORE_physical_only/SAEDSLVT14_LVLUBUFE1_IY2V1_4 has Vth implant on layer 84 which does not correspond to any Vth implant layer defined in the technology file.  Advanced rule checking will not be performed for this library cell. (PLACE-007)
Error: Library cell EXPLORE_physical_only/SAEDSLVT14_LVLUBUFE1_IY2V1_6 has Vth implant on layer 84 which does not correspond to any Vth implant layer defined in the technology file.  Advanced rule checking will not be performed for this library cell. (PLACE-007)
Error: Library cell EXPLORE_physical_only/SAEDSLVT14_LVLUBUFE1_IY2V1_8 has Vth implant on layer 84 which does not correspond to any Vth implant layer defined in the technology file.  Advanced rule checking will not be performed for this library cell. (PLACE-007)
Error: Library cell EXPLORE_physical_only/SAEDSLVT14_LVLUBUFE1_IY2_1 has Vth implant on layer 84 which does not correspond to any Vth implant layer defined in the technology file.  Advanced rule checking will not be performed for this library cell. (PLACE-007)
Error: Library cell EXPLORE_physical_only/SAEDSLVT14_LVLUBUFE1_IY2_10 has Vth implant on layer 84 which does not correspond to any Vth implant layer defined in the technology file.  Advanced rule checking will not be performed for this library cell. (PLACE-007)
Error: Library cell EXPLORE_physical_only/SAEDSLVT14_LVLUBUFE1_IY2_12 has Vth implant on layer 84 which does not correspond to any Vth implant layer defined in the technology file.  Advanced rule checking will not be performed for this library cell. (PLACE-007)
Error: Library cell EXPLORE_physical_only/SAEDSLVT14_LVLUBUFE1_IY2_2 has Vth implant on layer 84 which does not correspond to any Vth implant layer defined in the technology file.  Advanced rule checking will not be performed for this library cell. (PLACE-007)
Error: Library cell EXPLORE_physical_only/SAEDSLVT14_LVLUBUFE1_IY2_3 has Vth implant on layer 84 which does not correspond to any Vth implant layer defined in the technology file.  Advanced rule checking will not be performed for this library cell. (PLACE-007)
Error: Library cell EXPLORE_physical_only/SAEDSLVT14_LVLUBUFE1_IY2_4 has Vth implant on layer 84 which does not correspond to any Vth implant layer defined in the technology file.  Advanced rule checking will not be performed for this library cell. (PLACE-007)
Error: Library cell EXPLORE_physical_only/SAEDSLVT14_LVLUBUFE1_IY2_6 has Vth implant on layer 84 which does not correspond to any Vth implant layer defined in the technology file.  Advanced rule checking will not be performed for this library cell. (PLACE-007)
Error: Library cell EXPLORE_physical_only/SAEDSLVT14_LVLUBUFE1_IY2_8 has Vth implant on layer 84 which does not correspond to any Vth implant layer defined in the technology file.  Advanced rule checking will not be performed for this library cell. (PLACE-007)
Error: Library cell EXPLORE_physical_only/SAEDSLVT14_LVLUBUF_IY2V1_1 has Vth implant on layer 84 which does not correspond to any Vth implant layer defined in the technology file.  Advanced rule checking will not be performed for this library cell. (PLACE-007)
Error: Library cell EXPLORE_physical_only/SAEDSLVT14_LVLUBUF_IY2V1_10 has Vth implant on layer 84 which does not correspond to any Vth implant layer defined in the technology file.  Advanced rule checking will not be performed for this library cell. (PLACE-007)
Error: Library cell EXPLORE_physical_only/SAEDSLVT14_LVLUBUF_IY2V1_12 has Vth implant on layer 84 which does not correspond to any Vth implant layer defined in the technology file.  Advanced rule checking will not be performed for this library cell. (PLACE-007)
Error: Library cell EXPLORE_physical_only/SAEDSLVT14_LVLUBUF_IY2V1_2 has Vth implant on layer 84 which does not correspond to any Vth implant layer defined in the technology file.  Advanced rule checking will not be performed for this library cell. (PLACE-007)
Error: Library cell EXPLORE_physical_only/SAEDSLVT14_LVLUBUF_IY2V1_3 has Vth implant on layer 84 which does not correspond to any Vth implant layer defined in the technology file.  Advanced rule checking will not be performed for this library cell. (PLACE-007)
Error: Library cell EXPLORE_physical_only/SAEDSLVT14_LVLUBUF_IY2V1_4 has Vth implant on layer 84 which does not correspond to any Vth implant layer defined in the technology file.  Advanced rule checking will not be performed for this library cell. (PLACE-007)
Error: Library cell EXPLORE_physical_only/SAEDSLVT14_LVLUBUF_IY2V1_6 has Vth implant on layer 84 which does not correspond to any Vth implant layer defined in the technology file.  Advanced rule checking will not be performed for this library cell. (PLACE-007)
Error: Library cell EXPLORE_physical_only/SAEDSLVT14_LVLUBUF_IY2V1_8 has Vth implant on layer 84 which does not correspond to any Vth implant layer defined in the technology file.  Advanced rule checking will not be performed for this library cell. (PLACE-007)
Error: Library cell EXPLORE_physical_only/SAEDSLVT14_LVLUBUF_IY2_1 has Vth implant on layer 84 which does not correspond to any Vth implant layer defined in the technology file.  Advanced rule checking will not be performed for this library cell. (PLACE-007)
Error: Library cell EXPLORE_physical_only/SAEDSLVT14_LVLUBUF_IY2_10 has Vth implant on layer 84 which does not correspond to any Vth implant layer defined in the technology file.  Advanced rule checking will not be performed for this library cell. (PLACE-007)
Error: Library cell EXPLORE_physical_only/SAEDSLVT14_LVLUBUF_IY2_12 has Vth implant on layer 84 which does not correspond to any Vth implant layer defined in the technology file.  Advanced rule checking will not be performed for this library cell. (PLACE-007)
Error: Library cell EXPLORE_physical_only/SAEDSLVT14_LVLUBUF_IY2_2 has Vth implant on layer 84 which does not correspond to any Vth implant layer defined in the technology file.  Advanced rule checking will not be performed for this library cell. (PLACE-007)
Error: Library cell EXPLORE_physical_only/SAEDSLVT14_LVLUBUF_IY2_3 has Vth implant on layer 84 which does not correspond to any Vth implant layer defined in the technology file.  Advanced rule checking will not be performed for this library cell. (PLACE-007)
Error: Library cell EXPLORE_physical_only/SAEDSLVT14_LVLUBUF_IY2_4 has Vth implant on layer 84 which does not correspond to any Vth implant layer defined in the technology file.  Advanced rule checking will not be performed for this library cell. (PLACE-007)
Error: Library cell EXPLORE_physical_only/SAEDSLVT14_LVLUBUF_IY2_6 has Vth implant on layer 84 which does not correspond to any Vth implant layer defined in the technology file.  Advanced rule checking will not be performed for this library cell. (PLACE-007)
Error: Library cell EXPLORE_physical_only/SAEDSLVT14_LVLUBUF_IY2_8 has Vth implant on layer 84 which does not correspond to any Vth implant layer defined in the technology file.  Advanced rule checking will not be performed for this library cell. (PLACE-007)
Error: Library cell EXPLORE_physical_only/SAEDSLVT14_MUX2_1 has Vth implant on layer 84 which does not correspond to any Vth implant layer defined in the technology file.  Advanced rule checking will not be performed for this library cell. (PLACE-007)
Error: Library cell EXPLORE_physical_only/SAEDSLVT14_MUX2_1P5 has Vth implant on layer 84 which does not correspond to any Vth implant layer defined in the technology file.  Advanced rule checking will not be performed for this library cell. (PLACE-007)
Error: Library cell EXPLORE_physical_only/SAEDSLVT14_MUX2_2 has Vth implant on layer 84 which does not correspond to any Vth implant layer defined in the technology file.  Advanced rule checking will not be performed for this library cell. (PLACE-007)
Error: Library cell EXPLORE_physical_only/SAEDSLVT14_MUX2_4 has Vth implant on layer 84 which does not correspond to any Vth implant layer defined in the technology file.  Advanced rule checking will not be performed for this library cell. (PLACE-007)
Error: Library cell EXPLORE_physical_only/SAEDSLVT14_MUX2_ECO_1 has Vth implant on layer 84 which does not correspond to any Vth implant layer defined in the technology file.  Advanced rule checking will not be performed for this library cell. (PLACE-007)
Error: Library cell EXPLORE_physical_only/SAEDSLVT14_MUX2_ECO_2 has Vth implant on layer 84 which does not correspond to any Vth implant layer defined in the technology file.  Advanced rule checking will not be performed for this library cell. (PLACE-007)
Error: Library cell EXPLORE_physical_only/SAEDSLVT14_MUX2_MM_0P5 has Vth implant on layer 84 which does not correspond to any Vth implant layer defined in the technology file.  Advanced rule checking will not be performed for this library cell. (PLACE-007)
Error: Library cell EXPLORE_physical_only/SAEDSLVT14_MUX2_MM_1 has Vth implant on layer 84 which does not correspond to any Vth implant layer defined in the technology file.  Advanced rule checking will not be performed for this library cell. (PLACE-007)
Error: Library cell EXPLORE_physical_only/SAEDSLVT14_MUX2_MM_2 has Vth implant on layer 84 which does not correspond to any Vth implant layer defined in the technology file.  Advanced rule checking will not be performed for this library cell. (PLACE-007)
Error: Library cell EXPLORE_physical_only/SAEDSLVT14_MUX2_MM_4 has Vth implant on layer 84 which does not correspond to any Vth implant layer defined in the technology file.  Advanced rule checking will not be performed for this library cell. (PLACE-007)
Error: Library cell EXPLORE_physical_only/SAEDSLVT14_MUX2_U_0P5 has Vth implant on layer 84 which does not correspond to any Vth implant layer defined in the technology file.  Advanced rule checking will not be performed for this library cell. (PLACE-007)
Error: Library cell EXPLORE_physical_only/SAEDSLVT14_MUX3_V1M_0P5 has Vth implant on layer 84 which does not correspond to any Vth implant layer defined in the technology file.  Advanced rule checking will not be performed for this library cell. (PLACE-007)
Error: Library cell EXPLORE_physical_only/SAEDSLVT14_MUX3_V1M_1 has Vth implant on layer 84 which does not correspond to any Vth implant layer defined in the technology file.  Advanced rule checking will not be performed for this library cell. (PLACE-007)
Error: Library cell EXPLORE_physical_only/SAEDSLVT14_MUX3_V1M_2 has Vth implant on layer 84 which does not correspond to any Vth implant layer defined in the technology file.  Advanced rule checking will not be performed for this library cell. (PLACE-007)
Error: Library cell EXPLORE_physical_only/SAEDSLVT14_MUX3_V1M_4 has Vth implant on layer 84 which does not correspond to any Vth implant layer defined in the technology file.  Advanced rule checking will not be performed for this library cell. (PLACE-007)
Error: Library cell EXPLORE_physical_only/SAEDSLVT14_MUX4_V1M_1 has Vth implant on layer 84 which does not correspond to any Vth implant layer defined in the technology file.  Advanced rule checking will not be performed for this library cell. (PLACE-007)
Error: Library cell EXPLORE_physical_only/SAEDSLVT14_MUX4_V1M_2 has Vth implant on layer 84 which does not correspond to any Vth implant layer defined in the technology file.  Advanced rule checking will not be performed for this library cell. (PLACE-007)
Error: Library cell EXPLORE_physical_only/SAEDSLVT14_MUX4_V1M_4 has Vth implant on layer 84 which does not correspond to any Vth implant layer defined in the technology file.  Advanced rule checking will not be performed for this library cell. (PLACE-007)
Error: Library cell EXPLORE_physical_only/SAEDSLVT14_MUX4_V1U_0P5 has Vth implant on layer 84 which does not correspond to any Vth implant layer defined in the technology file.  Advanced rule checking will not be performed for this library cell. (PLACE-007)
Error: Library cell EXPLORE_physical_only/SAEDSLVT14_MUXI2_0P5 has Vth implant on layer 84 which does not correspond to any Vth implant layer defined in the technology file.  Advanced rule checking will not be performed for this library cell. (PLACE-007)
Error: Library cell EXPLORE_physical_only/SAEDSLVT14_MUXI2_1 has Vth implant on layer 84 which does not correspond to any Vth implant layer defined in the technology file.  Advanced rule checking will not be performed for this library cell. (PLACE-007)
Error: Library cell EXPLORE_physical_only/SAEDSLVT14_MUXI2_2 has Vth implant on layer 84 which does not correspond to any Vth implant layer defined in the technology file.  Advanced rule checking will not be performed for this library cell. (PLACE-007)
Error: Library cell EXPLORE_physical_only/SAEDSLVT14_MUXI2_4 has Vth implant on layer 84 which does not correspond to any Vth implant layer defined in the technology file.  Advanced rule checking will not be performed for this library cell. (PLACE-007)
Error: Library cell EXPLORE_physical_only/SAEDSLVT14_MUXI2_B_1 has Vth implant on layer 84 which does not correspond to any Vth implant layer defined in the technology file.  Advanced rule checking will not be performed for this library cell. (PLACE-007)
Error: Library cell EXPLORE_physical_only/SAEDSLVT14_MUXI2_ECO_1 has Vth implant on layer 84 which does not correspond to any Vth implant layer defined in the technology file.  Advanced rule checking will not be performed for this library cell. (PLACE-007)
Error: Library cell EXPLORE_physical_only/SAEDSLVT14_MUXI2_ECO_2 has Vth implant on layer 84 which does not correspond to any Vth implant layer defined in the technology file.  Advanced rule checking will not be performed for this library cell. (PLACE-007)
Error: Library cell EXPLORE_physical_only/SAEDSLVT14_MUXI2_U_0P5 has Vth implant on layer 84 which does not correspond to any Vth implant layer defined in the technology file.  Advanced rule checking will not be performed for this library cell. (PLACE-007)
Error: Library cell EXPLORE_physical_only/SAEDSLVT14_MUXI3_0P5 has Vth implant on layer 84 which does not correspond to any Vth implant layer defined in the technology file.  Advanced rule checking will not be performed for this library cell. (PLACE-007)
Error: Library cell EXPLORE_physical_only/SAEDSLVT14_MUXI3_1 has Vth implant on layer 84 which does not correspond to any Vth implant layer defined in the technology file.  Advanced rule checking will not be performed for this library cell. (PLACE-007)
Error: Library cell EXPLORE_physical_only/SAEDSLVT14_MUXI3_2 has Vth implant on layer 84 which does not correspond to any Vth implant layer defined in the technology file.  Advanced rule checking will not be performed for this library cell. (PLACE-007)
Error: Library cell EXPLORE_physical_only/SAEDSLVT14_MUXI3_4 has Vth implant on layer 84 which does not correspond to any Vth implant layer defined in the technology file.  Advanced rule checking will not be performed for this library cell. (PLACE-007)
Error: Library cell EXPLORE_physical_only/SAEDSLVT14_MUXI4_2 has Vth implant on layer 84 which does not correspond to any Vth implant layer defined in the technology file.  Advanced rule checking will not be performed for this library cell. (PLACE-007)
Error: Library cell EXPLORE_physical_only/SAEDSLVT14_MUXI4_4 has Vth implant on layer 84 which does not correspond to any Vth implant layer defined in the technology file.  Advanced rule checking will not be performed for this library cell. (PLACE-007)
Error: Library cell EXPLORE_physical_only/SAEDSLVT14_MUXI4_U_0P5 has Vth implant on layer 84 which does not correspond to any Vth implant layer defined in the technology file.  Advanced rule checking will not be performed for this library cell. (PLACE-007)
Error: Library cell EXPLORE_physical_only/SAEDSLVT14_ND2B_0P75 has Vth implant on layer 84 which does not correspond to any Vth implant layer defined in the technology file.  Advanced rule checking will not be performed for this library cell. (PLACE-007)
Error: Library cell EXPLORE_physical_only/SAEDSLVT14_ND2B_1 has Vth implant on layer 84 which does not correspond to any Vth implant layer defined in the technology file.  Advanced rule checking will not be performed for this library cell. (PLACE-007)
Error: Library cell EXPLORE_physical_only/SAEDSLVT14_ND2B_1P5 has Vth implant on layer 84 which does not correspond to any Vth implant layer defined in the technology file.  Advanced rule checking will not be performed for this library cell. (PLACE-007)
Error: Library cell EXPLORE_physical_only/SAEDSLVT14_ND2B_2 has Vth implant on layer 84 which does not correspond to any Vth implant layer defined in the technology file.  Advanced rule checking will not be performed for this library cell. (PLACE-007)
Error: Library cell EXPLORE_physical_only/SAEDSLVT14_ND2B_4 has Vth implant on layer 84 which does not correspond to any Vth implant layer defined in the technology file.  Advanced rule checking will not be performed for this library cell. (PLACE-007)
Error: Library cell EXPLORE_physical_only/SAEDSLVT14_ND2B_U_0P5 has Vth implant on layer 84 which does not correspond to any Vth implant layer defined in the technology file.  Advanced rule checking will not be performed for this library cell. (PLACE-007)
Error: Library cell EXPLORE_physical_only/SAEDSLVT14_ND2_0P5 has Vth implant on layer 84 which does not correspond to any Vth implant layer defined in the technology file.  Advanced rule checking will not be performed for this library cell. (PLACE-007)
Error: Library cell EXPLORE_physical_only/SAEDSLVT14_ND2_1 has Vth implant on layer 84 which does not correspond to any Vth implant layer defined in the technology file.  Advanced rule checking will not be performed for this library cell. (PLACE-007)
Error: Library cell EXPLORE_physical_only/SAEDSLVT14_ND2_16 has Vth implant on layer 84 which does not correspond to any Vth implant layer defined in the technology file.  Advanced rule checking will not be performed for this library cell. (PLACE-007)
Error: Library cell EXPLORE_physical_only/SAEDSLVT14_ND2_1P5 has Vth implant on layer 84 which does not correspond to any Vth implant layer defined in the technology file.  Advanced rule checking will not be performed for this library cell. (PLACE-007)
Error: Library cell EXPLORE_physical_only/SAEDSLVT14_ND2_2 has Vth implant on layer 84 which does not correspond to any Vth implant layer defined in the technology file.  Advanced rule checking will not be performed for this library cell. (PLACE-007)
Error: Library cell EXPLORE_physical_only/SAEDSLVT14_ND2_3 has Vth implant on layer 84 which does not correspond to any Vth implant layer defined in the technology file.  Advanced rule checking will not be performed for this library cell. (PLACE-007)
Error: Library cell EXPLORE_physical_only/SAEDSLVT14_ND2_4 has Vth implant on layer 84 which does not correspond to any Vth implant layer defined in the technology file.  Advanced rule checking will not be performed for this library cell. (PLACE-007)
Error: Library cell EXPLORE_physical_only/SAEDSLVT14_ND2_5 has Vth implant on layer 84 which does not correspond to any Vth implant layer defined in the technology file.  Advanced rule checking will not be performed for this library cell. (PLACE-007)
Error: Library cell EXPLORE_physical_only/SAEDSLVT14_ND2_6 has Vth implant on layer 84 which does not correspond to any Vth implant layer defined in the technology file.  Advanced rule checking will not be performed for this library cell. (PLACE-007)
Error: Library cell EXPLORE_physical_only/SAEDSLVT14_ND2_8 has Vth implant on layer 84 which does not correspond to any Vth implant layer defined in the technology file.  Advanced rule checking will not be performed for this library cell. (PLACE-007)
Error: Library cell EXPLORE_physical_only/SAEDSLVT14_ND2_CDC_0P5 has Vth implant on layer 84 which does not correspond to any Vth implant layer defined in the technology file.  Advanced rule checking will not be performed for this library cell. (PLACE-007)
Error: Library cell EXPLORE_physical_only/SAEDSLVT14_ND2_CDC_1 has Vth implant on layer 84 which does not correspond to any Vth implant layer defined in the technology file.  Advanced rule checking will not be performed for this library cell. (PLACE-007)
Error: Library cell EXPLORE_physical_only/SAEDSLVT14_ND2_CDC_2 has Vth implant on layer 84 which does not correspond to any Vth implant layer defined in the technology file.  Advanced rule checking will not be performed for this library cell. (PLACE-007)
Error: Library cell EXPLORE_physical_only/SAEDSLVT14_ND2_CDC_4 has Vth implant on layer 84 which does not correspond to any Vth implant layer defined in the technology file.  Advanced rule checking will not be performed for this library cell. (PLACE-007)
Error: Library cell EXPLORE_physical_only/SAEDSLVT14_ND2_ECO_1 has Vth implant on layer 84 which does not correspond to any Vth implant layer defined in the technology file.  Advanced rule checking will not be performed for this library cell. (PLACE-007)
Error: Library cell EXPLORE_physical_only/SAEDSLVT14_ND2_ECO_2 has Vth implant on layer 84 which does not correspond to any Vth implant layer defined in the technology file.  Advanced rule checking will not be performed for this library cell. (PLACE-007)
Error: Library cell EXPLORE_physical_only/SAEDSLVT14_ND2_MM_0P5 has Vth implant on layer 84 which does not correspond to any Vth implant layer defined in the technology file.  Advanced rule checking will not be performed for this library cell. (PLACE-007)
Error: Library cell EXPLORE_physical_only/SAEDSLVT14_ND2_MM_1 has Vth implant on layer 84 which does not correspond to any Vth implant layer defined in the technology file.  Advanced rule checking will not be performed for this library cell. (PLACE-007)
Error: Library cell EXPLORE_physical_only/SAEDSLVT14_ND2_MM_10 has Vth implant on layer 84 which does not correspond to any Vth implant layer defined in the technology file.  Advanced rule checking will not be performed for this library cell. (PLACE-007)
Error: Library cell EXPLORE_physical_only/SAEDSLVT14_ND2_MM_12 has Vth implant on layer 84 which does not correspond to any Vth implant layer defined in the technology file.  Advanced rule checking will not be performed for this library cell. (PLACE-007)
Error: Library cell EXPLORE_physical_only/SAEDSLVT14_ND2_MM_16 has Vth implant on layer 84 which does not correspond to any Vth implant layer defined in the technology file.  Advanced rule checking will not be performed for this library cell. (PLACE-007)
Error: Library cell EXPLORE_physical_only/SAEDSLVT14_ND2_MM_2 has Vth implant on layer 84 which does not correspond to any Vth implant layer defined in the technology file.  Advanced rule checking will not be performed for this library cell. (PLACE-007)
Error: Library cell EXPLORE_physical_only/SAEDSLVT14_ND2_MM_3 has Vth implant on layer 84 which does not correspond to any Vth implant layer defined in the technology file.  Advanced rule checking will not be performed for this library cell. (PLACE-007)
Error: Library cell EXPLORE_physical_only/SAEDSLVT14_ND2_MM_4 has Vth implant on layer 84 which does not correspond to any Vth implant layer defined in the technology file.  Advanced rule checking will not be performed for this library cell. (PLACE-007)
Error: Library cell EXPLORE_physical_only/SAEDSLVT14_ND2_MM_6 has Vth implant on layer 84 which does not correspond to any Vth implant layer defined in the technology file.  Advanced rule checking will not be performed for this library cell. (PLACE-007)
Error: Library cell EXPLORE_physical_only/SAEDSLVT14_ND2_MM_8 has Vth implant on layer 84 which does not correspond to any Vth implant layer defined in the technology file.  Advanced rule checking will not be performed for this library cell. (PLACE-007)
Error: Library cell EXPLORE_physical_only/SAEDSLVT14_ND3B_0P5 has Vth implant on layer 84 which does not correspond to any Vth implant layer defined in the technology file.  Advanced rule checking will not be performed for this library cell. (PLACE-007)
Error: Library cell EXPLORE_physical_only/SAEDSLVT14_ND3B_0P75 has Vth implant on layer 84 which does not correspond to any Vth implant layer defined in the technology file.  Advanced rule checking will not be performed for this library cell. (PLACE-007)
Error: Library cell EXPLORE_physical_only/SAEDSLVT14_ND3B_1 has Vth implant on layer 84 which does not correspond to any Vth implant layer defined in the technology file.  Advanced rule checking will not be performed for this library cell. (PLACE-007)
Error: Library cell EXPLORE_physical_only/SAEDSLVT14_ND3B_2 has Vth implant on layer 84 which does not correspond to any Vth implant layer defined in the technology file.  Advanced rule checking will not be performed for this library cell. (PLACE-007)
Error: Library cell EXPLORE_physical_only/SAEDSLVT14_ND3B_4 has Vth implant on layer 84 which does not correspond to any Vth implant layer defined in the technology file.  Advanced rule checking will not be performed for this library cell. (PLACE-007)
Error: Library cell EXPLORE_physical_only/SAEDSLVT14_ND3_0P5 has Vth implant on layer 84 which does not correspond to any Vth implant layer defined in the technology file.  Advanced rule checking will not be performed for this library cell. (PLACE-007)
Error: Library cell EXPLORE_physical_only/SAEDSLVT14_ND3_0P75 has Vth implant on layer 84 which does not correspond to any Vth implant layer defined in the technology file.  Advanced rule checking will not be performed for this library cell. (PLACE-007)
Error: Library cell EXPLORE_physical_only/SAEDSLVT14_ND3_1 has Vth implant on layer 84 which does not correspond to any Vth implant layer defined in the technology file.  Advanced rule checking will not be performed for this library cell. (PLACE-007)
Error: Library cell EXPLORE_physical_only/SAEDSLVT14_ND3_2 has Vth implant on layer 84 which does not correspond to any Vth implant layer defined in the technology file.  Advanced rule checking will not be performed for this library cell. (PLACE-007)
Error: Library cell EXPLORE_physical_only/SAEDSLVT14_ND3_3 has Vth implant on layer 84 which does not correspond to any Vth implant layer defined in the technology file.  Advanced rule checking will not be performed for this library cell. (PLACE-007)
Error: Library cell EXPLORE_physical_only/SAEDSLVT14_ND3_4 has Vth implant on layer 84 which does not correspond to any Vth implant layer defined in the technology file.  Advanced rule checking will not be performed for this library cell. (PLACE-007)
Error: Library cell EXPLORE_physical_only/SAEDSLVT14_ND3_8 has Vth implant on layer 84 which does not correspond to any Vth implant layer defined in the technology file.  Advanced rule checking will not be performed for this library cell. (PLACE-007)
Error: Library cell EXPLORE_physical_only/SAEDSLVT14_ND3_ECO_1 has Vth implant on layer 84 which does not correspond to any Vth implant layer defined in the technology file.  Advanced rule checking will not be performed for this library cell. (PLACE-007)
Error: Library cell EXPLORE_physical_only/SAEDSLVT14_ND4_0P5 has Vth implant on layer 84 which does not correspond to any Vth implant layer defined in the technology file.  Advanced rule checking will not be performed for this library cell. (PLACE-007)
Error: Library cell EXPLORE_physical_only/SAEDSLVT14_ND4_0P75 has Vth implant on layer 84 which does not correspond to any Vth implant layer defined in the technology file.  Advanced rule checking will not be performed for this library cell. (PLACE-007)
Error: Library cell EXPLORE_physical_only/SAEDSLVT14_ND4_1 has Vth implant on layer 84 which does not correspond to any Vth implant layer defined in the technology file.  Advanced rule checking will not be performed for this library cell. (PLACE-007)
Error: Library cell EXPLORE_physical_only/SAEDSLVT14_ND4_2 has Vth implant on layer 84 which does not correspond to any Vth implant layer defined in the technology file.  Advanced rule checking will not be performed for this library cell. (PLACE-007)
Error: Library cell EXPLORE_physical_only/SAEDSLVT14_ND4_3 has Vth implant on layer 84 which does not correspond to any Vth implant layer defined in the technology file.  Advanced rule checking will not be performed for this library cell. (PLACE-007)
Error: Library cell EXPLORE_physical_only/SAEDSLVT14_ND4_4 has Vth implant on layer 84 which does not correspond to any Vth implant layer defined in the technology file.  Advanced rule checking will not be performed for this library cell. (PLACE-007)
Error: Library cell EXPLORE_physical_only/SAEDSLVT14_ND4_8 has Vth implant on layer 84 which does not correspond to any Vth implant layer defined in the technology file.  Advanced rule checking will not be performed for this library cell. (PLACE-007)
Error: Library cell EXPLORE_physical_only/SAEDSLVT14_NR2B_0P75 has Vth implant on layer 84 which does not correspond to any Vth implant layer defined in the technology file.  Advanced rule checking will not be performed for this library cell. (PLACE-007)
Error: Library cell EXPLORE_physical_only/SAEDSLVT14_NR2B_1 has Vth implant on layer 84 which does not correspond to any Vth implant layer defined in the technology file.  Advanced rule checking will not be performed for this library cell. (PLACE-007)
Error: Library cell EXPLORE_physical_only/SAEDSLVT14_NR2B_1P5 has Vth implant on layer 84 which does not correspond to any Vth implant layer defined in the technology file.  Advanced rule checking will not be performed for this library cell. (PLACE-007)
Error: Library cell EXPLORE_physical_only/SAEDSLVT14_NR2B_2 has Vth implant on layer 84 which does not correspond to any Vth implant layer defined in the technology file.  Advanced rule checking will not be performed for this library cell. (PLACE-007)
Error: Library cell EXPLORE_physical_only/SAEDSLVT14_NR2B_4 has Vth implant on layer 84 which does not correspond to any Vth implant layer defined in the technology file.  Advanced rule checking will not be performed for this library cell. (PLACE-007)
Error: Library cell EXPLORE_physical_only/SAEDSLVT14_NR2B_U_0P5 has Vth implant on layer 84 which does not correspond to any Vth implant layer defined in the technology file.  Advanced rule checking will not be performed for this library cell. (PLACE-007)
Error: Library cell EXPLORE_physical_only/SAEDSLVT14_NR2_0P5 has Vth implant on layer 84 which does not correspond to any Vth implant layer defined in the technology file.  Advanced rule checking will not be performed for this library cell. (PLACE-007)
Error: Library cell EXPLORE_physical_only/SAEDSLVT14_NR2_1 has Vth implant on layer 84 which does not correspond to any Vth implant layer defined in the technology file.  Advanced rule checking will not be performed for this library cell. (PLACE-007)
Error: Library cell EXPLORE_physical_only/SAEDSLVT14_NR2_16 has Vth implant on layer 84 which does not correspond to any Vth implant layer defined in the technology file.  Advanced rule checking will not be performed for this library cell. (PLACE-007)
Error: Library cell EXPLORE_physical_only/SAEDSLVT14_NR2_1P5 has Vth implant on layer 84 which does not correspond to any Vth implant layer defined in the technology file.  Advanced rule checking will not be performed for this library cell. (PLACE-007)
Error: Library cell EXPLORE_physical_only/SAEDSLVT14_NR2_2 has Vth implant on layer 84 which does not correspond to any Vth implant layer defined in the technology file.  Advanced rule checking will not be performed for this library cell. (PLACE-007)
Error: Library cell EXPLORE_physical_only/SAEDSLVT14_NR2_3 has Vth implant on layer 84 which does not correspond to any Vth implant layer defined in the technology file.  Advanced rule checking will not be performed for this library cell. (PLACE-007)
Error: Library cell EXPLORE_physical_only/SAEDSLVT14_NR2_4 has Vth implant on layer 84 which does not correspond to any Vth implant layer defined in the technology file.  Advanced rule checking will not be performed for this library cell. (PLACE-007)
Error: Library cell EXPLORE_physical_only/SAEDSLVT14_NR2_5 has Vth implant on layer 84 which does not correspond to any Vth implant layer defined in the technology file.  Advanced rule checking will not be performed for this library cell. (PLACE-007)
Error: Library cell EXPLORE_physical_only/SAEDSLVT14_NR2_6 has Vth implant on layer 84 which does not correspond to any Vth implant layer defined in the technology file.  Advanced rule checking will not be performed for this library cell. (PLACE-007)
Error: Library cell EXPLORE_physical_only/SAEDSLVT14_NR2_8 has Vth implant on layer 84 which does not correspond to any Vth implant layer defined in the technology file.  Advanced rule checking will not be performed for this library cell. (PLACE-007)
Error: Library cell EXPLORE_physical_only/SAEDSLVT14_NR2_ECO_1 has Vth implant on layer 84 which does not correspond to any Vth implant layer defined in the technology file.  Advanced rule checking will not be performed for this library cell. (PLACE-007)
Error: Library cell EXPLORE_physical_only/SAEDSLVT14_NR2_ECO_2 has Vth implant on layer 84 which does not correspond to any Vth implant layer defined in the technology file.  Advanced rule checking will not be performed for this library cell. (PLACE-007)
Error: Library cell EXPLORE_physical_only/SAEDSLVT14_NR2_ISO_1 has Vth implant on layer 84 which does not correspond to any Vth implant layer defined in the technology file.  Advanced rule checking will not be performed for this library cell. (PLACE-007)
Error: Library cell EXPLORE_physical_only/SAEDSLVT14_NR2_ISO_4 has Vth implant on layer 84 which does not correspond to any Vth implant layer defined in the technology file.  Advanced rule checking will not be performed for this library cell. (PLACE-007)
Error: Library cell EXPLORE_physical_only/SAEDSLVT14_NR2_MM_0P5 has Vth implant on layer 84 which does not correspond to any Vth implant layer defined in the technology file.  Advanced rule checking will not be performed for this library cell. (PLACE-007)
Error: Library cell EXPLORE_physical_only/SAEDSLVT14_NR2_MM_1 has Vth implant on layer 84 which does not correspond to any Vth implant layer defined in the technology file.  Advanced rule checking will not be performed for this library cell. (PLACE-007)
Error: Library cell EXPLORE_physical_only/SAEDSLVT14_NR2_MM_10 has Vth implant on layer 84 which does not correspond to any Vth implant layer defined in the technology file.  Advanced rule checking will not be performed for this library cell. (PLACE-007)
Error: Library cell EXPLORE_physical_only/SAEDSLVT14_NR2_MM_12 has Vth implant on layer 84 which does not correspond to any Vth implant layer defined in the technology file.  Advanced rule checking will not be performed for this library cell. (PLACE-007)
Error: Library cell EXPLORE_physical_only/SAEDSLVT14_NR2_MM_16 has Vth implant on layer 84 which does not correspond to any Vth implant layer defined in the technology file.  Advanced rule checking will not be performed for this library cell. (PLACE-007)
Error: Library cell EXPLORE_physical_only/SAEDSLVT14_NR2_MM_2 has Vth implant on layer 84 which does not correspond to any Vth implant layer defined in the technology file.  Advanced rule checking will not be performed for this library cell. (PLACE-007)
Error: Library cell EXPLORE_physical_only/SAEDSLVT14_NR2_MM_3 has Vth implant on layer 84 which does not correspond to any Vth implant layer defined in the technology file.  Advanced rule checking will not be performed for this library cell. (PLACE-007)
Error: Library cell EXPLORE_physical_only/SAEDSLVT14_NR2_MM_4 has Vth implant on layer 84 which does not correspond to any Vth implant layer defined in the technology file.  Advanced rule checking will not be performed for this library cell. (PLACE-007)
Error: Library cell EXPLORE_physical_only/SAEDSLVT14_NR2_MM_6 has Vth implant on layer 84 which does not correspond to any Vth implant layer defined in the technology file.  Advanced rule checking will not be performed for this library cell. (PLACE-007)
Error: Library cell EXPLORE_physical_only/SAEDSLVT14_NR2_MM_8 has Vth implant on layer 84 which does not correspond to any Vth implant layer defined in the technology file.  Advanced rule checking will not be performed for this library cell. (PLACE-007)
Error: Library cell EXPLORE_physical_only/SAEDSLVT14_NR3B_0P75 has Vth implant on layer 84 which does not correspond to any Vth implant layer defined in the technology file.  Advanced rule checking will not be performed for this library cell. (PLACE-007)
Error: Library cell EXPLORE_physical_only/SAEDSLVT14_NR3B_1 has Vth implant on layer 84 which does not correspond to any Vth implant layer defined in the technology file.  Advanced rule checking will not be performed for this library cell. (PLACE-007)
Error: Library cell EXPLORE_physical_only/SAEDSLVT14_NR3B_1P5 has Vth implant on layer 84 which does not correspond to any Vth implant layer defined in the technology file.  Advanced rule checking will not be performed for this library cell. (PLACE-007)
Error: Library cell EXPLORE_physical_only/SAEDSLVT14_NR3B_2 has Vth implant on layer 84 which does not correspond to any Vth implant layer defined in the technology file.  Advanced rule checking will not be performed for this library cell. (PLACE-007)
Error: Library cell EXPLORE_physical_only/SAEDSLVT14_NR3B_4 has Vth implant on layer 84 which does not correspond to any Vth implant layer defined in the technology file.  Advanced rule checking will not be performed for this library cell. (PLACE-007)
Error: Library cell EXPLORE_physical_only/SAEDSLVT14_NR3B_U_0P5 has Vth implant on layer 84 which does not correspond to any Vth implant layer defined in the technology file.  Advanced rule checking will not be performed for this library cell. (PLACE-007)
Error: Library cell EXPLORE_physical_only/SAEDSLVT14_NR3_0P5 has Vth implant on layer 84 which does not correspond to any Vth implant layer defined in the technology file.  Advanced rule checking will not be performed for this library cell. (PLACE-007)
Error: Library cell EXPLORE_physical_only/SAEDSLVT14_NR3_0P75 has Vth implant on layer 84 which does not correspond to any Vth implant layer defined in the technology file.  Advanced rule checking will not be performed for this library cell. (PLACE-007)
Error: Library cell EXPLORE_physical_only/SAEDSLVT14_NR3_1 has Vth implant on layer 84 which does not correspond to any Vth implant layer defined in the technology file.  Advanced rule checking will not be performed for this library cell. (PLACE-007)
Error: Library cell EXPLORE_physical_only/SAEDSLVT14_NR3_2 has Vth implant on layer 84 which does not correspond to any Vth implant layer defined in the technology file.  Advanced rule checking will not be performed for this library cell. (PLACE-007)
Error: Library cell EXPLORE_physical_only/SAEDSLVT14_NR3_3 has Vth implant on layer 84 which does not correspond to any Vth implant layer defined in the technology file.  Advanced rule checking will not be performed for this library cell. (PLACE-007)
Error: Library cell EXPLORE_physical_only/SAEDSLVT14_NR3_4 has Vth implant on layer 84 which does not correspond to any Vth implant layer defined in the technology file.  Advanced rule checking will not be performed for this library cell. (PLACE-007)
Error: Library cell EXPLORE_physical_only/SAEDSLVT14_NR3_8 has Vth implant on layer 84 which does not correspond to any Vth implant layer defined in the technology file.  Advanced rule checking will not be performed for this library cell. (PLACE-007)
Error: Library cell EXPLORE_physical_only/SAEDSLVT14_NR3_ECO_1 has Vth implant on layer 84 which does not correspond to any Vth implant layer defined in the technology file.  Advanced rule checking will not be performed for this library cell. (PLACE-007)
Error: Library cell EXPLORE_physical_only/SAEDSLVT14_NR4_0P75 has Vth implant on layer 84 which does not correspond to any Vth implant layer defined in the technology file.  Advanced rule checking will not be performed for this library cell. (PLACE-007)
Error: Library cell EXPLORE_physical_only/SAEDSLVT14_NR4_2 has Vth implant on layer 84 which does not correspond to any Vth implant layer defined in the technology file.  Advanced rule checking will not be performed for this library cell. (PLACE-007)
Error: Library cell EXPLORE_physical_only/SAEDSLVT14_OA211_1 has Vth implant on layer 84 which does not correspond to any Vth implant layer defined in the technology file.  Advanced rule checking will not be performed for this library cell. (PLACE-007)
Error: Library cell EXPLORE_physical_only/SAEDSLVT14_OA211_2 has Vth implant on layer 84 which does not correspond to any Vth implant layer defined in the technology file.  Advanced rule checking will not be performed for this library cell. (PLACE-007)
Error: Library cell EXPLORE_physical_only/SAEDSLVT14_OA211_4 has Vth implant on layer 84 which does not correspond to any Vth implant layer defined in the technology file.  Advanced rule checking will not be performed for this library cell. (PLACE-007)
Error: Library cell EXPLORE_physical_only/SAEDSLVT14_OA211_U_0P5 has Vth implant on layer 84 which does not correspond to any Vth implant layer defined in the technology file.  Advanced rule checking will not be performed for this library cell. (PLACE-007)
Error: Library cell EXPLORE_physical_only/SAEDSLVT14_OA21B_1 has Vth implant on layer 84 which does not correspond to any Vth implant layer defined in the technology file.  Advanced rule checking will not be performed for this library cell. (PLACE-007)
Error: Library cell EXPLORE_physical_only/SAEDSLVT14_OA21B_2 has Vth implant on layer 84 which does not correspond to any Vth implant layer defined in the technology file.  Advanced rule checking will not be performed for this library cell. (PLACE-007)
Error: Library cell EXPLORE_physical_only/SAEDSLVT14_OA21B_4 has Vth implant on layer 84 which does not correspond to any Vth implant layer defined in the technology file.  Advanced rule checking will not be performed for this library cell. (PLACE-007)
Error: Library cell EXPLORE_physical_only/SAEDSLVT14_OA21B_U_0P5 has Vth implant on layer 84 which does not correspond to any Vth implant layer defined in the technology file.  Advanced rule checking will not be performed for this library cell. (PLACE-007)
Error: Library cell EXPLORE_physical_only/SAEDSLVT14_OA21_1 has Vth implant on layer 84 which does not correspond to any Vth implant layer defined in the technology file.  Advanced rule checking will not be performed for this library cell. (PLACE-007)
Error: Library cell EXPLORE_physical_only/SAEDSLVT14_OA21_2 has Vth implant on layer 84 which does not correspond to any Vth implant layer defined in the technology file.  Advanced rule checking will not be performed for this library cell. (PLACE-007)
Error: Library cell EXPLORE_physical_only/SAEDSLVT14_OA21_4 has Vth implant on layer 84 which does not correspond to any Vth implant layer defined in the technology file.  Advanced rule checking will not be performed for this library cell. (PLACE-007)
Error: Library cell EXPLORE_physical_only/SAEDSLVT14_OA21_MM_1 has Vth implant on layer 84 which does not correspond to any Vth implant layer defined in the technology file.  Advanced rule checking will not be performed for this library cell. (PLACE-007)
Error: Library cell EXPLORE_physical_only/SAEDSLVT14_OA21_MM_2 has Vth implant on layer 84 which does not correspond to any Vth implant layer defined in the technology file.  Advanced rule checking will not be performed for this library cell. (PLACE-007)
Error: Library cell EXPLORE_physical_only/SAEDSLVT14_OA21_MM_6 has Vth implant on layer 84 which does not correspond to any Vth implant layer defined in the technology file.  Advanced rule checking will not be performed for this library cell. (PLACE-007)
Error: Library cell EXPLORE_physical_only/SAEDSLVT14_OA21_U_0P5 has Vth implant on layer 84 which does not correspond to any Vth implant layer defined in the technology file.  Advanced rule checking will not be performed for this library cell. (PLACE-007)
Error: Library cell EXPLORE_physical_only/SAEDSLVT14_OA221_1 has Vth implant on layer 84 which does not correspond to any Vth implant layer defined in the technology file.  Advanced rule checking will not be performed for this library cell. (PLACE-007)
Error: Library cell EXPLORE_physical_only/SAEDSLVT14_OA221_2 has Vth implant on layer 84 which does not correspond to any Vth implant layer defined in the technology file.  Advanced rule checking will not be performed for this library cell. (PLACE-007)
Error: Library cell EXPLORE_physical_only/SAEDSLVT14_OA221_4 has Vth implant on layer 84 which does not correspond to any Vth implant layer defined in the technology file.  Advanced rule checking will not be performed for this library cell. (PLACE-007)
Error: Library cell EXPLORE_physical_only/SAEDSLVT14_OA221_U_0P5 has Vth implant on layer 84 which does not correspond to any Vth implant layer defined in the technology file.  Advanced rule checking will not be performed for this library cell. (PLACE-007)
Error: Library cell EXPLORE_physical_only/SAEDSLVT14_OA222_1 has Vth implant on layer 84 which does not correspond to any Vth implant layer defined in the technology file.  Advanced rule checking will not be performed for this library cell. (PLACE-007)
Error: Library cell EXPLORE_physical_only/SAEDSLVT14_OA222_2 has Vth implant on layer 84 which does not correspond to any Vth implant layer defined in the technology file.  Advanced rule checking will not be performed for this library cell. (PLACE-007)
Error: Library cell EXPLORE_physical_only/SAEDSLVT14_OA222_4 has Vth implant on layer 84 which does not correspond to any Vth implant layer defined in the technology file.  Advanced rule checking will not be performed for this library cell. (PLACE-007)
Error: Library cell EXPLORE_physical_only/SAEDSLVT14_OA222_U_0P5 has Vth implant on layer 84 which does not correspond to any Vth implant layer defined in the technology file.  Advanced rule checking will not be performed for this library cell. (PLACE-007)
Error: Library cell EXPLORE_physical_only/SAEDSLVT14_OA22_0P75 has Vth implant on layer 84 which does not correspond to any Vth implant layer defined in the technology file.  Advanced rule checking will not be performed for this library cell. (PLACE-007)
Error: Library cell EXPLORE_physical_only/SAEDSLVT14_OA22_1 has Vth implant on layer 84 which does not correspond to any Vth implant layer defined in the technology file.  Advanced rule checking will not be performed for this library cell. (PLACE-007)
Error: Library cell EXPLORE_physical_only/SAEDSLVT14_OA22_2 has Vth implant on layer 84 which does not correspond to any Vth implant layer defined in the technology file.  Advanced rule checking will not be performed for this library cell. (PLACE-007)
Error: Library cell EXPLORE_physical_only/SAEDSLVT14_OA22_4 has Vth implant on layer 84 which does not correspond to any Vth implant layer defined in the technology file.  Advanced rule checking will not be performed for this library cell. (PLACE-007)
Error: Library cell EXPLORE_physical_only/SAEDSLVT14_OA22_U_0P5 has Vth implant on layer 84 which does not correspond to any Vth implant layer defined in the technology file.  Advanced rule checking will not be performed for this library cell. (PLACE-007)
Error: Library cell EXPLORE_physical_only/SAEDSLVT14_OA2BB2_0P5 has Vth implant on layer 84 which does not correspond to any Vth implant layer defined in the technology file.  Advanced rule checking will not be performed for this library cell. (PLACE-007)
Error: Library cell EXPLORE_physical_only/SAEDSLVT14_OA2BB2_1 has Vth implant on layer 84 which does not correspond to any Vth implant layer defined in the technology file.  Advanced rule checking will not be performed for this library cell. (PLACE-007)
Error: Library cell EXPLORE_physical_only/SAEDSLVT14_OA2BB2_2 has Vth implant on layer 84 which does not correspond to any Vth implant layer defined in the technology file.  Advanced rule checking will not be performed for this library cell. (PLACE-007)
Error: Library cell EXPLORE_physical_only/SAEDSLVT14_OA2BB2_4 has Vth implant on layer 84 which does not correspond to any Vth implant layer defined in the technology file.  Advanced rule checking will not be performed for this library cell. (PLACE-007)
Error: Library cell EXPLORE_physical_only/SAEDSLVT14_OA2BB2_V1_0P5 has Vth implant on layer 84 which does not correspond to any Vth implant layer defined in the technology file.  Advanced rule checking will not be performed for this library cell. (PLACE-007)
Error: Library cell EXPLORE_physical_only/SAEDSLVT14_OA2BB2_V1_0P75 has Vth implant on layer 84 which does not correspond to any Vth implant layer defined in the technology file.  Advanced rule checking will not be performed for this library cell. (PLACE-007)
Error: Library cell EXPLORE_physical_only/SAEDSLVT14_OA2BB2_V1_1 has Vth implant on layer 84 which does not correspond to any Vth implant layer defined in the technology file.  Advanced rule checking will not be performed for this library cell. (PLACE-007)
Error: Library cell EXPLORE_physical_only/SAEDSLVT14_OA2BB2_V1_2 has Vth implant on layer 84 which does not correspond to any Vth implant layer defined in the technology file.  Advanced rule checking will not be performed for this library cell. (PLACE-007)
Error: Library cell EXPLORE_physical_only/SAEDSLVT14_OA2BB2_V1_4 has Vth implant on layer 84 which does not correspond to any Vth implant layer defined in the technology file.  Advanced rule checking will not be performed for this library cell. (PLACE-007)
Error: Library cell EXPLORE_physical_only/SAEDSLVT14_OA31_1 has Vth implant on layer 84 which does not correspond to any Vth implant layer defined in the technology file.  Advanced rule checking will not be performed for this library cell. (PLACE-007)
Error: Library cell EXPLORE_physical_only/SAEDSLVT14_OA31_1P5 has Vth implant on layer 84 which does not correspond to any Vth implant layer defined in the technology file.  Advanced rule checking will not be performed for this library cell. (PLACE-007)
Error: Library cell EXPLORE_physical_only/SAEDSLVT14_OA31_2 has Vth implant on layer 84 which does not correspond to any Vth implant layer defined in the technology file.  Advanced rule checking will not be performed for this library cell. (PLACE-007)
Error: Library cell EXPLORE_physical_only/SAEDSLVT14_OA31_4 has Vth implant on layer 84 which does not correspond to any Vth implant layer defined in the technology file.  Advanced rule checking will not be performed for this library cell. (PLACE-007)
Error: Library cell EXPLORE_physical_only/SAEDSLVT14_OA31_U_0P5 has Vth implant on layer 84 which does not correspond to any Vth implant layer defined in the technology file.  Advanced rule checking will not be performed for this library cell. (PLACE-007)
Error: Library cell EXPLORE_physical_only/SAEDSLVT14_OA32_0P75 has Vth implant on layer 84 which does not correspond to any Vth implant layer defined in the technology file.  Advanced rule checking will not be performed for this library cell. (PLACE-007)
Error: Library cell EXPLORE_physical_only/SAEDSLVT14_OA32_1 has Vth implant on layer 84 which does not correspond to any Vth implant layer defined in the technology file.  Advanced rule checking will not be performed for this library cell. (PLACE-007)
Error: Library cell EXPLORE_physical_only/SAEDSLVT14_OA32_2 has Vth implant on layer 84 which does not correspond to any Vth implant layer defined in the technology file.  Advanced rule checking will not be performed for this library cell. (PLACE-007)
Error: Library cell EXPLORE_physical_only/SAEDSLVT14_OA32_4 has Vth implant on layer 84 which does not correspond to any Vth implant layer defined in the technology file.  Advanced rule checking will not be performed for this library cell. (PLACE-007)
Error: Library cell EXPLORE_physical_only/SAEDSLVT14_OA32_U_0P5 has Vth implant on layer 84 which does not correspond to any Vth implant layer defined in the technology file.  Advanced rule checking will not be performed for this library cell. (PLACE-007)
Error: Library cell EXPLORE_physical_only/SAEDSLVT14_OA33_1 has Vth implant on layer 84 which does not correspond to any Vth implant layer defined in the technology file.  Advanced rule checking will not be performed for this library cell. (PLACE-007)
Error: Library cell EXPLORE_physical_only/SAEDSLVT14_OA33_2 has Vth implant on layer 84 which does not correspond to any Vth implant layer defined in the technology file.  Advanced rule checking will not be performed for this library cell. (PLACE-007)
Error: Library cell EXPLORE_physical_only/SAEDSLVT14_OA33_4 has Vth implant on layer 84 which does not correspond to any Vth implant layer defined in the technology file.  Advanced rule checking will not be performed for this library cell. (PLACE-007)
Error: Library cell EXPLORE_physical_only/SAEDSLVT14_OA33_U_0P5 has Vth implant on layer 84 which does not correspond to any Vth implant layer defined in the technology file.  Advanced rule checking will not be performed for this library cell. (PLACE-007)
Error: Library cell EXPLORE_physical_only/SAEDSLVT14_OAI211_0P5 has Vth implant on layer 84 which does not correspond to any Vth implant layer defined in the technology file.  Advanced rule checking will not be performed for this library cell. (PLACE-007)
Error: Library cell EXPLORE_physical_only/SAEDSLVT14_OAI211_1 has Vth implant on layer 84 which does not correspond to any Vth implant layer defined in the technology file.  Advanced rule checking will not be performed for this library cell. (PLACE-007)
Error: Library cell EXPLORE_physical_only/SAEDSLVT14_OAI211_2 has Vth implant on layer 84 which does not correspond to any Vth implant layer defined in the technology file.  Advanced rule checking will not be performed for this library cell. (PLACE-007)
Error: Library cell EXPLORE_physical_only/SAEDSLVT14_OAI211_4 has Vth implant on layer 84 which does not correspond to any Vth implant layer defined in the technology file.  Advanced rule checking will not be performed for this library cell. (PLACE-007)
Error: Library cell EXPLORE_physical_only/SAEDSLVT14_OAI21_0P5 has Vth implant on layer 84 which does not correspond to any Vth implant layer defined in the technology file.  Advanced rule checking will not be performed for this library cell. (PLACE-007)
Error: Library cell EXPLORE_physical_only/SAEDSLVT14_OAI21_0P75 has Vth implant on layer 84 which does not correspond to any Vth implant layer defined in the technology file.  Advanced rule checking will not be performed for this library cell. (PLACE-007)
Error: Library cell EXPLORE_physical_only/SAEDSLVT14_OAI21_1 has Vth implant on layer 84 which does not correspond to any Vth implant layer defined in the technology file.  Advanced rule checking will not be performed for this library cell. (PLACE-007)
Error: Library cell EXPLORE_physical_only/SAEDSLVT14_OAI21_1P5 has Vth implant on layer 84 which does not correspond to any Vth implant layer defined in the technology file.  Advanced rule checking will not be performed for this library cell. (PLACE-007)
Error: Library cell EXPLORE_physical_only/SAEDSLVT14_OAI21_2 has Vth implant on layer 84 which does not correspond to any Vth implant layer defined in the technology file.  Advanced rule checking will not be performed for this library cell. (PLACE-007)
Error: Library cell EXPLORE_physical_only/SAEDSLVT14_OAI21_3 has Vth implant on layer 84 which does not correspond to any Vth implant layer defined in the technology file.  Advanced rule checking will not be performed for this library cell. (PLACE-007)
Error: Library cell EXPLORE_physical_only/SAEDSLVT14_OAI21_4 has Vth implant on layer 84 which does not correspond to any Vth implant layer defined in the technology file.  Advanced rule checking will not be performed for this library cell. (PLACE-007)
Error: Library cell EXPLORE_physical_only/SAEDSLVT14_OAI21_V1_4 has Vth implant on layer 84 which does not correspond to any Vth implant layer defined in the technology file.  Advanced rule checking will not be performed for this library cell. (PLACE-007)
Error: Library cell EXPLORE_physical_only/SAEDSLVT14_OAI21_V1_6 has Vth implant on layer 84 which does not correspond to any Vth implant layer defined in the technology file.  Advanced rule checking will not be performed for this library cell. (PLACE-007)
Error: Library cell EXPLORE_physical_only/SAEDSLVT14_OAI21_V1_8 has Vth implant on layer 84 which does not correspond to any Vth implant layer defined in the technology file.  Advanced rule checking will not be performed for this library cell. (PLACE-007)
Error: Library cell EXPLORE_physical_only/SAEDSLVT14_OAI221_0P5 has Vth implant on layer 84 which does not correspond to any Vth implant layer defined in the technology file.  Advanced rule checking will not be performed for this library cell. (PLACE-007)
Error: Library cell EXPLORE_physical_only/SAEDSLVT14_OAI221_1 has Vth implant on layer 84 which does not correspond to any Vth implant layer defined in the technology file.  Advanced rule checking will not be performed for this library cell. (PLACE-007)
Error: Library cell EXPLORE_physical_only/SAEDSLVT14_OAI221_2 has Vth implant on layer 84 which does not correspond to any Vth implant layer defined in the technology file.  Advanced rule checking will not be performed for this library cell. (PLACE-007)
Error: Library cell EXPLORE_physical_only/SAEDSLVT14_OAI221_4 has Vth implant on layer 84 which does not correspond to any Vth implant layer defined in the technology file.  Advanced rule checking will not be performed for this library cell. (PLACE-007)
Error: Library cell EXPLORE_physical_only/SAEDSLVT14_OAI222_0P5 has Vth implant on layer 84 which does not correspond to any Vth implant layer defined in the technology file.  Advanced rule checking will not be performed for this library cell. (PLACE-007)
Error: Library cell EXPLORE_physical_only/SAEDSLVT14_OAI222_1 has Vth implant on layer 84 which does not correspond to any Vth implant layer defined in the technology file.  Advanced rule checking will not be performed for this library cell. (PLACE-007)
Error: Library cell EXPLORE_physical_only/SAEDSLVT14_OAI222_2 has Vth implant on layer 84 which does not correspond to any Vth implant layer defined in the technology file.  Advanced rule checking will not be performed for this library cell. (PLACE-007)
Error: Library cell EXPLORE_physical_only/SAEDSLVT14_OAI222_4 has Vth implant on layer 84 which does not correspond to any Vth implant layer defined in the technology file.  Advanced rule checking will not be performed for this library cell. (PLACE-007)
Error: Library cell EXPLORE_physical_only/SAEDSLVT14_OAI22_0P5 has Vth implant on layer 84 which does not correspond to any Vth implant layer defined in the technology file.  Advanced rule checking will not be performed for this library cell. (PLACE-007)
Error: Library cell EXPLORE_physical_only/SAEDSLVT14_OAI22_0P75 has Vth implant on layer 84 which does not correspond to any Vth implant layer defined in the technology file.  Advanced rule checking will not be performed for this library cell. (PLACE-007)
Error: Library cell EXPLORE_physical_only/SAEDSLVT14_OAI22_1 has Vth implant on layer 84 which does not correspond to any Vth implant layer defined in the technology file.  Advanced rule checking will not be performed for this library cell. (PLACE-007)
Error: Library cell EXPLORE_physical_only/SAEDSLVT14_OAI22_1P5 has Vth implant on layer 84 which does not correspond to any Vth implant layer defined in the technology file.  Advanced rule checking will not be performed for this library cell. (PLACE-007)
Error: Library cell EXPLORE_physical_only/SAEDSLVT14_OAI22_2 has Vth implant on layer 84 which does not correspond to any Vth implant layer defined in the technology file.  Advanced rule checking will not be performed for this library cell. (PLACE-007)
Error: Library cell EXPLORE_physical_only/SAEDSLVT14_OAI22_3 has Vth implant on layer 84 which does not correspond to any Vth implant layer defined in the technology file.  Advanced rule checking will not be performed for this library cell. (PLACE-007)
Error: Library cell EXPLORE_physical_only/SAEDSLVT14_OAI22_4 has Vth implant on layer 84 which does not correspond to any Vth implant layer defined in the technology file.  Advanced rule checking will not be performed for this library cell. (PLACE-007)
Error: Library cell EXPLORE_physical_only/SAEDSLVT14_OAI311_0P5 has Vth implant on layer 84 which does not correspond to any Vth implant layer defined in the technology file.  Advanced rule checking will not be performed for this library cell. (PLACE-007)
Error: Library cell EXPLORE_physical_only/SAEDSLVT14_OAI311_0P75 has Vth implant on layer 84 which does not correspond to any Vth implant layer defined in the technology file.  Advanced rule checking will not be performed for this library cell. (PLACE-007)
Error: Library cell EXPLORE_physical_only/SAEDSLVT14_OAI311_1 has Vth implant on layer 84 which does not correspond to any Vth implant layer defined in the technology file.  Advanced rule checking will not be performed for this library cell. (PLACE-007)
Error: Library cell EXPLORE_physical_only/SAEDSLVT14_OAI311_2 has Vth implant on layer 84 which does not correspond to any Vth implant layer defined in the technology file.  Advanced rule checking will not be performed for this library cell. (PLACE-007)
Error: Library cell EXPLORE_physical_only/SAEDSLVT14_OAI311_4 has Vth implant on layer 84 which does not correspond to any Vth implant layer defined in the technology file.  Advanced rule checking will not be performed for this library cell. (PLACE-007)
Error: Library cell EXPLORE_physical_only/SAEDSLVT14_OAI31_0P5 has Vth implant on layer 84 which does not correspond to any Vth implant layer defined in the technology file.  Advanced rule checking will not be performed for this library cell. (PLACE-007)
Error: Library cell EXPLORE_physical_only/SAEDSLVT14_OAI31_0P75 has Vth implant on layer 84 which does not correspond to any Vth implant layer defined in the technology file.  Advanced rule checking will not be performed for this library cell. (PLACE-007)
Error: Library cell EXPLORE_physical_only/SAEDSLVT14_OAI31_1 has Vth implant on layer 84 which does not correspond to any Vth implant layer defined in the technology file.  Advanced rule checking will not be performed for this library cell. (PLACE-007)
Error: Library cell EXPLORE_physical_only/SAEDSLVT14_OAI31_2 has Vth implant on layer 84 which does not correspond to any Vth implant layer defined in the technology file.  Advanced rule checking will not be performed for this library cell. (PLACE-007)
Error: Library cell EXPLORE_physical_only/SAEDSLVT14_OAI31_4 has Vth implant on layer 84 which does not correspond to any Vth implant layer defined in the technology file.  Advanced rule checking will not be performed for this library cell. (PLACE-007)
Error: Library cell EXPLORE_physical_only/SAEDSLVT14_OAI32_0P5 has Vth implant on layer 84 which does not correspond to any Vth implant layer defined in the technology file.  Advanced rule checking will not be performed for this library cell. (PLACE-007)
Error: Library cell EXPLORE_physical_only/SAEDSLVT14_OAI32_0P75 has Vth implant on layer 84 which does not correspond to any Vth implant layer defined in the technology file.  Advanced rule checking will not be performed for this library cell. (PLACE-007)
Error: Library cell EXPLORE_physical_only/SAEDSLVT14_OAI32_1 has Vth implant on layer 84 which does not correspond to any Vth implant layer defined in the technology file.  Advanced rule checking will not be performed for this library cell. (PLACE-007)
Error: Library cell EXPLORE_physical_only/SAEDSLVT14_OAI32_2 has Vth implant on layer 84 which does not correspond to any Vth implant layer defined in the technology file.  Advanced rule checking will not be performed for this library cell. (PLACE-007)
Error: Library cell EXPLORE_physical_only/SAEDSLVT14_OAI32_4 has Vth implant on layer 84 which does not correspond to any Vth implant layer defined in the technology file.  Advanced rule checking will not be performed for this library cell. (PLACE-007)
Error: Library cell EXPLORE_physical_only/SAEDSLVT14_OAI33_0P5 has Vth implant on layer 84 which does not correspond to any Vth implant layer defined in the technology file.  Advanced rule checking will not be performed for this library cell. (PLACE-007)
Error: Library cell EXPLORE_physical_only/SAEDSLVT14_OAI33_0P75 has Vth implant on layer 84 which does not correspond to any Vth implant layer defined in the technology file.  Advanced rule checking will not be performed for this library cell. (PLACE-007)
Error: Library cell EXPLORE_physical_only/SAEDSLVT14_OAI33_1 has Vth implant on layer 84 which does not correspond to any Vth implant layer defined in the technology file.  Advanced rule checking will not be performed for this library cell. (PLACE-007)
Error: Library cell EXPLORE_physical_only/SAEDSLVT14_OAI33_2 has Vth implant on layer 84 which does not correspond to any Vth implant layer defined in the technology file.  Advanced rule checking will not be performed for this library cell. (PLACE-007)
Error: Library cell EXPLORE_physical_only/SAEDSLVT14_OAI33_4 has Vth implant on layer 84 which does not correspond to any Vth implant layer defined in the technology file.  Advanced rule checking will not be performed for this library cell. (PLACE-007)
Error: Library cell EXPLORE_physical_only/SAEDSLVT14_OR2B_PMM_2 has Vth implant on layer 84 which does not correspond to any Vth implant layer defined in the technology file.  Advanced rule checking will not be performed for this library cell. (PLACE-007)
Error: Library cell EXPLORE_physical_only/SAEDSLVT14_OR2B_PMM_8 has Vth implant on layer 84 which does not correspond to any Vth implant layer defined in the technology file.  Advanced rule checking will not be performed for this library cell. (PLACE-007)
Error: Library cell EXPLORE_physical_only/SAEDSLVT14_OR2B_PSECO_1 has Vth implant on layer 84 which does not correspond to any Vth implant layer defined in the technology file.  Advanced rule checking will not be performed for this library cell. (PLACE-007)
Error: Library cell EXPLORE_physical_only/SAEDSLVT14_OR2B_PSECO_2 has Vth implant on layer 84 which does not correspond to any Vth implant layer defined in the technology file.  Advanced rule checking will not be performed for this library cell. (PLACE-007)
Error: Library cell EXPLORE_physical_only/SAEDSLVT14_OR2B_PSECO_4 has Vth implant on layer 84 which does not correspond to any Vth implant layer defined in the technology file.  Advanced rule checking will not be performed for this library cell. (PLACE-007)
Error: Library cell EXPLORE_physical_only/SAEDSLVT14_OR2B_PSECO_8 has Vth implant on layer 84 which does not correspond to any Vth implant layer defined in the technology file.  Advanced rule checking will not be performed for this library cell. (PLACE-007)
Error: Library cell EXPLORE_physical_only/SAEDSLVT14_OR2_0P5 has Vth implant on layer 84 which does not correspond to any Vth implant layer defined in the technology file.  Advanced rule checking will not be performed for this library cell. (PLACE-007)
Error: Library cell EXPLORE_physical_only/SAEDSLVT14_OR2_0P75 has Vth implant on layer 84 which does not correspond to any Vth implant layer defined in the technology file.  Advanced rule checking will not be performed for this library cell. (PLACE-007)
Error: Library cell EXPLORE_physical_only/SAEDSLVT14_OR2_1 has Vth implant on layer 84 which does not correspond to any Vth implant layer defined in the technology file.  Advanced rule checking will not be performed for this library cell. (PLACE-007)
Error: Library cell EXPLORE_physical_only/SAEDSLVT14_OR2_2 has Vth implant on layer 84 which does not correspond to any Vth implant layer defined in the technology file.  Advanced rule checking will not be performed for this library cell. (PLACE-007)
Error: Library cell EXPLORE_physical_only/SAEDSLVT14_OR2_4 has Vth implant on layer 84 which does not correspond to any Vth implant layer defined in the technology file.  Advanced rule checking will not be performed for this library cell. (PLACE-007)
Error: Library cell EXPLORE_physical_only/SAEDSLVT14_OR2_ECO_2 has Vth implant on layer 84 which does not correspond to any Vth implant layer defined in the technology file.  Advanced rule checking will not be performed for this library cell. (PLACE-007)
Error: Library cell EXPLORE_physical_only/SAEDSLVT14_OR2_ISO_1 has Vth implant on layer 84 which does not correspond to any Vth implant layer defined in the technology file.  Advanced rule checking will not be performed for this library cell. (PLACE-007)
Error: Library cell EXPLORE_physical_only/SAEDSLVT14_OR2_ISO_4 has Vth implant on layer 84 which does not correspond to any Vth implant layer defined in the technology file.  Advanced rule checking will not be performed for this library cell. (PLACE-007)
Error: Library cell EXPLORE_physical_only/SAEDSLVT14_OR2_MM_0P5 has Vth implant on layer 84 which does not correspond to any Vth implant layer defined in the technology file.  Advanced rule checking will not be performed for this library cell. (PLACE-007)
Error: Library cell EXPLORE_physical_only/SAEDSLVT14_OR2_MM_0P75 has Vth implant on layer 84 which does not correspond to any Vth implant layer defined in the technology file.  Advanced rule checking will not be performed for this library cell. (PLACE-007)
Error: Library cell EXPLORE_physical_only/SAEDSLVT14_OR2_MM_1 has Vth implant on layer 84 which does not correspond to any Vth implant layer defined in the technology file.  Advanced rule checking will not be performed for this library cell. (PLACE-007)
Error: Library cell EXPLORE_physical_only/SAEDSLVT14_OR2_MM_12 has Vth implant on layer 84 which does not correspond to any Vth implant layer defined in the technology file.  Advanced rule checking will not be performed for this library cell. (PLACE-007)
Error: Library cell EXPLORE_physical_only/SAEDSLVT14_OR2_MM_16 has Vth implant on layer 84 which does not correspond to any Vth implant layer defined in the technology file.  Advanced rule checking will not be performed for this library cell. (PLACE-007)
Error: Library cell EXPLORE_physical_only/SAEDSLVT14_OR2_MM_1P5 has Vth implant on layer 84 which does not correspond to any Vth implant layer defined in the technology file.  Advanced rule checking will not be performed for this library cell. (PLACE-007)
Error: Library cell EXPLORE_physical_only/SAEDSLVT14_OR2_MM_2 has Vth implant on layer 84 which does not correspond to any Vth implant layer defined in the technology file.  Advanced rule checking will not be performed for this library cell. (PLACE-007)
Error: Library cell EXPLORE_physical_only/SAEDSLVT14_OR2_MM_20 has Vth implant on layer 84 which does not correspond to any Vth implant layer defined in the technology file.  Advanced rule checking will not be performed for this library cell. (PLACE-007)
Error: Library cell EXPLORE_physical_only/SAEDSLVT14_OR2_MM_3 has Vth implant on layer 84 which does not correspond to any Vth implant layer defined in the technology file.  Advanced rule checking will not be performed for this library cell. (PLACE-007)
Error: Library cell EXPLORE_physical_only/SAEDSLVT14_OR2_MM_4 has Vth implant on layer 84 which does not correspond to any Vth implant layer defined in the technology file.  Advanced rule checking will not be performed for this library cell. (PLACE-007)
Error: Library cell EXPLORE_physical_only/SAEDSLVT14_OR2_MM_6 has Vth implant on layer 84 which does not correspond to any Vth implant layer defined in the technology file.  Advanced rule checking will not be performed for this library cell. (PLACE-007)
Error: Library cell EXPLORE_physical_only/SAEDSLVT14_OR2_MM_8 has Vth implant on layer 84 which does not correspond to any Vth implant layer defined in the technology file.  Advanced rule checking will not be performed for this library cell. (PLACE-007)
Error: Library cell EXPLORE_physical_only/SAEDSLVT14_OR3_0P5 has Vth implant on layer 84 which does not correspond to any Vth implant layer defined in the technology file.  Advanced rule checking will not be performed for this library cell. (PLACE-007)
Error: Library cell EXPLORE_physical_only/SAEDSLVT14_OR3_0P75 has Vth implant on layer 84 which does not correspond to any Vth implant layer defined in the technology file.  Advanced rule checking will not be performed for this library cell. (PLACE-007)
Error: Library cell EXPLORE_physical_only/SAEDSLVT14_OR3_1 has Vth implant on layer 84 which does not correspond to any Vth implant layer defined in the technology file.  Advanced rule checking will not be performed for this library cell. (PLACE-007)
Error: Library cell EXPLORE_physical_only/SAEDSLVT14_OR3_2 has Vth implant on layer 84 which does not correspond to any Vth implant layer defined in the technology file.  Advanced rule checking will not be performed for this library cell. (PLACE-007)
Error: Library cell EXPLORE_physical_only/SAEDSLVT14_OR3_4 has Vth implant on layer 84 which does not correspond to any Vth implant layer defined in the technology file.  Advanced rule checking will not be performed for this library cell. (PLACE-007)
Error: Library cell EXPLORE_physical_only/SAEDSLVT14_OR4_1 has Vth implant on layer 84 which does not correspond to any Vth implant layer defined in the technology file.  Advanced rule checking will not be performed for this library cell. (PLACE-007)
Error: Library cell EXPLORE_physical_only/SAEDSLVT14_OR4_2 has Vth implant on layer 84 which does not correspond to any Vth implant layer defined in the technology file.  Advanced rule checking will not be performed for this library cell. (PLACE-007)
Error: Library cell EXPLORE_physical_only/SAEDSLVT14_PGATDRV_V1_8 has Vth implant on layer 84 which does not correspond to any Vth implant layer defined in the technology file.  Advanced rule checking will not be performed for this library cell. (PLACE-007)
Error: Library cell EXPLORE_physical_only/SAEDSLVT14_SRLD_3 has Vth implant on layer 84 which does not correspond to any Vth implant layer defined in the technology file.  Advanced rule checking will not be performed for this library cell. (PLACE-007)
Error: Library cell EXPLORE_physical_only/SAEDSLVT14_SRRDPQ4_1 has Vth implant on layer 84 which does not correspond to any Vth implant layer defined in the technology file.  Advanced rule checking will not be performed for this library cell. (PLACE-007)
Error: Library cell EXPLORE_physical_only/SAEDSLVT14_SRRDPQ4_2 has Vth implant on layer 84 which does not correspond to any Vth implant layer defined in the technology file.  Advanced rule checking will not be performed for this library cell. (PLACE-007)
Error: Library cell EXPLORE_physical_only/SAEDSLVT14_SRRDPQ_1 has Vth implant on layer 84 which does not correspond to any Vth implant layer defined in the technology file.  Advanced rule checking will not be performed for this library cell. (PLACE-007)
Error: Library cell EXPLORE_physical_only/SAEDSLVT14_SRRDPQ_2 has Vth implant on layer 84 which does not correspond to any Vth implant layer defined in the technology file.  Advanced rule checking will not be performed for this library cell. (PLACE-007)
Error: Library cell EXPLORE_physical_only/SAEDSLVT14_SSRRDPQ4_1 has Vth implant on layer 84 which does not correspond to any Vth implant layer defined in the technology file.  Advanced rule checking will not be performed for this library cell. (PLACE-007)
Error: Library cell EXPLORE_physical_only/SAEDSLVT14_SSRRDPQ4_2 has Vth implant on layer 84 which does not correspond to any Vth implant layer defined in the technology file.  Advanced rule checking will not be performed for this library cell. (PLACE-007)
Error: Library cell EXPLORE_physical_only/SAEDSLVT14_SSRRDPQ_1 has Vth implant on layer 84 which does not correspond to any Vth implant layer defined in the technology file.  Advanced rule checking will not be performed for this library cell. (PLACE-007)
Error: Library cell EXPLORE_physical_only/SAEDSLVT14_SSRRDPQ_2 has Vth implant on layer 84 which does not correspond to any Vth implant layer defined in the technology file.  Advanced rule checking will not be performed for this library cell. (PLACE-007)
Error: Library cell EXPLORE_physical_only/SAEDSLVT14_TAPDS has Vth implant on layer 84 which does not correspond to any Vth implant layer defined in the technology file.  Advanced rule checking will not be performed for this library cell. (PLACE-007)
Error: Library cell EXPLORE_physical_only/SAEDSLVT14_TAPPN has Vth implant on layer 84 which does not correspond to any Vth implant layer defined in the technology file.  Advanced rule checking will not be performed for this library cell. (PLACE-007)
Error: Library cell EXPLORE_physical_only/SAEDSLVT14_TAPPP10 has Vth implant on layer 84 which does not correspond to any Vth implant layer defined in the technology file.  Advanced rule checking will not be performed for this library cell. (PLACE-007)
Error: Library cell EXPLORE_physical_only/SAEDSLVT14_TIE0_4 has Vth implant on layer 84 which does not correspond to any Vth implant layer defined in the technology file.  Advanced rule checking will not be performed for this library cell. (PLACE-007)
Error: Library cell EXPLORE_physical_only/SAEDSLVT14_TIE0_PV1ECO_1 has Vth implant on layer 84 which does not correspond to any Vth implant layer defined in the technology file.  Advanced rule checking will not be performed for this library cell. (PLACE-007)
Error: Library cell EXPLORE_physical_only/SAEDSLVT14_TIE0_V1_2 has Vth implant on layer 84 which does not correspond to any Vth implant layer defined in the technology file.  Advanced rule checking will not be performed for this library cell. (PLACE-007)
Error: Library cell EXPLORE_physical_only/SAEDSLVT14_TIE1_4 has Vth implant on layer 84 which does not correspond to any Vth implant layer defined in the technology file.  Advanced rule checking will not be performed for this library cell. (PLACE-007)
Error: Library cell EXPLORE_physical_only/SAEDSLVT14_TIE1_PV1ECO_1 has Vth implant on layer 84 which does not correspond to any Vth implant layer defined in the technology file.  Advanced rule checking will not be performed for this library cell. (PLACE-007)
Error: Library cell EXPLORE_physical_only/SAEDSLVT14_TIE1_V1ECO_1 has Vth implant on layer 84 which does not correspond to any Vth implant layer defined in the technology file.  Advanced rule checking will not be performed for this library cell. (PLACE-007)
Error: Library cell EXPLORE_physical_only/SAEDSLVT14_TIE1_V1_2 has Vth implant on layer 84 which does not correspond to any Vth implant layer defined in the technology file.  Advanced rule checking will not be performed for this library cell. (PLACE-007)
Error: Library cell EXPLORE_physical_only/SAEDSLVT14_TIEDIN_4 has Vth implant on layer 84 which does not correspond to any Vth implant layer defined in the technology file.  Advanced rule checking will not be performed for this library cell. (PLACE-007)
Error: Library cell EXPLORE_physical_only/SAEDSLVT14_TIEDIN_PV1ECO_6 has Vth implant on layer 84 which does not correspond to any Vth implant layer defined in the technology file.  Advanced rule checking will not be performed for this library cell. (PLACE-007)
Error: Library cell EXPLORE_physical_only/SAEDSLVT14_TIEDIN_V1ECO_6 has Vth implant on layer 84 which does not correspond to any Vth implant layer defined in the technology file.  Advanced rule checking will not be performed for this library cell. (PLACE-007)
Information: Is mixed-row flow: no
Warning: M0PO max length check will be skipped as there is no layer with mask name metal0 in the design. (LGL-219)
Initializing CPOR7 info...
Warning: The app option place.legalize.max_horizontal_inbound_alignment_length is not set. (LGL-206)
Warning: Max horizontal inbound allignment rules/length checks will be ignored. (LGL-208)
Warning: The app option place.legalize.max_vertical_inbound_alignment_length is not set. (LGL-206)
Warning: Max vertical inbound allignment rules/length checks will be ignored. (LGL-208)
Warning: The max length of rule max_cpode_length is not specified by app option max_vertical_stacked_length. (LGL-340)
Group length rule info has already been constructed, skipped...
Information: Enabling hard placement rule overlap...
Information: Enabling hard placement rule spacing_rule...
Information: Enabling hard placement rule cell_on_site...
Information: Enabling hard placement rule legal_orient...
Information: Enabling hard placement rule va_bound...
Information: Enabling hard placement rule max_cpode_length...
Information: Enabling hard placement rule tap_coverage...
Information: Is inbound flow ? F, design 0, node 0
Initialize AL successfully
Information: Dynamic Rule Ordering (DRO): true
Start initializing AL
Information: Setting bounds and VA for block 'FFT'...
Information: Setting up voltage area 'DEFAULT_VA'.
Information: checking lib cells power/ground pins
Information: Lib cells of site unit have their ground pins at bottom 

Information: Legalizer threading is enabled with high effort (LGL-130)

Information: Setting up cell instances...
Information: All fillers in the reference libraries will be considered during legalization/check legality
Information: Initializing site map 'unit' at {2 2} {125.876 125.6}.
Information: Init siteMap unit with 1674 sites x 206 rows
Warning: Site master "unit" has neither X-Symmetry nor Y-Symmetry. The "legal orientations" for the standard cells will be limited. (LGL-031)
Information: place.legalize.enable_pin_extension_for_pin_access is false.
Adding rule engine Basic Rules version 1.0.0...
Adding rule engine VT Implant Rules version 1.0.0...
Adding rule engine OD Rules version 1.0.0...
Adding rule engine TPO Rules version 1.0.0...
Adding rule engine NP-Well Rules version 1.0.0...
Adding rule engine Pin Access Rules version 1.0.0...
Adding rule engine Span Rules version 1.0.0...
Adding rule engine Index Rules version 1.0.0...
Adding rule engine PG DRC Rules version 1.0.0...
Adding rule engine Color Rules version 1.0.0...
Adding rule engine Chipfin Rules version 1.0.0...
Adding rule engine User Rules version 1.0.0...
Information: Apply spacing rule on full inbound edge (place.legalize.apply_spacing_rule_full_inbound_edge): no
Information: Use base site row as spacing rule sub row (for uni-row only) (place.legalize.use_base_site_row_as_spacing_rule_sub_row): no
Information: Initializing CTS constraints...
Information: nwell layer number 3
Constructing VT legality info...
Warning: Detected lib cells with no implant layer shapes. Please check the lib cells to see if need to use virtual implant.If user want to use virtual implant, please enable related app options. (place.legalize.use_virtual_implant_layer and set up place.legalize.virtual_implant_layer_min_width) (LGL-480)
Constructing implant ignored layer info...
Information: The ignored implant layer for vt_min_width (place.legalize.vt_min_width_ignored_implant_layers) is not specified, skipped.
Information: setting LVTIMP (37) and LVTIMP (37) layers as VT P/N layers
Information: setting HVTIMP (36) and HVTIMP (36) layers as VT P/N layers
Information: reference lib cells do not contain VT jogs
Information: Layer HVTIMP has minArea -0.0001 minWidth 0.85 minSpace 0.85
Information: Layer HVTIMP has filler size (site width) of 1 4 5 6 7 9 10 14 17 18 20 34 66 
Information: Layer LVTIMP has minArea -0.0001 minWidth 0.85 minSpace 0.85
Information: Layer LVTIMP has filler size (site width) of 1 4 5 6 7 9 10 14 17 18 20 34 66 
Information: Design scale factor is 10000
Warning: M0PO max length check will be skipped as there is no layer with mask name metal0 in the design. (LGL-219)
Initializing CPOR7 info...
Warning: The app option place.legalize.max_horizontal_inbound_alignment_length is not set. (LGL-206)
Warning: Max horizontal inbound allignment rules/length checks will be ignored. (LGL-208)
Warning: The app option place.legalize.max_vertical_inbound_alignment_length is not set. (LGL-206)
Warning: Max vertical inbound allignment rules/length checks will be ignored. (LGL-208)
Warning: The max length of rule max_cpode_length is not specified by app option max_vertical_stacked_length. (LGL-340)
Constructing GroupLength legality info...
Information: 0 out of 4212 lib cells has group length info.
Information: Lib cells including {}
Constructing chipfin rule info...
Information: Core area bbox = { {2 2} {125.876 125.6} }
Information: Core area poly points (4-gon) = { {2 2} {2 125.6} {125.876 125.6} {125.876 2} }
Information: Non-placeable shapes inside core bbox poly points (total 0 bbox) = { }
Pre-fill tap cover map for 0 non-placeable regions (auto-expand to align site grids)...
Warning: No rule is specified. Please set rules via "set_tap_boundary_wall_cell_rules" before checking. (LGL-368)
Warning: No rule was specified. Try to load rules from NDM.
Did not find rule in NDM
Information: PRF reader is not found or detached. Disabled all corresponding delta PRF features.
Information: No valid Nx rule container, try to get non-Nx rule container.
Information: Got the non-Nx rule container (address = 0x5513efa0)
Information: Scale factor = 10000
Information: Tap cover distance = 0 sites
INFO: Tap cover stop on pb with width greater than 0 (= 0 um) (= 0 sites). (controlled by app option "place.legalize.tap_cover_stop_pb_width_threshold <micron>")
Information: Suppress boundary coverage violations: false (place.legalize.suppress_bndry_cover_violation)
Information: Suppress in-cell coverage violations: false (place.legalize.suppress_incell_cover_violation)
Information: Verbose coverage violations: false (place.legalize.tap_cover_violation_verbose)
Constructing VA map info...
Information: Considering guardbands as hard placement blockages for tap coverage...
Information: Fill guardband of NDM VA "DEFAULT_VA", isDefaultVA = yes
Information: Fill NDM VA "DEFAULT_VA" without guardband, vaID = 0
Information: Use exact regular expression (i.e., no auto asterisk at the end of each string) (place.legalize.exception_cells_complete_regexp): no
Constructing tap cover drop edge info...
Information: Got drop edge string from app option "place.legalize.tap_cover_drop_edges": VDD VSS
Information: The drop edge string should be one of the following four: "", "VDD", "VSS", or "VDD VSS"
Information: Drop VDD (N-WELL) edge: yes
Information: Drop VSS (P-WELL) edge: yes
Information: Drop edge on tap coverage checking (i.e., a violation is within, intersects, or touches a hard placement blockage or non-placeable area): yes
Constructing LUP map info...
INFO: The LUP constraints are not found from PRF, tech file, or app option (place.legalize.isn_layer_coverage_constraints), skipped.
Constructing cell lib to lib type info...
Information: No Nx rule container is specified, so AL automatically added lib cells with design_type=well_tap as FULL_TAP.
Information: Non-Nx rule container is found. Reading...
Information: There is no N4 tap rule table for extra overwritting. Skip.
Constructing user lib type tap rule table info...
Information: The user lib type tap rule app option (place.legalize.tap_cover_user_lib_type_tap_rule_table) is not specified, skipped.
Constructing additional power management cell lib to ext lib type info...
Information: The additional power management lib cell app option (place.legalize.tap_cover_power_management_lib_cells) is not specified, skipped.
Constructing default lib type to tap rule table info...
Warning: Global tap coverage distance (0) is non-positive, auto set to FEEDTHROUGH (-1)
Information: No rule container is specified, skipped processing PRF.
Constructing tap value hash map info...
Constructing tap value hash map from lib type tap rule table (default)...
Constructing additional tap cover lib cell info...
Information: The additional tap cover lib cell app option (place.legalize.tap_cover_lib_cells) is not specified, skipped.
Constructing tap cover exception lib cell info...
Information: The tap cover exception cell app option (place.legalize.tap_cover_exception_cells) is not specified, skipped.
Constructing tap cover boundary lib cell info...
Information: The tap cover boundary lib cell app option (place.legalize.tap_cover_boundary_lib_cells) is not specified, skipped.
Post-adjusting single-sided tap rule table info...
Information: Is post adjusting mode enabled (place.legalize.tap_cover_tap_rule_post_adjust): yes
Information: Post-adjusting default tap rule tables...
Information: Adjusted 0 default single-sided tap rule table. (expected: 0)
Information: Post-adjusting tap rule tables from PRF...
Information: Adjusted 0 PRF single-sided tap rule table.
Constructing tap value hash map info...
Constructing tap value hash map from lib type tap rule table (default)...
Constructing tap cover implant continuity required layers info...
Information: Got required layer string from app option "place.legalize.tap_cover_implant_continuity_required_layers": ""
Information: The required layer string should be implant layer names defined in tech file (e.g., "VTL_P VTL_N"). If not specified, AL will automatically assign the majority as required.
Information: The implant continuity required layer app option (place.legalize.tap_cover_implant_continuity_required_layers) is not specified, skipped.
Constructing tap cover implant continuity forbidden layers info...
Information: Got forbidden layer string from app option "place.legalize.tap_cover_implant_continuity_forbidden_layers": ""
Information: The forbidden layer string should be layer names defined in tech file.
Information: The implant continuity forbidden layer app option (place.legalize.tap_cover_implant_continuity_forbidden_layers) is not specified, skipped.
Constructing tap cover implant continuity forbidden lib cells info...
Information: The implant continuity forbidden layer app option is not specified or layers are not found, skipped.
Information: Boundary tech mode is 4. Tap tech mode is 4.
Information: Is inbound flow: no
Information: Max tap cover distance in the tap rule table = 0 site
Information: The delta tap distances from PRF during incremental post fixing are enabled. If users would like to turn it off (not suggested), please either disable the delta app option "place.legalize.enable_tap_cover_delta_distance" temporarily , or enable the app option "place.legalize.auto_disable_tap_cover_delta_distance_postfix"
Information: Current mode is 4 (1: check_legality, 2: full_legalization 3: incr_legalization, 4: filler_insertion, 5: placement_model)
Pre-fill tap cover map for hard placement blockages before filling for cells (auto-expand to align site grids)...
Information: Total 0 placement blockage. Pre-filled 0 hard placement blockage.
Pre-fill tap cover map for 0 commited cell...
Information: Considering adjusting tap distance from edge-to-edge to centor-to-center...
Information: Pre-filled 0 macro and 0 std cell. Ignored 0 cell (#Illegal cells: 0).
Overwrite tap cover map for hard placement blockages (auto-expand to align site grids)...
Information: Total 0 placement blockage. Overwrote 0 hard placement blockage.
Information: Is mixed-row flow: no
Information: The orientation of the bottom row is MX.
Information: Tap coverage fixing now supports: movable standard cells with breakers (who might break coverages) on staggered tap pattern.
Information: To enable tap coverage fixing, please enable app option place.legalize.tap_cover_fixing before legalize_placement.
Information: Tap coverage implant continuity check mode is 2. (place.legalize.tap_cover_implant_continuity_check_mode) (1: whole layout; 2: per ring; o.w.: not check)
Information: Skipped initializing implant engine, ignored well_tap/end_cap implant continuity checking...
Information: Minimum duplicated count for duplicated tap coverage violations (place.legalize.tap_cover_duplicated_tap_coverage_min_count): 3
Performing sanity checks on input...
Information: Sanity check is passed.
Information: initialized chipfin rule engine with mode CHIPFIN_INIT_MODE_NORMAL...
Information: Apply spacing rule on full inbound edge (place.legalize.apply_spacing_rule_full_inbound_edge): no
Information: Use base site row as spacing rule sub row (for uni-row only) (place.legalize.use_base_site_row_as_spacing_rule_sub_row): no
Chipfin rule info has already been constructed, skipped...
Constructing pin color alignment legality info...
Information: Reading Vertical abutment prohibit pattern from app option (place.legalize.vertical_abutment_forbidden_pairs)...
	Format 1: label1-label2
	Format 2: label1-label2-minConsecutivePairs
	Format 3: label1-label2-minVertDist-maxVertDist
	Format 4: label1-label2-minVertDist-maxVertDist-minConsecutivePairs
Information: App option (place.legalize.vertical_abutment_forbidden_pairs) is empty.
Information: Reading Vertical abutment prohibit pattern from PRF...
Information: Is mixed-row flow: no
Warning: M0PO max length check will be skipped as there is no layer with mask name metal0 in the design. (LGL-219)
Initializing CPOR7 info...
Warning: The app option place.legalize.max_horizontal_inbound_alignment_length is not set. (LGL-206)
Warning: Max horizontal inbound allignment rules/length checks will be ignored. (LGL-208)
Warning: The app option place.legalize.max_vertical_inbound_alignment_length is not set. (LGL-206)
Warning: Max vertical inbound allignment rules/length checks will be ignored. (LGL-208)
Warning: The max length of rule max_cpode_length is not specified by app option max_vertical_stacked_length. (LGL-340)
Group length rule info has already been constructed, skipped...
Information: Enabling hard placement rule overlap...
Information: Enabling hard placement rule spacing_rule...
Information: Enabling hard placement rule cell_on_site...
Information: Enabling hard placement rule legal_orient...
Information: Enabling hard placement rule va_bound...
Information: Enabling hard placement rule max_cpode_length...
Information: Enabling hard placement rule tap_coverage...
Information: Is inbound flow ? F, design 0, node 0
Initialize AL successfully
	0% complete ...
	10% complete ...
	20% complete ...
	30% complete ...
	40% complete ...
	50% complete ...
	60% complete ...
	70% complete ...
	80% complete ...
	90% complete ...
	100% complete ...
	110% complete ...
Information: Total 204 left cells inserted successfully into FFT. (CHF-100)
Information: Total 0 bottom cells inserted successfully into FFT. (CHF-100)
Information: Total 204 right cells inserted successfully into FFT. (CHF-100)
Information: Total 836 top cells inserted successfully into FFT. (CHF-100)
Information: Total 1244 boundary cells inserted successfully into FFT. (CHF-100)
Information: Dynamic Rule Ordering (DRO): true
... overlap              has failure rate:     0% on about 1.2e+03 checks
... spacing_rule         has failure rate:     0% on about 1.2e+03 checks
... cell_on_site         has failure rate:     0% on about 1.2e+03 checks
... legal_orient         has failure rate:     0% on about 1.2e+03 checks
... va_bound             has failure rate:     0% on about 1.2e+03 checks
... max_cpode_length     has failure rate:     0% on about 1.2e+03 checks
... tap_coverage         has failure rate:     0% on about 1.2e+03 checks
1
Information: 63 out of 68 LGL-151 messages were not printed due to limit 5  (MSG-3913)
fc_shell> create_tap_cells -lib_cell saed14lvt_ff0p7vm40c/SAEDLVT14_CAPTTAP6 -distance 30 -skip_fixed_cells
Information: The command 'create_tap_cells' cleared the undo history. (UNDO-016)
* Disjointed site row process : FALSE
Using AL to insert tap cells
Information: tap_to_tap_distance is not a hard rule at tap insertion stage. Please set place.legalize.ignore_tap_to_tap_distance_rule to true to bypass the check.
Warning: Site master "unit" has neither X-Symmetry nor Y-Symmetry. The "legal orientations" for the standard cells will be limited. (LGL-031)
Warning: Routing direction of metal layer PO is neither "horizontal" nor "vertical".  PDC checks will not be performed on this layer. (PDC-003)
PDC app_options settings =========
	place.legalize.enable_prerouted_net_check: 1
	place.legalize.num_tracks_for_access_check: 1
	place.legalize.use_eol_spacing_for_access_check: 0
	place.legalize.allow_touch_track_for_access_check: 1
	place.legalize.reduce_conservatism_in_eol_check: 0
	place.legalize.preroute_shape_merge_distance: 0.0
	place.legalize.enable_non_preferred_direction_span_check: 0

Layer M1: cached 0 shapes out of 0 total shapes.
Layer M2: cached 0 shapes out of 0 total shapes.
Layer M3: cached 0 shapes out of 0 total shapes.
Cached 0 vias out of 0 total vias.
Information: Starting tap cell insertion into FFT using site master "unit". (CHF-200)
	10% complete ...
	20% complete ...
	30% complete ...
	40% complete ...
	50% complete ...
	60% complete ...
	70% complete ...
	80% complete ...
	90% complete ...
Information: Total 1020 tap cells inserted successfully into FFT. (CHF-100)
fc_shell> check_legality -cells [get_cells bound*]

************************

running check_legality for specific cells specified by -cells option
Use default 3 row height as check distance. User can adjust the distance by -check_distance option.
There are 1244 cells specified in the -cells list, and total 1284 cell(s) will be included in check_legality run.

Warning: Site master "unit" has neither X-Symmetry nor Y-Symmetry. The "legal orientations" for the standard cells will be limited. (LGL-031)
Warning: Routing direction of metal layer PO is neither "horizontal" nor "vertical".  PDC checks will not be performed on this layer. (PDC-003)
PDC app_options settings =========
	place.legalize.enable_prerouted_net_check: 1
	place.legalize.num_tracks_for_access_check: 1
	place.legalize.use_eol_spacing_for_access_check: 0
	place.legalize.allow_touch_track_for_access_check: 1
	place.legalize.reduce_conservatism_in_eol_check: 0
	place.legalize.preroute_shape_merge_distance: 0.0
	place.legalize.enable_non_preferred_direction_span_check: 0

Layer M1: cached 0 shapes out of 0 total shapes.
Layer M2: cached 0 shapes out of 0 total shapes.
Layer M3: cached 0 shapes out of 0 total shapes.
Cached 0 vias out of 0 total vias.

check_legality for block design FFT ... 
Information: Initializing classic cellmap without advanced rules enabled and without PDC enabled
Information: The following app options are used in cellmap
        place.legalize.enable_color_aware_placement : false
        place.legalize.use_nll_query_cm : false
        place.legalize.enable_advanced_legalizer : false
        place.legalize.enable_prerouted_net_check : true
        place.legalize.enable_advanced_prerouted_net_check : false
        place.legalize.always_continue : true
        place.legalize.limit_legality_checks : false
        place.common.pnet_aware_density : 1.0000
        place.common.pnet_aware_min_width : 0.0000
        place.common.pnet_aware_layers : {}
        place.common.use_placement_model : false
        place.common.enable_advanced_placement_model : true
        cts.placement.cell_spacing_rule_style : maximum
Warning: Library cell saed14lvt_ff0p7vm40c:SAEDLVT14_ISOFSDPQ_PECO_8.frame is missing supply pins. Its power structure cannot be determined. (LGL-050)
Warning: Library cell saed14lvt_ff0p7vm40c:SAEDLVT14_DCAP_PV1ECO_12.frame is missing supply pins. Its power structure cannot be determined. (LGL-050)
Warning: Library cell saed14rvt_ff0p7vm40c:SAEDRVT14_ISOFSDPQ_PECO_8.frame is missing supply pins. Its power structure cannot be determined. (LGL-050)
Warning: Library cell saed14rvt_ff0p7vm40c:SAEDRVT14_DCAP_PV1ECO_12.frame is missing supply pins. Its power structure cannot be determined. (LGL-050)
Warning: Library cell EXPLORE_physical_only:SAEDHVT14_DCAP_PV1ECO_12.frame is missing supply pins. Its power structure cannot be determined. (LGL-050)
Note - message 'LGL-050' limit (5) exceeded. Remainder will be suppressed.
Total 0.0659 seconds to build cellmap data
Information: Creating classic rule checker.
Warning: Routing direction of metal layer PO is neither "horizontal" nor "vertical".  PDC checks will not be performed on this layer. (PDC-003)
=====> Processed 170 ref cells (100 fillers) from library
Warning: Standard cell instance din_i_reg_reg_17_ is not placed. (LGL-003)
Warning: Standard cell instance count_y_reg_3_ is not placed. (LGL-003)
Warning: Standard cell instance result_i_reg_0__10_ is not placed. (LGL-003)
Warning: Standard cell instance result_i_reg_1__11_ is not placed. (LGL-003)
Warning: Standard cell instance result_i_reg_2__12_ is not placed. (LGL-003)
Note - message 'LGL-003' limit (5) exceeded. Remainder will be suppressed.


****************************************
  Report : Fillers
  Site   : unit
****************************************

Filler widths available for different combinations of VT, OD and TPO:
----------------------------------------------------------------------
     VT1      VT2      OD1      OD2      TPO   WIDTHS
                    height   height            sites
----------------------------------------------------------------------
  LVTIMP   LVTIMP     none     none     none   1 4 5 6 7 9 10 14 17 18 20 34 66
DefaultVTH DefaultVTH     none     none     none   1 4 5 6 7 9 10 14 17 18 20 34 66
  HVTIMP   HVTIMP     none     none     none   1 4 5 6 7 9 10 14 17 18 20 34 66
----------------------------------------------------------------------
Smallest non-OD filler width is 1 sites.
----------------------------------------------------------------------

Checking legality
Checking cell legality:
0%....10%....20%....30%....40%....50%....60%....70%....80%....90%....100%
Sorting rows.
Checking spacing rule legality.
0%....10%....20%....30%....40%....50%....60%....70%....80%....90%....100%
Checking packing rule legality.
0%....10%....20%....30%....40%....50%....60%....70%....80%....90%....100%
Checking layer rule legality.
0%....10%....20%....30%....40%....50%....60%....70%....80%....90%....100%

****************************************
  Report : Legality
****************************************

VIOLATIONS BY CATEGORY:
   MOVABLE  APP-FIXED USER-FIXED  DESCRIPTION
         0          0          0  Two objects overlap.
         0          0          0  A cell violates a pnet.
         0          0          0  A cell is illegal at a site.
         0          0          0  A cell is not aligned with a site.
         0          0          0  A cell has an illegal orientation.
         0          0          0  A cell spacing rule is violated.
         0          0          0  A layer rule is violated.
         0          0          0  A cell is in the wrong region.
         0          0          0  Two cells violate cts margins.
         0          0          0  Two cells violate coloring.

         0          0          0  TOTAL

TOTAL 0 Violations.

VIOLATIONS BY SUBCATEGORY:
     MOVABLE  APP-FIXED USER-FIXED  DESCRIPTION

         0          0          0    Two objects overlap.
           0          0          0    Two cells overlap.
           0          0          0    Two cells have overlapping keepout margins.
           0          0          0    A cell overlaps a blockage.
           0          0          0    A cell keepout margin overlaps a blockage.

         0          0          0    A cell violates a pnet.

         0          0          0    A cell is illegal at a site.
           0          0          0    A cell violates pin-track alignment rules.
           0          0          0    A cell is illegal at a site.
           0          0          0    A cell violates legal index rule.
           0          0          0    A cell has the wrong variant for its location.

         0          0          0    A cell is not aligned with a site.
           0          0          0    A cell is not aligned with the base site.
           0          0          0    A cell is not aligned with an overlaid site.

         0          0          0    A cell has an illegal orientation.

         0          0          0    A cell spacing rule is violated.
           0          0          0    A spacing rule is violated in a row.
           0          0          0    A spacing rule is violated between adjacent rows.
           0          0          0    A cell violates vertical abutment rule.
           0          0          0    A cell violates metal spacing rule.

         0          0          0    A layer rule is violated.
           0          0          0    A layer VTH rule is violated.
           0          0          0    A layer OD rule is violated.
           0          0          0    A layer OD max-width rule is violated.
           0          0          0    A layer ALL_OD corner rule is violated.
           0          0          0    A layer max-vertical-length rule is violated.
           0          0          0    A layer TPO rule is violated.
           0          0          0    Filler cell insertion cannot satisfy layer rules.

         0          0          0    A cell is in the wrong region.
           0          0          0    A cell is outside its hard bound.
           0          0          0    A cell is in the wrong voltage area.
           0          0          0    A cell violates an exclusive movebound.

         0          0          0    Two cells violate cts margins.

         0          0          0    Two cells violate coloring.


check_legality for block design FFT succeeded!


check_legality succeeded.

**************************

**************************************************************************************************
  Summary : check_legality -cells and -check_distance
**************************************************************************************************
      All specified cells in the -cells option are legal.

    -check_distance 3.000000 (row height)

  Above result is based on the check distance 3.000000 row height. It did not include all cells in the design.
  User can adjust the check distance by -check_distance option.
**************************************************************************************************
1
Information: 14191 out of 14196 LGL-003 messages were not printed due to limit 5  (MSG-3913)
Information: 3 out of 8 LGL-050 messages were not printed due to limit 5  (MSG-3913)
fc_shell> check_legality -cells [get_cells tap*]

************************

running check_legality for specific cells specified by -cells option
Use default 3 row height as check distance. User can adjust the distance by -check_distance option.
There are 1020 cells specified in the -cells list, and total 1178 cell(s) will be included in check_legality run.

Warning: Routing direction of metal layer PO is neither "horizontal" nor "vertical".  PDC checks will not be performed on this layer. (PDC-003)
PDC app_options settings =========
	place.legalize.enable_prerouted_net_check: 1
	place.legalize.num_tracks_for_access_check: 1
	place.legalize.use_eol_spacing_for_access_check: 0
	place.legalize.allow_touch_track_for_access_check: 1
	place.legalize.reduce_conservatism_in_eol_check: 0
	place.legalize.preroute_shape_merge_distance: 0.0
	place.legalize.enable_non_preferred_direction_span_check: 0

Layer M1: cached 0 shapes out of 0 total shapes.
Layer M2: cached 0 shapes out of 0 total shapes.
Layer M3: cached 0 shapes out of 0 total shapes.
Cached 0 vias out of 0 total vias.

check_legality for block design FFT ... 
Information: Initializing classic cellmap without advanced rules enabled and without PDC enabled
Information: The following app options are used in cellmap
        place.legalize.enable_color_aware_placement : false
        place.legalize.use_nll_query_cm : false
        place.legalize.enable_advanced_legalizer : false
        place.legalize.enable_prerouted_net_check : true
        place.legalize.enable_advanced_prerouted_net_check : false
        place.legalize.always_continue : true
        place.legalize.limit_legality_checks : false
        place.common.pnet_aware_density : 1.0000
        place.common.pnet_aware_min_width : 0.0000
        place.common.pnet_aware_layers : {}
        place.common.use_placement_model : false
        place.common.enable_advanced_placement_model : true
        cts.placement.cell_spacing_rule_style : maximum
Warning: Library cell saed14lvt_ff0p7vm40c:SAEDLVT14_ISOFSDPQ_PECO_8.frame is missing supply pins. Its power structure cannot be determined. (LGL-050)
Warning: Library cell saed14lvt_ff0p7vm40c:SAEDLVT14_DCAP_PV1ECO_12.frame is missing supply pins. Its power structure cannot be determined. (LGL-050)
Warning: Library cell saed14rvt_ff0p7vm40c:SAEDRVT14_ISOFSDPQ_PECO_8.frame is missing supply pins. Its power structure cannot be determined. (LGL-050)
Warning: Library cell saed14rvt_ff0p7vm40c:SAEDRVT14_DCAP_PV1ECO_12.frame is missing supply pins. Its power structure cannot be determined. (LGL-050)
Warning: Library cell EXPLORE_physical_only:SAEDHVT14_DCAP_PV1ECO_12.frame is missing supply pins. Its power structure cannot be determined. (LGL-050)
Total 0.0649 seconds to build cellmap data
Information: Creating classic rule checker.
Warning: Routing direction of metal layer PO is neither "horizontal" nor "vertical".  PDC checks will not be performed on this layer. (PDC-003)
=====> Processed 170 ref cells (100 fillers) from library
Warning: Standard cell instance din_i_reg_reg_17_ is not placed. (LGL-003)
Warning: Standard cell instance count_y_reg_3_ is not placed. (LGL-003)
Warning: Standard cell instance result_i_reg_0__10_ is not placed. (LGL-003)
Warning: Standard cell instance result_i_reg_1__11_ is not placed. (LGL-003)
Warning: Standard cell instance result_i_reg_2__12_ is not placed. (LGL-003)


****************************************
  Report : Fillers
  Site   : unit
****************************************

Filler widths available for different combinations of VT, OD and TPO:
----------------------------------------------------------------------
     VT1      VT2      OD1      OD2      TPO   WIDTHS
                    height   height            sites
----------------------------------------------------------------------
  LVTIMP   LVTIMP     none     none     none   1 4 5 6 7 9 10 14 17 18 20 34 66
DefaultVTH DefaultVTH     none     none     none   1 4 5 6 7 9 10 14 17 18 20 34 66
  HVTIMP   HVTIMP     none     none     none   1 4 5 6 7 9 10 14 17 18 20 34 66
----------------------------------------------------------------------
Smallest non-OD filler width is 1 sites.
----------------------------------------------------------------------

Checking legality
Checking cell legality:
0%....10%....20%....30%....40%....50%....60%....70%....80%....90%....100%
Sorting rows.
Checking spacing rule legality.
0%....10%....20%....30%....40%....50%....60%....70%....80%....90%....100%
Checking packing rule legality.
0%....10%....20%....30%....40%....50%....60%....70%....80%....90%....100%
Checking layer rule legality.
0%....10%....20%....30%....40%....50%....60%....70%....80%....90%....100%

****************************************
  Report : Legality
****************************************

VIOLATIONS BY CATEGORY:
   MOVABLE  APP-FIXED USER-FIXED  DESCRIPTION
         0          0          0  Two objects overlap.
         0          0          0  A cell violates a pnet.
         0          0          0  A cell is illegal at a site.
         0          0          0  A cell is not aligned with a site.
         0          0          0  A cell has an illegal orientation.
         0          0          0  A cell spacing rule is violated.
         0          0          0  A layer rule is violated.
         0          0          0  A cell is in the wrong region.
         0          0          0  Two cells violate cts margins.
         0          0          0  Two cells violate coloring.

         0          0          0  TOTAL

TOTAL 0 Violations.

VIOLATIONS BY SUBCATEGORY:
     MOVABLE  APP-FIXED USER-FIXED  DESCRIPTION

         0          0          0    Two objects overlap.
           0          0          0    Two cells overlap.
           0          0          0    Two cells have overlapping keepout margins.
           0          0          0    A cell overlaps a blockage.
           0          0          0    A cell keepout margin overlaps a blockage.

         0          0          0    A cell violates a pnet.

         0          0          0    A cell is illegal at a site.
           0          0          0    A cell violates pin-track alignment rules.
           0          0          0    A cell is illegal at a site.
           0          0          0    A cell violates legal index rule.
           0          0          0    A cell has the wrong variant for its location.

         0          0          0    A cell is not aligned with a site.
           0          0          0    A cell is not aligned with the base site.
           0          0          0    A cell is not aligned with an overlaid site.

         0          0          0    A cell has an illegal orientation.

         0          0          0    A cell spacing rule is violated.
           0          0          0    A spacing rule is violated in a row.
           0          0          0    A spacing rule is violated between adjacent rows.
           0          0          0    A cell violates vertical abutment rule.
           0          0          0    A cell violates metal spacing rule.

         0          0          0    A layer rule is violated.
           0          0          0    A layer VTH rule is violated.
           0          0          0    A layer OD rule is violated.
           0          0          0    A layer OD max-width rule is violated.
           0          0          0    A layer ALL_OD corner rule is violated.
           0          0          0    A layer max-vertical-length rule is violated.
           0          0          0    A layer TPO rule is violated.
           0          0          0    Filler cell insertion cannot satisfy layer rules.

         0          0          0    A cell is in the wrong region.
           0          0          0    A cell is outside its hard bound.
           0          0          0    A cell is in the wrong voltage area.
           0          0          0    A cell violates an exclusive movebound.

         0          0          0    Two cells violate cts margins.

         0          0          0    Two cells violate coloring.


check_legality for block design FFT succeeded!


check_legality succeeded.

**************************

**************************************************************************************************
  Summary : check_legality -cells and -check_distance
**************************************************************************************************
      All specified cells in the -cells option are legal.

    -check_distance 3.000000 (row height)

  Above result is based on the check distance 3.000000 row height. It did not include all cells in the design.
  User can adjust the check distance by -check_distance option.
**************************************************************************************************
1
Information: 14191 out of 14196 LGL-003 messages were not printed due to limit 5  (MSG-3913)
Information: 3 out of 8 LGL-050 messages were not printed due to limit 5  (MSG-3913)
fc_shell> save_block -as 1_floorplan
Information: Saving 'FFT_lib:FFT.design' to 'FFT_lib:1_floorplan.design'. (DES-028)
1
fc_shell> set_attr [get_lib_cells */*TIE*] dont_touch false
Information: The design specific attribute override for lib_cell 'saed14lvt_ff0p7vm40c:SAEDLVT14_TIE0_4.timing' is set in the current block 'FFT', because the actual library setting may not be overwritten. (ATTR-12)
Information: The design specific attribute override for lib_cell 'saed14lvt_ff0p7vm40c:SAEDLVT14_TIE0_V1_2.timing' is set in the current block 'FFT', because the actual library setting may not be overwritten. (ATTR-12)
Information: The design specific attribute override for lib_cell 'saed14lvt_ff0p7vm40c:SAEDLVT14_TIE1_4.timing' is set in the current block 'FFT', because the actual library setting may not be overwritten. (ATTR-12)
Information: The design specific attribute override for lib_cell 'saed14lvt_ff0p7vm40c:SAEDLVT14_TIE1_V1_2.timing' is set in the current block 'FFT', because the actual library setting may not be overwritten. (ATTR-12)
Information: The design specific attribute override for lib_cell 'saed14lvt_ff0p7vm40c:SAEDLVT14_TIEDIN_4.timing' is set in the current block 'FFT', because the actual library setting may not be overwritten. (ATTR-12)
Information: The design specific attribute override for lib_cell 'saed14lvt_ff0p7vm40c:SAEDLVT14_TIEDIN_V1ECO_6.timing' is set in the current block 'FFT', because the actual library setting may not be overwritten. (ATTR-12)
Information: The design specific attribute override for lib_cell 'saed14lvt_ff0p7vm40c:SAEDLVT14_TIE1_V1ECO_1.timing' is set in the current block 'FFT', because the actual library setting may not be overwritten. (ATTR-12)
Information: The design specific attribute override for lib_cell 'saed14lvt_ff0p7vm40c:SAEDLVT14_TIE0_PV1ECO_1.timing' is set in the current block 'FFT', because the actual library setting may not be overwritten. (ATTR-12)
Information: The design specific attribute override for lib_cell 'saed14lvt_ff0p7vm40c:SAEDLVT14_TIE1_PV1ECO_1.timing' is set in the current block 'FFT', because the actual library setting may not be overwritten. (ATTR-12)
Information: The design specific attribute override for lib_cell 'saed14lvt_ff0p7vm40c:SAEDLVT14_TIEDIN_PV1ECO_6.timing' is set in the current block 'FFT', because the actual library setting may not be overwritten. (ATTR-12)
{saed14lvt_ff0p7vm40c/SAEDLVT14_TIE0_4 saed14lvt_ff0p7vm40c/SAEDLVT14_TIE0_V1_2 saed14lvt_ff0p7vm40c/SAEDLVT14_TIE1_4 saed14lvt_ff0p7vm40c/SAEDLVT14_TIE1_V1_2 saed14lvt_ff0p7vm40c/SAEDLVT14_TIEDIN_4 saed14lvt_ff0p7vm40c/SAEDLVT14_TIEDIN_V1ECO_6 saed14lvt_ff0p7vm40c/SAEDLVT14_TIE1_V1ECO_1 saed14lvt_ff0p7vm40c/SAEDLVT14_TIE0_PV1ECO_1 saed14lvt_ff0p7vm40c/SAEDLVT14_TIE1_PV1ECO_1 saed14lvt_ff0p7vm40c/SAEDLVT14_TIEDIN_PV1ECO_6 saed14rvt_ff0p7vm40c/SAEDRVT14_TIE0_4 saed14rvt_ff0p7vm40c/SAEDRVT14_TIE0_V1_2 saed14rvt_ff0p7vm40c/SAEDRVT14_TIE1_4 saed14rvt_ff0p7vm40c/SAEDRVT14_TIE1_V1_2 saed14rvt_ff0p7vm40c/SAEDRVT14_TIEDIN_4 saed14rvt_ff0p7vm40c/SAEDRVT14_TIEDIN_V1ECO_6 saed14rvt_ff0p7vm40c/SAEDRVT14_TIE1_V1ECO_1 saed14rvt_ff0p7vm40c/SAEDRVT14_TIE0_PV1ECO_1 saed14rvt_ff0p7vm40c/SAEDRVT14_TIE1_PV1ECO_1 saed14rvt_ff0p7vm40c/SAEDRVT14_TIEDIN_PV1ECO_6 EXPLORE_physical_only/SAEDHVT14_TIE0_4/frame EXPLORE_physical_only/SAEDHVT14_TIE0_PV1ECO_1/frame EXPLORE_physical_only/SAEDHVT14_TIE0_V1_2/frame EXPLORE_physical_only/SAEDHVT14_TIE1_4/frame EXPLORE_physical_only/SAEDHVT14_TIE1_PV1ECO_1/frame EXPLORE_physical_only/SAEDHVT14_TIE1_V1ECO_1/frame EXPLORE_physical_only/SAEDHVT14_TIE1_V1_2/frame EXPLORE_physical_only/SAEDHVT14_TIEDIN_4/frame EXPLORE_physical_only/SAEDHVT14_TIEDIN_PV1ECO_6/frame EXPLORE_physical_only/SAEDHVT14_TIEDIN_V1ECO_6/frame EXPLORE_physical_only/SAEDSLVT14_TIE0_4/frame EXPLORE_physical_only/SAEDSLVT14_TIE0_PV1ECO_1/frame EXPLORE_physical_only/SAEDSLVT14_TIE0_V1_2/frame EXPLORE_physical_only/SAEDSLVT14_TIE1_4/frame EXPLORE_physical_only/SAEDSLVT14_TIE1_PV1ECO_1/frame EXPLORE_physical_only/SAEDSLVT14_TIE1_V1ECO_1/frame EXPLORE_physical_only/SAEDSLVT14_TIE1_V1_2/frame EXPLORE_physical_only/SAEDSLVT14_TIEDIN_4/frame EXPLORE_physical_only/SAEDSLVT14_TIEDIN_PV1ECO_6/frame EXPLORE_physical_only/SAEDSLVT14_TIEDIN_V1ECO_6/frame}
fc_shell> set_lib_cell_purpose -include optimization [get_lib_cells */*TIE*]
Information: The command 'set_lib_cell_purpose' cleared the undo history. (UNDO-016)
Information: The design specific attribute override for lib_cell 'saed14lvt_ff0p7vm40c:SAEDLVT14_TIE0_4.timing' is set in the current block 'FFT', because the actual library setting may not be overwritten. (ATTR-12)
Information: The design specific attribute override for lib_cell 'saed14lvt_ff0p7vm40c:SAEDLVT14_TIE0_V1_2.timing' is set in the current block 'FFT', because the actual library setting may not be overwritten. (ATTR-12)
Information: The design specific attribute override for lib_cell 'saed14lvt_ff0p7vm40c:SAEDLVT14_TIE1_4.timing' is set in the current block 'FFT', because the actual library setting may not be overwritten. (ATTR-12)
Information: The design specific attribute override for lib_cell 'saed14lvt_ff0p7vm40c:SAEDLVT14_TIE1_V1_2.timing' is set in the current block 'FFT', because the actual library setting may not be overwritten. (ATTR-12)
Information: The design specific attribute override for lib_cell 'saed14lvt_ff0p7vm40c:SAEDLVT14_TIEDIN_4.timing' is set in the current block 'FFT', because the actual library setting may not be overwritten. (ATTR-12)
Information: The design specific attribute override for lib_cell 'saed14lvt_ff0p7vm40c:SAEDLVT14_TIEDIN_V1ECO_6.timing' is set in the current block 'FFT', because the actual library setting may not be overwritten. (ATTR-12)
Information: The design specific attribute override for lib_cell 'saed14lvt_ff0p7vm40c:SAEDLVT14_TIE1_V1ECO_1.timing' is set in the current block 'FFT', because the actual library setting may not be overwritten. (ATTR-12)
Information: The design specific attribute override for lib_cell 'saed14lvt_ff0p7vm40c:SAEDLVT14_TIE0_PV1ECO_1.timing' is set in the current block 'FFT', because the actual library setting may not be overwritten. (ATTR-12)
Information: The design specific attribute override for lib_cell 'saed14lvt_ff0p7vm40c:SAEDLVT14_TIE1_PV1ECO_1.timing' is set in the current block 'FFT', because the actual library setting may not be overwritten. (ATTR-12)
Information: The design specific attribute override for lib_cell 'saed14lvt_ff0p7vm40c:SAEDLVT14_TIEDIN_PV1ECO_6.timing' is set in the current block 'FFT', because the actual library setting may not be overwritten. (ATTR-12)
Warning: The 'set_lib_cell_purpose' command cannot be used on library cell 'EXPLORE_physical_only:SAEDHVT14_TIE0_4.frame' which has no logical model. (NDMUI-010)
Warning: The 'set_lib_cell_purpose' command cannot be used on library cell 'EXPLORE_physical_only:SAEDHVT14_TIE0_PV1ECO_1.frame' which has no logical model. (NDMUI-010)
Warning: The 'set_lib_cell_purpose' command cannot be used on library cell 'EXPLORE_physical_only:SAEDHVT14_TIE0_V1_2.frame' which has no logical model. (NDMUI-010)
Warning: The 'set_lib_cell_purpose' command cannot be used on library cell 'EXPLORE_physical_only:SAEDHVT14_TIE1_4.frame' which has no logical model. (NDMUI-010)
Warning: The 'set_lib_cell_purpose' command cannot be used on library cell 'EXPLORE_physical_only:SAEDHVT14_TIE1_PV1ECO_1.frame' which has no logical model. (NDMUI-010)
Warning: The 'set_lib_cell_purpose' command cannot be used on library cell 'EXPLORE_physical_only:SAEDHVT14_TIE1_V1ECO_1.frame' which has no logical model. (NDMUI-010)
Warning: The 'set_lib_cell_purpose' command cannot be used on library cell 'EXPLORE_physical_only:SAEDHVT14_TIE1_V1_2.frame' which has no logical model. (NDMUI-010)
Warning: The 'set_lib_cell_purpose' command cannot be used on library cell 'EXPLORE_physical_only:SAEDHVT14_TIEDIN_4.frame' which has no logical model. (NDMUI-010)
Warning: The 'set_lib_cell_purpose' command cannot be used on library cell 'EXPLORE_physical_only:SAEDHVT14_TIEDIN_PV1ECO_6.frame' which has no logical model. (NDMUI-010)
Warning: The 'set_lib_cell_purpose' command cannot be used on library cell 'EXPLORE_physical_only:SAEDHVT14_TIEDIN_V1ECO_6.frame' which has no logical model. (NDMUI-010)
1
fc_shell> set_attr [get_lib_cells */*AO*] dont_use true
Information: The design specific attribute override for lib_cell 'saed14lvt_ff0p7vm40c:SAEDLVT14_AO211_1.timing' is set in the current block 'FFT', because the actual library setting may not be overwritten. (ATTR-12)
Information: The design specific attribute override for lib_cell 'saed14lvt_ff0p7vm40c:SAEDLVT14_AO211_2.timing' is set in the current block 'FFT', because the actual library setting may not be overwritten. (ATTR-12)
Information: The design specific attribute override for lib_cell 'saed14lvt_ff0p7vm40c:SAEDLVT14_AO211_4.timing' is set in the current block 'FFT', because the actual library setting may not be overwritten. (ATTR-12)
Information: The design specific attribute override for lib_cell 'saed14lvt_ff0p7vm40c:SAEDLVT14_AO21_1.timing' is set in the current block 'FFT', because the actual library setting may not be overwritten. (ATTR-12)
Information: The design specific attribute override for lib_cell 'saed14lvt_ff0p7vm40c:SAEDLVT14_AO211_U_0P5.timing' is set in the current block 'FFT', because the actual library setting may not be overwritten. (ATTR-12)
Information: The design specific attribute override for lib_cell 'saed14lvt_ff0p7vm40c:SAEDLVT14_AO21_2.timing' is set in the current block 'FFT', because the actual library setting may not be overwritten. (ATTR-12)
Information: The design specific attribute override for lib_cell 'saed14lvt_ff0p7vm40c:SAEDLVT14_AO21_4.timing' is set in the current block 'FFT', because the actual library setting may not be overwritten. (ATTR-12)
Information: The design specific attribute override for lib_cell 'saed14lvt_ff0p7vm40c:SAEDLVT14_AO21B_0P5.timing' is set in the current block 'FFT', because the actual library setting may not be overwritten. (ATTR-12)
Information: The design specific attribute override for lib_cell 'saed14lvt_ff0p7vm40c:SAEDLVT14_AO21B_1.timing' is set in the current block 'FFT', because the actual library setting may not be overwritten. (ATTR-12)
Information: The design specific attribute override for lib_cell 'saed14lvt_ff0p7vm40c:SAEDLVT14_AO21B_2.timing' is set in the current block 'FFT', because the actual library setting may not be overwritten. (ATTR-12)
{saed14lvt_ff0p7vm40c/SAEDLVT14_AO211_1 saed14lvt_ff0p7vm40c/SAEDLVT14_AO211_2 saed14lvt_ff0p7vm40c/SAEDLVT14_AO211_4 saed14lvt_ff0p7vm40c/SAEDLVT14_AO21_1 saed14lvt_ff0p7vm40c/SAEDLVT14_AO211_U_0P5 saed14lvt_ff0p7vm40c/SAEDLVT14_AO21_2 saed14lvt_ff0p7vm40c/SAEDLVT14_AO21_4 saed14lvt_ff0p7vm40c/SAEDLVT14_AO21B_0P5 saed14lvt_ff0p7vm40c/SAEDLVT14_AO21B_1 saed14lvt_ff0p7vm40c/SAEDLVT14_AO21B_2 saed14lvt_ff0p7vm40c/SAEDLVT14_AO21B_4 saed14lvt_ff0p7vm40c/SAEDLVT14_AO21_ECO_1 saed14lvt_ff0p7vm40c/SAEDLVT14_AO21_U_0P5 saed14lvt_ff0p7vm40c/SAEDLVT14_AO22_0P5 saed14lvt_ff0p7vm40c/SAEDLVT14_AO22_0P75 saed14lvt_ff0p7vm40c/SAEDLVT14_AO221_0P5 saed14lvt_ff0p7vm40c/SAEDLVT14_AO221_1 saed14lvt_ff0p7vm40c/SAEDLVT14_AO221_2 saed14lvt_ff0p7vm40c/SAEDLVT14_AO221_4 saed14lvt_ff0p7vm40c/SAEDLVT14_AO22_1 saed14lvt_ff0p7vm40c/SAEDLVT14_AO222_1 saed14lvt_ff0p7vm40c/SAEDLVT14_AO222_2 saed14lvt_ff0p7vm40c/SAEDLVT14_AO222_4 saed14lvt_ff0p7vm40c/SAEDLVT14_AO22_2 saed14lvt_ff0p7vm40c/SAEDLVT14_AO222_U_0P5 saed14lvt_ff0p7vm40c/SAEDLVT14_AO22_4 saed14lvt_ff0p7vm40c/SAEDLVT14_AO2BB2_0P5 saed14lvt_ff0p7vm40c/SAEDLVT14_AO2BB2_1 saed14lvt_ff0p7vm40c/SAEDLVT14_AO2BB2_2 saed14lvt_ff0p7vm40c/SAEDLVT14_AO2BB2_4 saed14lvt_ff0p7vm40c/SAEDLVT14_AO2BB2_V1_0P5 saed14lvt_ff0p7vm40c/SAEDLVT14_AO2BB2_V1_0P75 saed14lvt_ff0p7vm40c/SAEDLVT14_AO2BB2_V1_1 saed14lvt_ff0p7vm40c/SAEDLVT14_AO2BB2_V1_2 saed14lvt_ff0p7vm40c/SAEDLVT14_AO2BB2_V1_4 saed14lvt_ff0p7vm40c/SAEDLVT14_AO31_1 saed14lvt_ff0p7vm40c/SAEDLVT14_AO31_2 saed14lvt_ff0p7vm40c/SAEDLVT14_AO31_4 saed14lvt_ff0p7vm40c/SAEDLVT14_AO31_U_0P5 saed14lvt_ff0p7vm40c/SAEDLVT14_AO32_1 saed14lvt_ff0p7vm40c/SAEDLVT14_AO32_2 saed14lvt_ff0p7vm40c/SAEDLVT14_AO32_4 saed14lvt_ff0p7vm40c/SAEDLVT14_AO32_U_0P5 saed14lvt_ff0p7vm40c/SAEDLVT14_AO33_1 saed14lvt_ff0p7vm40c/SAEDLVT14_AO33_2 saed14lvt_ff0p7vm40c/SAEDLVT14_AO33_4 saed14lvt_ff0p7vm40c/SAEDLVT14_AO33_U_0P5 saed14lvt_ff0p7vm40c/SAEDLVT14_AOI21_0P5 saed14lvt_ff0p7vm40c/SAEDLVT14_AOI21_0P75 saed14lvt_ff0p7vm40c/SAEDLVT14_AOI211_0P5 saed14lvt_ff0p7vm40c/SAEDLVT14_AOI211_1 saed14lvt_ff0p7vm40c/SAEDLVT14_AOI211_2 saed14lvt_ff0p7vm40c/SAEDLVT14_AOI211_4 saed14lvt_ff0p7vm40c/SAEDLVT14_AOI21_1P5 saed14lvt_ff0p7vm40c/SAEDLVT14_AOI21_1 saed14lvt_ff0p7vm40c/SAEDLVT14_AOI21_2 saed14lvt_ff0p7vm40c/SAEDLVT14_AOI21_3 saed14lvt_ff0p7vm40c/SAEDLVT14_AOI21_4 saed14lvt_ff0p7vm40c/SAEDLVT14_AOI21_6 saed14lvt_ff0p7vm40c/SAEDLVT14_AOI21_8 saed14lvt_ff0p7vm40c/SAEDLVT14_AOI21_ECO_1 saed14lvt_ff0p7vm40c/SAEDLVT14_AOI21_V1_4 saed14lvt_ff0p7vm40c/SAEDLVT14_AOI21_V1_6 saed14lvt_ff0p7vm40c/SAEDLVT14_AOI21_V1_8 saed14lvt_ff0p7vm40c/SAEDLVT14_AOI22_0P5 saed14lvt_ff0p7vm40c/SAEDLVT14_AOI22_0P75 saed14lvt_ff0p7vm40c/SAEDLVT14_AOI221_0P5 saed14lvt_ff0p7vm40c/SAEDLVT14_AOI221_1 saed14lvt_ff0p7vm40c/SAEDLVT14_AOI221_2 saed14lvt_ff0p7vm40c/SAEDLVT14_AOI221_4 saed14lvt_ff0p7vm40c/SAEDLVT14_AOI22_1P5 saed14lvt_ff0p7vm40c/SAEDLVT14_AOI22_1 saed14lvt_ff0p7vm40c/SAEDLVT14_AOI222_0P5 saed14lvt_ff0p7vm40c/SAEDLVT14_AOI222_1 saed14lvt_ff0p7vm40c/SAEDLVT14_AOI222_2 saed14lvt_ff0p7vm40c/SAEDLVT14_AOI222_4 saed14lvt_ff0p7vm40c/SAEDLVT14_AOI22_2 saed14lvt_ff0p7vm40c/SAEDLVT14_AOI22_3 saed14lvt_ff0p7vm40c/SAEDLVT14_AOI22_4 saed14lvt_ff0p7vm40c/SAEDLVT14_AOI22_6 saed14lvt_ff0p7vm40c/SAEDLVT14_AOI22_ECO_1 saed14lvt_ff0p7vm40c/SAEDLVT14_AOI31_0P5 saed14lvt_ff0p7vm40c/SAEDLVT14_AOI31_0P75 saed14lvt_ff0p7vm40c/SAEDLVT14_AOI311_0P5 saed14lvt_ff0p7vm40c/SAEDLVT14_AOI311_0P75 saed14lvt_ff0p7vm40c/SAEDLVT14_AOI311_1 saed14lvt_ff0p7vm40c/SAEDLVT14_AOI311_2 saed14lvt_ff0p7vm40c/SAEDLVT14_AOI311_4 saed14lvt_ff0p7vm40c/SAEDLVT14_AOI31_1 saed14lvt_ff0p7vm40c/SAEDLVT14_AOI31_2 saed14lvt_ff0p7vm40c/SAEDLVT14_AOI31_4 saed14lvt_ff0p7vm40c/SAEDLVT14_AOI31_ECO_1 saed14lvt_ff0p7vm40c/SAEDLVT14_AOI32_0P5 saed14lvt_ff0p7vm40c/SAEDLVT14_AOI32_0P75 saed14lvt_ff0p7vm40c/SAEDLVT14_AOI32_1 saed14lvt_ff0p7vm40c/SAEDLVT14_AOI32_2 saed14lvt_ff0p7vm40c/SAEDLVT14_AOI32_4 saed14lvt_ff0p7vm40c/SAEDLVT14_AOI33_0P5 saed14lvt_ff0p7vm40c/SAEDLVT14_AOI33_0P75 saed14lvt_ff0p7vm40c/SAEDLVT14_AOI33_1 ...}
fc_shell> connect_pg_net -automatic
Information: Connecting to PG and tie pins in automatic mode. (MV-396)
****************************************
Report : Power/Ground Connection Summary
Design : FFT
Version: V-2023.12-SP4
Date   : Mon Sep  7 00:17:47 2026
****************************************
P/G net name                  P/G pin count(previous/current)
--------------------------------------------------------------------------------
Power net VDD                 14296/16560
Ground net VSS                14196/16460
--------------------------------------------------------------------------------
Information: connections of 4528 power/ground pin(s) are created or changed. (MV-382)

1
fc_shell> create_pg_mesh_pattern Mesh_Upper -layers { \
    { {horizontal_layer: M9} {width: 0.12} {spacing: interleaving} {pitch: 4.8} {offset: 1.6} {trim:true} } \
    { {vertical_layer: M8} {width: 0.12} {spacing: interleaving} {pitch: 4.8} {offset: 1.6} {trim:true} } }
Information: The command 'create_pg_wire_pattern' cleared the undo history. (UNDO-016)
Successfully create mesh pattern Mesh_Upper.
1
fc_shell> set_pg_strategy Strategy_Upper -core -pattern { {name: Mesh_Upper} {nets:{VDD VSS}} } -extension { {{stop:design_boundary_and_generate_pin}}}
Successfully set PG strategy Strategy_Upper.
fc_shell> compile_pg -strategies { Strategy_Upper }
Sanity check for inputs.
No strategy-level via rule is specified, the default rule will be applied.
Automatic PG net connection through connect_pg_net is disabled.
Updating PG strategies.
Updating strategy Strategy_Upper.
Loading library and design information.
Number of Standard Cells: 0
Number of Hard Macros: 0
Number of Pads: 0
Creating straps and vias in power plan.
Creating wire shapes for strategies Strategy_Upper .
Creating wire shapes runtime: 0 seconds
Blockage cutting and DRC fixing for wire shapes for strategies Strategy_Upper .
Check and fix DRC for 102 wires for strategy Strategy_Upper.
Number of threads: 4
Number of partitions: 5
Direction of partitions: vertical
Number of wires: 51
Checking DRC for 51 wires:10% 15% 20% 25% 35% 45% 50% 55% 60% 65% 70% 75% 80% 85% 90% 95% 100%
Number of threads: 4
Number of partitions: 5
Direction of partitions: horizontal
Number of wires: 51
Checking DRC for 51 wires:5% 10% 15% 20% 25% 35% 40% 45% 50% 55% 60% 65% 70% 75% 80% 85% 90% 95% 100%
Creating 102 wires after DRC fixing.
Wire DRC checking runtime 0.00 seconds.
Creating via shapes for strategies Strategy_Upper .
Number of threads: 4
Working on strategy Strategy_Upper.
Number of detected intersections: 1301
Total runtime of via shapes creation: 0 seconds
Check and fix DRC for 1301 stacked vias for strategy Strategy_Upper.
Number of threads: 4
Number of partitions: 5
Direction of partitions: horizontal
Number of vias: 1301
Checking DRC for 1301 stacked vias:5% 10% 15% 20% 25% 30% 35% 40% 45% 50% 55% 60% 65% 70% 75% 80% 85% 90% 95% 100%
Runtime of via DRC checking for strategy Strategy_Upper: 0.00 seconds.
Creating via connection between strategies and existing shapes.
Via DRC checking runtime 0.00 seconds.
via connection runtime: 0 seconds.
Removing dangling/floating wire/vias after DRC check.
Start iteration 1:
Checking potential dangling/floating power plan wires.
Checking dangling/floating vias inside strategy Strategy_Upper.
Checking 1301 stacked vias:0% 10% 20% 30% 40% 50% 60% 70% 80% 90% 100%
Finish removing all dangling or floating wires and vias.
Commiting wires and vias.
Committing wires takes 0.00 seconds.
Committing vias takes 0.00 seconds.
Committed 306 wires.
Committed 1301 vias.
Committed 0 wires for via creation.
Created 204 pins at design boundary.
Overall PG creation runtime: 0 seconds.
Successfully compiled PG.
Overall runtime: 0 seconds.
1
fc_shell> create_pg_vias -nets {VDD VSS} -from_layers M5 -to_layers M9 -drc no_check
Initializing drc engine runtime: 0 seconds.
Design loading runtime: 0 seconds.
Net load_neting runtime: 0 seconds.
Query intersections and create vias.
Object query runtime: 0 seconds.
Determining intersections for 102 shapes starts
Intersection detection runtime: 0 seconds.
Instantiating vias for 0 intersections starts
Via instantiation runtime: 0 seconds.
Committed 0 vias.
Error: Failed to find intersecting PG objects for specified nets in specified regions. (PGR-049)
Overall runtime: 0 seconds.
Failed to create PG vias.
fc_shell> create_pg_mesh_pattern fft_power_mesh -layers {     {horizontal_layer: M5 width: 0.6 pitch: 10 offset: 2}     {vertical_layer: M9 width: 1.2 pitch: 20 offset: 4} }
Successfully create mesh pattern fft_power_mesh.
1
fc_shell> set_pg_strategy core_mesh     -pattern { {name: fft_power_mesh} {nets: {VDD VSS}} }     -core
Successfully set PG strategy core_mesh.
fc_shell> compile_pg -strategies core_mesh
Sanity check for inputs.
No strategy-level via rule is specified, the default rule will be applied.
Automatic PG net connection through connect_pg_net is disabled.
Updating PG strategies.
Updating strategy core_mesh.
Loading library and design information.
Number of Standard Cells: 0
Number of Hard Macros: 0
Number of Pads: 0
Creating straps and vias in power plan.
Creating wire shapes for strategies core_mesh .
Creating wire shapes runtime: 0 seconds
Blockage cutting and DRC fixing for wire shapes for strategies core_mesh .
Check and fix DRC for 1 wires for strategy core_mesh.
Number of wires: 1
Checking DRC for 1 wires:0% 100%
Creating 1 wires after DRC fixing.
Wire DRC checking runtime 0.00 seconds.
Creating via shapes for strategies core_mesh .
Number of threads: 4
Working on strategy core_mesh.
Number of detected intersections: 0
Total runtime of via shapes creation: 0 seconds
Runtime of via DRC checking for strategy core_mesh: 0.00 seconds.
Creating via connection between strategies and existing shapes.
Check and fix DRCs for 25 stacked vias.
Number of vias: 25
Checking DRC for 25 stacked vias:0% 5% 10% 15% 20% 25% 30% 35% 40% 45% 50% 55% 60% 65% 70% 75% 80% 85% 90% 95% 100%
Via DRC checking runtime 0.00 seconds.
via connection runtime: 0 seconds.
Removing dangling/floating wire/vias after DRC check.
Start iteration 1:
Checking potential dangling/floating power plan wires.
Checking dangling/floating vias between strategies and existing shapes.
Checking 25 stacked vias:0% 10% 20% 30% 40% 50% 60% 70% 80% 90% 100%
Finish removing all dangling or floating wires and vias.
Commiting wires and vias.
Committing wires takes 0.00 seconds.
Committing vias takes 0.00 seconds.
Committed 1 wires.
Committed 75 vias.
Committed 50 wires for via creation.
Overall PG creation runtime: 0 seconds.
Successfully compiled PG.
Overall runtime: 0 seconds.
1
fc_shell> create_pg_vias -nets {VDD VSS} -from_layers M5 -to_layers M9 -drc no_check
Initializing drc engine runtime: 0 seconds.
Design loading runtime: 0 seconds.
Net load_neting runtime: 0 seconds.
Query intersections and create vias.
Object query runtime: 0 seconds.
Determining intersections for 153 shapes starts
Intersection detection runtime: 0 seconds.
Instantiating vias for 0 intersections starts
Via instantiation runtime: 0 seconds.
Committed 0 vias.
Error: Failed to find intersecting PG objects for specified nets in specified regions. (PGR-049)
Overall runtime: 0 seconds.
Failed to create PG vias.
fc_shell> remove_routes -net_types {power ground} -stripe -ring
delete pin (VDD) at (1277560,1235400) (1278760,1236600)
delete pin (VDD) at (0,1235400) (1200,1236600)
delete pin (VDD) at (1277560,1187400) (1278760,1188600)
delete pin (VDD) at (0,1187400) (1200,1188600)
delete pin (VDD) at (1277560,1139400) (1278760,1140600)
delete pin (VDD) at (0,1139400) (1200,1140600)
delete pin (VDD) at (1277560,1091400) (1278760,1092600)
delete pin (VDD) at (0,1091400) (1200,1092600)
delete pin (VDD) at (1277560,1043400) (1278760,1044600)
delete pin (VDD) at (0,1043400) (1200,1044600)
delete pin (VDD) at (1277560,995400) (1278760,996600)
delete pin (VDD) at (0,995400) (1200,996600)
delete pin (VDD) at (1277560,947400) (1278760,948600)
delete pin (VDD) at (0,947400) (1200,948600)
delete pin (VDD) at (1277560,899400) (1278760,900600)
delete pin (VDD) at (0,899400) (1200,900600)
delete pin (VDD) at (1277560,851400) (1278760,852600)
delete pin (VDD) at (0,851400) (1200,852600)
delete pin (VDD) at (1277560,803400) (1278760,804600)
delete pin (VDD) at (0,803400) (1200,804600)
delete pin (VDD) at (1277560,755400) (1278760,756600)
delete pin (VDD) at (0,755400) (1200,756600)
delete pin (VDD) at (1277560,707400) (1278760,708600)
delete pin (VDD) at (0,707400) (1200,708600)
delete pin (VDD) at (1277560,659400) (1278760,660600)
delete pin (VDD) at (0,659400) (1200,660600)
delete pin (VDD) at (1277560,611400) (1278760,612600)
delete pin (VDD) at (0,611400) (1200,612600)
delete pin (VDD) at (1277560,563400) (1278760,564600)
delete pin (VDD) at (0,563400) (1200,564600)
delete pin (VDD) at (1277560,515400) (1278760,516600)
delete pin (VDD) at (0,515400) (1200,516600)
delete pin (VDD) at (1277560,467400) (1278760,468600)
delete pin (VDD) at (0,467400) (1200,468600)
delete pin (VDD) at (1277560,419400) (1278760,420600)
delete pin (VDD) at (0,419400) (1200,420600)
delete pin (VDD) at (1277560,371400) (1278760,372600)
delete pin (VDD) at (0,371400) (1200,372600)
delete pin (VDD) at (1277560,323400) (1278760,324600)
delete pin (VDD) at (0,323400) (1200,324600)
delete pin (VDD) at (1277560,275400) (1278760,276600)
delete pin (VDD) at (0,275400) (1200,276600)
delete pin (VDD) at (1277560,227400) (1278760,228600)
delete pin (VDD) at (0,227400) (1200,228600)
delete pin (VDD) at (1277560,179400) (1278760,180600)
delete pin (VDD) at (0,179400) (1200,180600)
delete pin (VDD) at (1277560,131400) (1278760,132600)
delete pin (VDD) at (0,131400) (1200,132600)
delete pin (VDD) at (1277560,83400) (1278760,84600)
delete pin (VDD) at (0,83400) (1200,84600)
delete pin (VDD) at (1277560,35400) (1278760,36600)
delete pin (VDD) at (0,35400) (1200,36600)
delete pin (VDD) at (1235400,1274800) (1236600,1276000)
delete pin (VDD) at (1235400,0) (1236600,1200)
delete pin (VDD) at (1187400,1274800) (1188600,1276000)
delete pin (VDD) at (1187400,0) (1188600,1200)
delete pin (VDD) at (1139400,1274800) (1140600,1276000)
delete pin (VDD) at (1139400,0) (1140600,1200)
delete pin (VDD) at (1091400,1274800) (1092600,1276000)
delete pin (VDD) at (1091400,0) (1092600,1200)
delete pin (VDD) at (1043400,1274800) (1044600,1276000)
delete pin (VDD) at (1043400,0) (1044600,1200)
delete pin (VDD) at (995400,1274800) (996600,1276000)
delete pin (VDD) at (995400,0) (996600,1200)
delete pin (VDD) at (947400,1274800) (948600,1276000)
delete pin (VDD) at (947400,0) (948600,1200)
delete pin (VDD) at (899400,1274800) (900600,1276000)
delete pin (VDD) at (899400,0) (900600,1200)
delete pin (VDD) at (851400,1274800) (852600,1276000)
delete pin (VDD) at (851400,0) (852600,1200)
delete pin (VDD) at (803400,1274800) (804600,1276000)
delete pin (VDD) at (803400,0) (804600,1200)
delete pin (VDD) at (755400,1274800) (756600,1276000)
delete pin (VDD) at (755400,0) (756600,1200)
delete pin (VDD) at (707400,1274800) (708600,1276000)
delete pin (VDD) at (707400,0) (708600,1200)
delete pin (VDD) at (659400,1274800) (660600,1276000)
delete pin (VDD) at (659400,0) (660600,1200)
delete pin (VDD) at (611400,1274800) (612600,1276000)
delete pin (VDD) at (611400,0) (612600,1200)
delete pin (VDD) at (563400,1274800) (564600,1276000)
delete pin (VDD) at (563400,0) (564600,1200)
delete pin (VDD) at (515400,1274800) (516600,1276000)
delete pin (VDD) at (515400,0) (516600,1200)
delete pin (VDD) at (467400,1274800) (468600,1276000)
delete pin (VDD) at (467400,0) (468600,1200)
delete pin (VDD) at (419400,1274800) (420600,1276000)
delete pin (VDD) at (419400,0) (420600,1200)
delete pin (VDD) at (371400,1274800) (372600,1276000)
delete pin (VDD) at (371400,0) (372600,1200)
delete pin (VDD) at (323400,1274800) (324600,1276000)
delete pin (VDD) at (323400,0) (324600,1200)
delete pin (VDD) at (275400,1274800) (276600,1276000)
delete pin (VDD) at (275400,0) (276600,1200)
delete pin (VDD) at (227400,1274800) (228600,1276000)
delete pin (VDD) at (227400,0) (228600,1200)
delete pin (VDD) at (179400,1274800) (180600,1276000)
delete pin (VDD) at (179400,0) (180600,1200)
delete pin (VDD) at (131400,1274800) (132600,1276000)
delete pin (VDD) at (131400,0) (132600,1200)
delete pin (VDD) at (83400,1274800) (84600,1276000)
delete pin (VDD) at (83400,0) (84600,1200)
delete pin (VDD) at (35400,1274800) (36600,1276000)
delete pin (VDD) at (35400,0) (36600,1200)
delete pin (VSS) at (1277560,1211400) (1278760,1212600)
delete pin (VSS) at (0,1211400) (1200,1212600)
delete pin (VSS) at (1277560,1163400) (1278760,1164600)
delete pin (VSS) at (0,1163400) (1200,1164600)
delete pin (VSS) at (1277560,1115400) (1278760,1116600)
delete pin (VSS) at (0,1115400) (1200,1116600)
delete pin (VSS) at (1277560,1067400) (1278760,1068600)
delete pin (VSS) at (0,1067400) (1200,1068600)
delete pin (VSS) at (1277560,1019400) (1278760,1020600)
delete pin (VSS) at (0,1019400) (1200,1020600)
delete pin (VSS) at (1277560,971400) (1278760,972600)
delete pin (VSS) at (0,971400) (1200,972600)
delete pin (VSS) at (1277560,923400) (1278760,924600)
delete pin (VSS) at (0,923400) (1200,924600)
delete pin (VSS) at (1277560,875400) (1278760,876600)
delete pin (VSS) at (0,875400) (1200,876600)
delete pin (VSS) at (1277560,827400) (1278760,828600)
delete pin (VSS) at (0,827400) (1200,828600)
delete pin (VSS) at (1277560,779400) (1278760,780600)
delete pin (VSS) at (0,779400) (1200,780600)
delete pin (VSS) at (1277560,731400) (1278760,732600)
delete pin (VSS) at (0,731400) (1200,732600)
delete pin (VSS) at (1277560,683400) (1278760,684600)
delete pin (VSS) at (0,683400) (1200,684600)
delete pin (VSS) at (1277560,635400) (1278760,636600)
delete pin (VSS) at (0,635400) (1200,636600)
delete pin (VSS) at (1277560,587400) (1278760,588600)
delete pin (VSS) at (0,587400) (1200,588600)
delete pin (VSS) at (1277560,539400) (1278760,540600)
delete pin (VSS) at (0,539400) (1200,540600)
delete pin (VSS) at (1277560,491400) (1278760,492600)
delete pin (VSS) at (0,491400) (1200,492600)
delete pin (VSS) at (1277560,443400) (1278760,444600)
delete pin (VSS) at (0,443400) (1200,444600)
delete pin (VSS) at (1277560,395400) (1278760,396600)
delete pin (VSS) at (0,395400) (1200,396600)
delete pin (VSS) at (1277560,347400) (1278760,348600)
delete pin (VSS) at (0,347400) (1200,348600)
delete pin (VSS) at (1277560,299400) (1278760,300600)
delete pin (VSS) at (0,299400) (1200,300600)
delete pin (VSS) at (1277560,251400) (1278760,252600)
delete pin (VSS) at (0,251400) (1200,252600)
delete pin (VSS) at (1277560,203400) (1278760,204600)
delete pin (VSS) at (0,203400) (1200,204600)
delete pin (VSS) at (1277560,155400) (1278760,156600)
delete pin (VSS) at (0,155400) (1200,156600)
delete pin (VSS) at (1277560,107400) (1278760,108600)
delete pin (VSS) at (0,107400) (1200,108600)
delete pin (VSS) at (1277560,59400) (1278760,60600)
delete pin (VSS) at (0,59400) (1200,60600)
delete pin (VSS) at (1211400,1274800) (1212600,1276000)
delete pin (VSS) at (1211400,0) (1212600,1200)
delete pin (VSS) at (1163400,1274800) (1164600,1276000)
delete pin (VSS) at (1163400,0) (1164600,1200)
delete pin (VSS) at (1115400,1274800) (1116600,1276000)
delete pin (VSS) at (1115400,0) (1116600,1200)
delete pin (VSS) at (1067400,1274800) (1068600,1276000)
delete pin (VSS) at (1067400,0) (1068600,1200)
delete pin (VSS) at (1019400,1274800) (1020600,1276000)
delete pin (VSS) at (1019400,0) (1020600,1200)
delete pin (VSS) at (971400,1274800) (972600,1276000)
delete pin (VSS) at (971400,0) (972600,1200)
delete pin (VSS) at (923400,1274800) (924600,1276000)
delete pin (VSS) at (923400,0) (924600,1200)
delete pin (VSS) at (875400,1274800) (876600,1276000)
delete pin (VSS) at (875400,0) (876600,1200)
delete pin (VSS) at (827400,1274800) (828600,1276000)
delete pin (VSS) at (827400,0) (828600,1200)
delete pin (VSS) at (779400,1274800) (780600,1276000)
delete pin (VSS) at (779400,0) (780600,1200)
delete pin (VSS) at (731400,1274800) (732600,1276000)
delete pin (VSS) at (731400,0) (732600,1200)
delete pin (VSS) at (683400,1274800) (684600,1276000)
delete pin (VSS) at (683400,0) (684600,1200)
delete pin (VSS) at (635400,1274800) (636600,1276000)
delete pin (VSS) at (635400,0) (636600,1200)
delete pin (VSS) at (587400,1274800) (588600,1276000)
delete pin (VSS) at (587400,0) (588600,1200)
delete pin (VSS) at (539400,1274800) (540600,1276000)
delete pin (VSS) at (539400,0) (540600,1200)
delete pin (VSS) at (491400,1274800) (492600,1276000)
delete pin (VSS) at (491400,0) (492600,1200)
delete pin (VSS) at (443400,1274800) (444600,1276000)
delete pin (VSS) at (443400,0) (444600,1200)
delete pin (VSS) at (395400,1274800) (396600,1276000)
delete pin (VSS) at (395400,0) (396600,1200)
delete pin (VSS) at (347400,1274800) (348600,1276000)
delete pin (VSS) at (347400,0) (348600,1200)
delete pin (VSS) at (299400,1274800) (300600,1276000)
delete pin (VSS) at (299400,0) (300600,1200)
delete pin (VSS) at (251400,1274800) (252600,1276000)
delete pin (VSS) at (251400,0) (252600,1200)
delete pin (VSS) at (203400,1274800) (204600,1276000)
delete pin (VSS) at (203400,0) (204600,1200)
delete pin (VSS) at (155400,1274800) (156600,1276000)
delete pin (VSS) at (155400,0) (156600,1200)
delete pin (VSS) at (107400,1274800) (108600,1276000)
delete pin (VSS) at (107400,0) (108600,1200)
delete pin (VSS) at (59400,1274800) (60600,1276000)
delete pin (VSS) at (59400,0) (60600,1200)
Successfully removed 1733 route shapes, which 0 are no-net shapes.
1
fc_shell> remove_pg_strategies -all
All strategies have been removed.
fc_shell> remove_pg_patterns -all
All patterns have been removed.
fc_shell> create_pg_mesh_pattern fft_power_mesh -layers {     {horizontal_layer: M8 width: 0.6 pitch: 10 offset: 2}     {vertical_layer: M9 width: 1.2 pitch: 20 offset: 4} }
Successfully create mesh pattern fft_power_mesh.
1
fc_shell> set_pg_strategy core_mesh     -pattern { {name: fft_power_mesh} {nets: {VDD VSS}} }     -core
Successfully set PG strategy core_mesh.
fc_shell> compile_pg -strategies core_mesh
Sanity check for inputs.
No strategy-level via rule is specified, the default rule will be applied.
Automatic PG net connection through connect_pg_net is disabled.
Updating PG strategies.
Updating strategy core_mesh.
Loading library and design information.
Number of Standard Cells: 0
Number of Hard Macros: 0
Number of Pads: 0
Creating straps and vias in power plan.
Creating wire shapes for strategies core_mesh .
Creating wire shapes runtime: 0 seconds
Blockage cutting and DRC fixing for wire shapes for strategies core_mesh .
Check and fix DRC for 1 wires for strategy core_mesh.
Number of wires: 1
Checking DRC for 1 wires:0% 100%
Creating 1 wires after DRC fixing.
Wire DRC checking runtime 0.00 seconds.
Creating via shapes for strategies core_mesh .
Number of threads: 4
Working on strategy core_mesh.
Number of detected intersections: 0
Total runtime of via shapes creation: 0 seconds
Runtime of via DRC checking for strategy core_mesh: 0.00 seconds.
Creating via connection between strategies and existing shapes.
Via DRC checking runtime 0.00 seconds.
via connection runtime: 0 seconds.
Removing dangling/floating wire/vias after DRC check.
Start iteration 1:
Checking potential dangling/floating power plan wires.
Finish removing all dangling or floating wires and vias.
Commiting wires and vias.
Committing wires takes 0.00 seconds.
Committing vias takes 0.00 seconds.
Committed 1 wires.
Committed 0 vias.
Committed 0 wires for via creation.
Overall PG creation runtime: 0 seconds.
Successfully compiled PG.
Overall runtime: 0 seconds.
1
fc_shell> create_pg_std_cell_conn_pattern Stdcell -rail_width 0.094 -layers M1
Successfully create standard cell rail pattern Stdcell.
fc_shell> set_pg_strategy StdCell_strat -pattern {{name: Stdcell} {nets: "VDD VSS"}} -core
Successfully set PG strategy StdCell_strat.
fc_shell> compile_pg -strategies StdCell_strat
Sanity check for inputs.
No strategy-level via rule is specified, the default rule will be applied.
Automatic PG net connection through connect_pg_net is disabled.
Updating PG strategies.
Updating strategy StdCell_strat.
Loading library and design information.
Number of Standard Cells: 0
Number of Hard Macros: 0
Number of Pads: 0
Creating standard cell rails.
Creating standard cell rails for strategy StdCell_strat.
DRC checking and fixing for standard cell rail strategy StdCell_strat.
Number of threads: 4
Number of partitions: 19
Direction of partitions: horizontal
Number of wires: 207
Checking DRC for 207 wires:5% 10% 15% 20% 25% 30% 35% 40% 45% 50% 55% 60% 65% 70% 75% 80% 85% 90% 95% 100%
Creating 207 wires after DRC fixing.
Wire DRC checking runtime 0.00 seconds.
Creating via connection between strategies and existing shapes.
Via DRC checking runtime 0.00 seconds.
via connection runtime: 0 seconds.
Removing dangling/floating wire/vias after DRC check.
Start iteration 1:
Checking potential dangling/floating power plan wires.
Finish removing all dangling or floating wires and vias.
Commiting wires and vias.
Committing wires takes 0.00 seconds.
Committing vias takes 0.00 seconds.
Committed 207 wires.
Committed 0 vias.
Committed 0 wires for via creation.
Overall PG creation runtime: 0 seconds.
Successfully compiled PG.
Overall runtime: 0 seconds.
1
fc_shell> create_pg_vias -nets {VDD VSS} -from_layers M1 -to_layers M8 -drc no_check
Initializing drc engine runtime: 0 seconds.
Design loading runtime: 0 seconds.
Net load_neting runtime: 0 seconds.
Query intersections and create vias.
Object query runtime: 0 seconds.
Determining intersections for 208 shapes starts
Intersection detection runtime: 0 seconds.
Instantiating vias for 0 intersections starts
Via instantiation runtime: 0 seconds.
Committed 0 vias.
Error: Failed to find intersecting PG objects for specified nets in specified regions. (PGR-049)
Overall runtime: 0 seconds.
Failed to create PG vias.
fc_shell> create_pg_vias -nets {VDD VSS} -from_layers M1 -to_layers M9 -drc no_check
Initializing drc engine runtime: 0 seconds.
Design loading runtime: 0 seconds.
Net load_neting runtime: 0 seconds.
Query intersections and create vias.
Object query runtime: 0 seconds.
Determining intersections for 208 shapes starts
Intersection detection runtime: 0 seconds.
Instantiating vias for 0 intersections starts
Via instantiation runtime: 0 seconds.
Committed 0 vias.
Error: Failed to find intersecting PG objects for specified nets in specified regions. (PGR-049)
Overall runtime: 0 seconds.
Failed to create PG vias.
fc_shell> qui5[Kt
save_block -hierarchical FFT_lib:FFT
Information: Saving block 'FFT_lib:FFT.design'
fc_shell> Maximum memory usage for this session: 1419.94 MB
Maximum memory usage for this session including child processes: 1419.94 MB
CPU usage for this session:    131 seconds (  0.04 hours)
Elapsed time for this session:   3681 seconds (  1.02 hours)
Thank you for using Fusion Compiler.
