 
                              Library Manager (TM)

                Version V-2023.12-SP4 for linux64 - Jun 03, 2024
                           Base build date 2024/05/13

                    Copyright (c) 1988 - 2024 Synopsys, Inc.
   This software and the associated documentation are proprietary to Synopsys,
 Inc. This software may only be used in accordance with the terms and conditions
 of a written license agreement with Synopsys, Inc. All other use, reproduction,
   or distribution of this software is strictly prohibited.  Licensed Products
     communicate with Synopsys servers for the purpose of providing software
    updates, detecting software piracy and verifying that customers are using
    Licensed Products in conformity with the applicable License Key for such
  Licensed Products. Synopsys will use information gathered in connection with
    this process to deliver software updates and pursue software pirates and
                                   infringers.

 Inclusivity & Diversity - Visit SolvNetPlus to read the "Synopsys Statement on
            Inclusivity and Diversity" (Refer to article 000036315 at
                        https://solvnetplus.synopsys.com)

Information: Term was not able to be set up using xterm-256color . Using "xterm" by default instead. (CLE-10)
set search_path {. /home/cad/eda/SYNOPSYS/FusionCompiler_V2023.12-SP4/fusioncompiler/V-2023.12-SP4/dw/syn_ver /home/cad/eda/SYNOPSYS/FusionCompiler_V2023.12-SP4/fusioncompiler/V-2023.12-SP4/dw/sim_ver /home/cad/eda/SYNOPSYS/FusionCompiler_V2023.12-SP4/fusioncompiler/V-2023.12-SP4/libraries/syn .}
. /home/cad/eda/SYNOPSYS/FusionCompiler_V2023.12-SP4/fusioncompiler/V-2023.12-SP4/dw/syn_ver /home/cad/eda/SYNOPSYS/FusionCompiler_V2023.12-SP4/fusioncompiler/V-2023.12-SP4/dw/sim_ver /home/cad/eda/SYNOPSYS/FusionCompiler_V2023.12-SP4/fusioncompiler/V-2023.12-SP4/libraries/syn .
setenv RUN_RESULT /tmp/.tARL771766/_rrWj3cyo
/tmp/.tARL771766/_rrWj3cyo
set_current_mismatch_config auto_fix
1
set_app_options -name lib.workspace.build_script -value CLIBs/.scripts/saed14lvt_c.tcl
lib.workspace.build_script CLIBs/.scripts/saed14lvt_c.tcl
#suppress_messages
source -echo -verbose CLIBs/.scripts/saed14lvt_c.tcl
set NDM_LIBS {}
set FRAME_LIBS {/home1/14_nmts/14_nmts/stdcell_lvt/ndm/saed14lvt_frame_only.ndm}
/home1/14_nmts/14_nmts/stdcell_lvt/ndm/saed14lvt_frame_only.ndm
set LEF_FILES {}
set DB_FILES {/home1/14_nmts/14_nmts/stdcell_lvt/db_ccs/saed14lvt_ff0p7vm40c.db /home1/14_nmts/14_nmts/stdcell_lvt/db_ccs/saed14lvt_ss0p6v125c.db}
/home1/14_nmts/14_nmts/stdcell_lvt/db_ccs/saed14lvt_ff0p7vm40c.db /home1/14_nmts/14_nmts/stdcell_lvt/db_ccs/saed14lvt_ss0p6v125c.db
set TECH_FILE "/home1/14_nmts/14_nmts/tech/milkyway/saed14nm_1p9m_mw.tf"
/home1/14_nmts/14_nmts/tech/milkyway/saed14nm_1p9m_mw.tf
set_app_options -name lib.workspace.create_cached_lib -value true
lib.workspace.create_cached_lib true
#suppress_messages
set_app_options -name lib.workspace.allow_read_aggregate_lib -value true
lib.workspace.allow_read_aggregate_lib true
create_workspace saed14lvt_c -scale_factor 10000
... created workspace saed14lvt_c
foreach frame $FRAME_LIBS {
  read_ndm $frame
}
Information: Loading library file '/home1/14_nmts/14_nmts/stdcell_lvt/ndm/saed14lvt_frame_only.ndm' (FILE-007)
read_db $DB_FILES
Info: Library 'saed14lvt_ff0p7vm40c' has compact CCS timing.
Info: Library 'saed14lvt_ss0p6v125c' has compact CCS timing.
{saed14lvt_ff0p7vm40c saed14lvt_ss0p6v125c}
process_workspaces -check_options {-allow_missing} -force -directory CLIBs -output saed14lvt_c.ndm
Checking libraries...
Using saed14lvt_ff0p7vm40c as the base library.
Warning: Library saed14lvt_ff0p7vm40c has 853 duplicate ccsn record(s) (LM-006)
Warning: Library saed14lvt_ss0p6v125c has 1706 duplicate ccsn record(s) (LM-006)
Warning:  65 missing ccsn records across all libraries. (LM-001)

Attempt to fix missing ccsn records with a Modes fix:
...no applicable ccsn records
Warning: Could not fix all missing ccsn records (LM-125)
...Aligning missing ccsn records...
...Building the ccsn record superset in the base library...
...done.
Warning: Direction 'inout' for port VDD on saed14lvt_c/SAEDLVT14_ADDF_V1_0P5/frame
        does not match expected value 'in' from saed14lvt_c/SAEDLVT14_ADDF_V1_0P5/timing (NDM-032w)
Warning: Direction 'inout' for port VSS on saed14lvt_c/SAEDLVT14_ADDF_V1_0P5/frame
        does not match expected value 'in' from saed14lvt_c/SAEDLVT14_ADDF_V1_0P5/timing (NDM-032w)
Information: Fixed direction mismatches for block SAEDLVT14_ADDF_V1_0P5 (LM-054)
Warning: Direction 'inout' for port VDD on saed14lvt_c/SAEDLVT14_ADDF_V1_1/frame
        does not match expected value 'in' from saed14lvt_c/SAEDLVT14_ADDF_V1_1/timing (NDM-032w)
Warning: Direction 'inout' for port VSS on saed14lvt_c/SAEDLVT14_ADDF_V1_1/frame
        does not match expected value 'in' from saed14lvt_c/SAEDLVT14_ADDF_V1_1/timing (NDM-032w)
Information: Fixed direction mismatches for block SAEDLVT14_ADDF_V1_1 (LM-054)
Warning: Direction 'inout' for port VDD on saed14lvt_c/SAEDLVT14_ADDF_V1_2/frame
        does not match expected value 'in' from saed14lvt_c/SAEDLVT14_ADDF_V1_2/timing (NDM-032w)
Warning: Direction 'inout' for port VSS on saed14lvt_c/SAEDLVT14_ADDF_V1_2/frame
        does not match expected value 'in' from saed14lvt_c/SAEDLVT14_ADDF_V1_2/timing (NDM-032w)
Information: Fixed direction mismatches for block SAEDLVT14_ADDF_V1_2 (LM-054)
Warning: Direction 'inout' for port VDD on saed14lvt_c/SAEDLVT14_ADDF_V2_0P5/frame
        does not match expected value 'in' from saed14lvt_c/SAEDLVT14_ADDF_V2_0P5/timing (NDM-032w)
Warning: Direction 'inout' for port VSS on saed14lvt_c/SAEDLVT14_ADDF_V2_0P5/frame
        does not match expected value 'in' from saed14lvt_c/SAEDLVT14_ADDF_V2_0P5/timing (NDM-032w)
Information: Fixed direction mismatches for block SAEDLVT14_ADDF_V2_0P5 (LM-054)
Warning: Direction 'inout' for port VSS on saed14lvt_c/SAEDLVT14_ADDF_V2_1/frame
        does not match expected value 'in' from saed14lvt_c/SAEDLVT14_ADDF_V2_1/timing (NDM-032w)
Warning: Direction 'inout' for port VDD on saed14lvt_c/SAEDLVT14_ADDF_V2_1/frame
        does not match expected value 'in' from saed14lvt_c/SAEDLVT14_ADDF_V2_1/timing (NDM-032w)
Information: Fixed direction mismatches for block SAEDLVT14_ADDF_V2_1 (LM-054)
Warning: Direction 'inout' for port VDD on saed14lvt_c/SAEDLVT14_ADDF_V2_2/frame
        does not match expected value 'in' from saed14lvt_c/SAEDLVT14_ADDF_V2_2/timing (NDM-032w)
Warning: Direction 'inout' for port VSS on saed14lvt_c/SAEDLVT14_ADDF_V2_2/frame
        does not match expected value 'in' from saed14lvt_c/SAEDLVT14_ADDF_V2_2/timing (NDM-032w)
Information: Fixed direction mismatches for block SAEDLVT14_ADDF_V2_2 (LM-054)
Warning: Direction 'inout' for port VSS on saed14lvt_c/SAEDLVT14_ADDH_0P5/frame
        does not match expected value 'in' from saed14lvt_c/SAEDLVT14_ADDH_0P5/timing (NDM-032w)
Warning: Direction 'inout' for port VDD on saed14lvt_c/SAEDLVT14_ADDH_0P5/frame
        does not match expected value 'in' from saed14lvt_c/SAEDLVT14_ADDH_0P5/timing (NDM-032w)
Information: Fixed direction mismatches for block SAEDLVT14_ADDH_0P5 (LM-054)
Warning: Direction 'inout' for port VDD on saed14lvt_c/SAEDLVT14_ADDH_1/frame
        does not match expected value 'in' from saed14lvt_c/SAEDLVT14_ADDH_1/timing (NDM-032w)
Warning: Direction 'inout' for port VSS on saed14lvt_c/SAEDLVT14_ADDH_1/frame
        does not match expected value 'in' from saed14lvt_c/SAEDLVT14_ADDH_1/timing (NDM-032w)
Information: Fixed direction mismatches for block SAEDLVT14_ADDH_1 (LM-054)
Warning: Direction 'inout' for port VSS on saed14lvt_c/SAEDLVT14_ADDH_2/frame
        does not match expected value 'in' from saed14lvt_c/SAEDLVT14_ADDH_2/timing (NDM-032w)
Warning: Direction 'inout' for port VDD on saed14lvt_c/SAEDLVT14_ADDH_2/frame
        does not match expected value 'in' from saed14lvt_c/SAEDLVT14_ADDH_2/timing (NDM-032w)
Information: Fixed direction mismatches for block SAEDLVT14_ADDH_2 (LM-054)
Warning: Direction 'inout' for port VDD on saed14lvt_c/SAEDLVT14_ADDH_4/frame
        does not match expected value 'in' from saed14lvt_c/SAEDLVT14_ADDH_4/timing (NDM-032w)
Warning: Direction 'inout' for port VSS on saed14lvt_c/SAEDLVT14_ADDH_4/frame
        does not match expected value 'in' from saed14lvt_c/SAEDLVT14_ADDH_4/timing (NDM-032w)
Information: Fixed direction mismatches for block SAEDLVT14_ADDH_4 (LM-054)
Warning: Direction 'inout' for port VDD on saed14lvt_c/SAEDLVT14_AN2_0P5/frame
        does not match expected value 'in' from saed14lvt_c/SAEDLVT14_AN2_0P5/timing (NDM-032w)
Warning: Direction 'inout' for port VSS on saed14lvt_c/SAEDLVT14_AN2_0P5/frame
        does not match expected value 'in' from saed14lvt_c/SAEDLVT14_AN2_0P5/timing (NDM-032w)
Information: Fixed direction mismatches for block SAEDLVT14_AN2_0P5 (LM-054)
Warning: Direction 'inout' for port VDD on saed14lvt_c/SAEDLVT14_AN2_0P75/frame
        does not match expected value 'in' from saed14lvt_c/SAEDLVT14_AN2_0P75/timing (NDM-032w)
Warning: Direction 'inout' for port VSS on saed14lvt_c/SAEDLVT14_AN2_0P75/frame
        does not match expected value 'in' from saed14lvt_c/SAEDLVT14_AN2_0P75/timing (NDM-032w)
Information: Fixed direction mismatches for block SAEDLVT14_AN2_0P75 (LM-054)
Warning: Direction 'inout' for port VDD on saed14lvt_c/SAEDLVT14_AN2_1/frame
        does not match expected value 'in' from saed14lvt_c/SAEDLVT14_AN2_1/timing (NDM-032w)
Warning: Direction 'inout' for port VSS on saed14lvt_c/SAEDLVT14_AN2_1/frame
        does not match expected value 'in' from saed14lvt_c/SAEDLVT14_AN2_1/timing (NDM-032w)
Information: Fixed direction mismatches for block SAEDLVT14_AN2_1 (LM-054)
Warning: Direction 'inout' for port VDD on saed14lvt_c/SAEDLVT14_AN2_2/frame
        does not match expected value 'in' from saed14lvt_c/SAEDLVT14_AN2_2/timing (NDM-032w)
Warning: Direction 'inout' for port VSS on saed14lvt_c/SAEDLVT14_AN2_2/frame
        does not match expected value 'in' from saed14lvt_c/SAEDLVT14_AN2_2/timing (NDM-032w)
Information: Fixed direction mismatches for block SAEDLVT14_AN2_2 (LM-054)
Warning: Direction 'inout' for port VDD on saed14lvt_c/SAEDLVT14_AN2_4/frame
        does not match expected value 'in' from saed14lvt_c/SAEDLVT14_AN2_4/timing (NDM-032w)
Warning: Direction 'inout' for port VSS on saed14lvt_c/SAEDLVT14_AN2_4/frame
        does not match expected value 'in' from saed14lvt_c/SAEDLVT14_AN2_4/timing (NDM-032w)
Information: Fixed direction mismatches for block SAEDLVT14_AN2_4 (LM-054)
Warning: Direction 'inout' for port VDD on saed14lvt_c/SAEDLVT14_AN2_8/frame
        does not match expected value 'in' from saed14lvt_c/SAEDLVT14_AN2_8/timing (NDM-032w)
Warning: Direction 'inout' for port VSS on saed14lvt_c/SAEDLVT14_AN2_8/frame
        does not match expected value 'in' from saed14lvt_c/SAEDLVT14_AN2_8/timing (NDM-032w)
Information: Fixed direction mismatches for block SAEDLVT14_AN2_8 (LM-054)
Warning: Direction 'inout' for port VDD on saed14lvt_c/SAEDLVT14_AN2B_MM_12/frame
        does not match expected value 'in' from saed14lvt_c/SAEDLVT14_AN2B_MM_12/timing (NDM-032w)
Warning: Direction 'inout' for port VSS on saed14lvt_c/SAEDLVT14_AN2B_MM_12/frame
        does not match expected value 'in' from saed14lvt_c/SAEDLVT14_AN2B_MM_12/timing (NDM-032w)
Information: Fixed direction mismatches for block SAEDLVT14_AN2B_MM_12 (LM-054)
Warning: Direction 'inout' for port VSS on saed14lvt_c/SAEDLVT14_AN2B_MM_16/frame
        does not match expected value 'in' from saed14lvt_c/SAEDLVT14_AN2B_MM_16/timing (NDM-032w)
Warning: Direction 'inout' for port VDD on saed14lvt_c/SAEDLVT14_AN2B_MM_16/frame
        does not match expected value 'in' from saed14lvt_c/SAEDLVT14_AN2B_MM_16/timing (NDM-032w)
Information: Fixed direction mismatches for block SAEDLVT14_AN2B_MM_16 (LM-054)
Warning: Direction 'inout' for port VDD on saed14lvt_c/SAEDLVT14_AN2B_MM_1/frame
        does not match expected value 'in' from saed14lvt_c/SAEDLVT14_AN2B_MM_1/timing (NDM-032w)
Warning: Direction 'inout' for port VSS on saed14lvt_c/SAEDLVT14_AN2B_MM_1/frame
        does not match expected value 'in' from saed14lvt_c/SAEDLVT14_AN2B_MM_1/timing (NDM-032w)
Information: Fixed direction mismatches for block SAEDLVT14_AN2B_MM_1 (LM-054)
Warning: Direction 'inout' for port VSS on saed14lvt_c/SAEDLVT14_AN2B_MM_20/frame
        does not match expected value 'in' from saed14lvt_c/SAEDLVT14_AN2B_MM_20/timing (NDM-032w)
Warning: Direction 'inout' for port VDD on saed14lvt_c/SAEDLVT14_AN2B_MM_20/frame
        does not match expected value 'in' from saed14lvt_c/SAEDLVT14_AN2B_MM_20/timing (NDM-032w)
Information: Fixed direction mismatches for block SAEDLVT14_AN2B_MM_20 (LM-054)
Warning: Direction 'inout' for port VSS on saed14lvt_c/SAEDLVT14_AN2B_MM_2/frame
        does not match expected value 'in' from saed14lvt_c/SAEDLVT14_AN2B_MM_2/timing (NDM-032w)
Warning: Direction 'inout' for port VDD on saed14lvt_c/SAEDLVT14_AN2B_MM_2/frame
        does not match expected value 'in' from saed14lvt_c/SAEDLVT14_AN2B_MM_2/timing (NDM-032w)
Information: Fixed direction mismatches for block SAEDLVT14_AN2B_MM_2 (LM-054)
Warning: Direction 'inout' for port VSS on saed14lvt_c/SAEDLVT14_AN2B_MM_4/frame
        does not match expected value 'in' from saed14lvt_c/SAEDLVT14_AN2B_MM_4/timing (NDM-032w)
Warning: Direction 'inout' for port VDD on saed14lvt_c/SAEDLVT14_AN2B_MM_4/frame
        does not match expected value 'in' from saed14lvt_c/SAEDLVT14_AN2B_MM_4/timing (NDM-032w)
Information: Fixed direction mismatches for block SAEDLVT14_AN2B_MM_4 (LM-054)
Warning: Direction 'inout' for port VDD on saed14lvt_c/SAEDLVT14_AN2B_MM_6/frame
        does not match expected value 'in' from saed14lvt_c/SAEDLVT14_AN2B_MM_6/timing (NDM-032w)
Warning: Direction 'inout' for port VSS on saed14lvt_c/SAEDLVT14_AN2B_MM_6/frame
        does not match expected value 'in' from saed14lvt_c/SAEDLVT14_AN2B_MM_6/timing (NDM-032w)
Information: Fixed direction mismatches for block SAEDLVT14_AN2B_MM_6 (LM-054)
Warning: Direction 'inout' for port VSS on saed14lvt_c/SAEDLVT14_AN2B_MM_8/frame
        does not match expected value 'in' from saed14lvt_c/SAEDLVT14_AN2B_MM_8/timing (NDM-032w)
Warning: Direction 'inout' for port VDD on saed14lvt_c/SAEDLVT14_AN2B_MM_8/frame
        does not match expected value 'in' from saed14lvt_c/SAEDLVT14_AN2B_MM_8/timing (NDM-032w)
Information: Fixed direction mismatches for block SAEDLVT14_AN2B_MM_8 (LM-054)
Warning: Direction 'inout' for port VSS on saed14lvt_c/SAEDLVT14_AN2_ECO_2/frame
        does not match expected value 'in' from saed14lvt_c/SAEDLVT14_AN2_ECO_2/timing (NDM-032w)
Warning: Direction 'inout' for port VDD on saed14lvt_c/SAEDLVT14_AN2_ECO_2/frame
        does not match expected value 'in' from saed14lvt_c/SAEDLVT14_AN2_ECO_2/timing (NDM-032w)
Information: Fixed direction mismatches for block SAEDLVT14_AN2_ECO_2 (LM-054)
Warning: Direction 'inout' for port VDD on saed14lvt_c/SAEDLVT14_AN2_MM_0P5/frame
        does not match expected value 'in' from saed14lvt_c/SAEDLVT14_AN2_MM_0P5/timing (NDM-032w)
Warning: Direction 'inout' for port VSS on saed14lvt_c/SAEDLVT14_AN2_MM_0P5/frame
        does not match expected value 'in' from saed14lvt_c/SAEDLVT14_AN2_MM_0P5/timing (NDM-032w)
Information: Fixed direction mismatches for block SAEDLVT14_AN2_MM_0P5 (LM-054)
Warning: Direction 'inout' for port VDD on saed14lvt_c/SAEDLVT14_AN2_MM_12/frame
        does not match expected value 'in' from saed14lvt_c/SAEDLVT14_AN2_MM_12/timing (NDM-032w)
Warning: Direction 'inout' for port VSS on saed14lvt_c/SAEDLVT14_AN2_MM_12/frame
        does not match expected value 'in' from saed14lvt_c/SAEDLVT14_AN2_MM_12/timing (NDM-032w)
Information: Fixed direction mismatches for block SAEDLVT14_AN2_MM_12 (LM-054)
Warning: Direction 'inout' for port VDD on saed14lvt_c/SAEDLVT14_AN2_MM_16/frame
        does not match expected value 'in' from saed14lvt_c/SAEDLVT14_AN2_MM_16/timing (NDM-032w)
Warning: Direction 'inout' for port VSS on saed14lvt_c/SAEDLVT14_AN2_MM_16/frame
        does not match expected value 'in' from saed14lvt_c/SAEDLVT14_AN2_MM_16/timing (NDM-032w)
Information: Fixed direction mismatches for block SAEDLVT14_AN2_MM_16 (LM-054)
Warning: Direction 'inout' for port VDD on saed14lvt_c/SAEDLVT14_AN2_MM_1/frame
        does not match expected value 'in' from saed14lvt_c/SAEDLVT14_AN2_MM_1/timing (NDM-032w)
Warning: Direction 'inout' for port VSS on saed14lvt_c/SAEDLVT14_AN2_MM_1/frame
        does not match expected value 'in' from saed14lvt_c/SAEDLVT14_AN2_MM_1/timing (NDM-032w)
Information: Fixed direction mismatches for block SAEDLVT14_AN2_MM_1 (LM-054)
Warning: Direction 'inout' for port VDD on saed14lvt_c/SAEDLVT14_AN2_MM_20/frame
        does not match expected value 'in' from saed14lvt_c/SAEDLVT14_AN2_MM_20/timing (NDM-032w)
Warning: Direction 'inout' for port VSS on saed14lvt_c/SAEDLVT14_AN2_MM_20/frame
        does not match expected value 'in' from saed14lvt_c/SAEDLVT14_AN2_MM_20/timing (NDM-032w)
Information: Fixed direction mismatches for block SAEDLVT14_AN2_MM_20 (LM-054)
Warning: Direction 'inout' for port VDD on saed14lvt_c/SAEDLVT14_AN2_MM_2/frame
        does not match expected value 'in' from saed14lvt_c/SAEDLVT14_AN2_MM_2/timing (NDM-032w)
Warning: Direction 'inout' for port VSS on saed14lvt_c/SAEDLVT14_AN2_MM_2/frame
        does not match expected value 'in' from saed14lvt_c/SAEDLVT14_AN2_MM_2/timing (NDM-032w)
Information: Fixed direction mismatches for block SAEDLVT14_AN2_MM_2 (LM-054)
Warning: Direction 'inout' for port VDD on saed14lvt_c/SAEDLVT14_AN2_MM_3/frame
        does not match expected value 'in' from saed14lvt_c/SAEDLVT14_AN2_MM_3/timing (NDM-032w)
Warning: Direction 'inout' for port VSS on saed14lvt_c/SAEDLVT14_AN2_MM_3/frame
        does not match expected value 'in' from saed14lvt_c/SAEDLVT14_AN2_MM_3/timing (NDM-032w)
Information: Fixed direction mismatches for block SAEDLVT14_AN2_MM_3 (LM-054)
Warning: Direction 'inout' for port VDD on saed14lvt_c/SAEDLVT14_AN2_MM_4/frame
        does not match expected value 'in' from saed14lvt_c/SAEDLVT14_AN2_MM_4/timing (NDM-032w)
Warning: Direction 'inout' for port VSS on saed14lvt_c/SAEDLVT14_AN2_MM_4/frame
        does not match expected value 'in' from saed14lvt_c/SAEDLVT14_AN2_MM_4/timing (NDM-032w)
Information: Fixed direction mismatches for block SAEDLVT14_AN2_MM_4 (LM-054)
Warning: Direction 'inout' for port VDD on saed14lvt_c/SAEDLVT14_AN2_MM_6/frame
        does not match expected value 'in' from saed14lvt_c/SAEDLVT14_AN2_MM_6/timing (NDM-032w)
Warning: Direction 'inout' for port VSS on saed14lvt_c/SAEDLVT14_AN2_MM_6/frame
        does not match expected value 'in' from saed14lvt_c/SAEDLVT14_AN2_MM_6/timing (NDM-032w)
Information: Fixed direction mismatches for block SAEDLVT14_AN2_MM_6 (LM-054)
Warning: Direction 'inout' for port VDD on saed14lvt_c/SAEDLVT14_AN2_MM_8/frame
        does not match expected value 'in' from saed14lvt_c/SAEDLVT14_AN2_MM_8/timing (NDM-032w)
Warning: Direction 'inout' for port VSS on saed14lvt_c/SAEDLVT14_AN2_MM_8/frame
        does not match expected value 'in' from saed14lvt_c/SAEDLVT14_AN2_MM_8/timing (NDM-032w)
Information: Fixed direction mismatches for block SAEDLVT14_AN2_MM_8 (LM-054)
Warning: Direction 'inout' for port VSS on saed14lvt_c/SAEDLVT14_AN3_0P5/frame
        does not match expected value 'in' from saed14lvt_c/SAEDLVT14_AN3_0P5/timing (NDM-032w)
Warning: Direction 'inout' for port VDD on saed14lvt_c/SAEDLVT14_AN3_0P5/frame
        does not match expected value 'in' from saed14lvt_c/SAEDLVT14_AN3_0P5/timing (NDM-032w)
Information: Fixed direction mismatches for block SAEDLVT14_AN3_0P5 (LM-054)
Warning: Direction 'inout' for port VDD on saed14lvt_c/SAEDLVT14_AN3_0P75/frame
        does not match expected value 'in' from saed14lvt_c/SAEDLVT14_AN3_0P75/timing (NDM-032w)
Warning: Direction 'inout' for port VSS on saed14lvt_c/SAEDLVT14_AN3_0P75/frame
        does not match expected value 'in' from saed14lvt_c/SAEDLVT14_AN3_0P75/timing (NDM-032w)
Information: Fixed direction mismatches for block SAEDLVT14_AN3_0P75 (LM-054)
Warning: Direction 'inout' for port VDD on saed14lvt_c/SAEDLVT14_AN3_1/frame
        does not match expected value 'in' from saed14lvt_c/SAEDLVT14_AN3_1/timing (NDM-032w)
Warning: Direction 'inout' for port VSS on saed14lvt_c/SAEDLVT14_AN3_1/frame
        does not match expected value 'in' from saed14lvt_c/SAEDLVT14_AN3_1/timing (NDM-032w)
Information: Fixed direction mismatches for block SAEDLVT14_AN3_1 (LM-054)
Warning: Direction 'inout' for port VDD on saed14lvt_c/SAEDLVT14_AN3_2/frame
        does not match expected value 'in' from saed14lvt_c/SAEDLVT14_AN3_2/timing (NDM-032w)
Warning: Direction 'inout' for port VSS on saed14lvt_c/SAEDLVT14_AN3_2/frame
        does not match expected value 'in' from saed14lvt_c/SAEDLVT14_AN3_2/timing (NDM-032w)
Information: Fixed direction mismatches for block SAEDLVT14_AN3_2 (LM-054)
Warning: Direction 'inout' for port VSS on saed14lvt_c/SAEDLVT14_AN3_4/frame
        does not match expected value 'in' from saed14lvt_c/SAEDLVT14_AN3_4/timing (NDM-032w)
Warning: Direction 'inout' for port VDD on saed14lvt_c/SAEDLVT14_AN3_4/frame
        does not match expected value 'in' from saed14lvt_c/SAEDLVT14_AN3_4/timing (NDM-032w)
Information: Fixed direction mismatches for block SAEDLVT14_AN3_4 (LM-054)
Warning: Direction 'inout' for port VDD on saed14lvt_c/SAEDLVT14_AN3_8/frame
        does not match expected value 'in' from saed14lvt_c/SAEDLVT14_AN3_8/timing (NDM-032w)
Warning: Direction 'inout' for port VSS on saed14lvt_c/SAEDLVT14_AN3_8/frame
        does not match expected value 'in' from saed14lvt_c/SAEDLVT14_AN3_8/timing (NDM-032w)
Information: Fixed direction mismatches for block SAEDLVT14_AN3_8 (LM-054)
Warning: Direction 'inout' for port VSS on saed14lvt_c/SAEDLVT14_AN3_ECO_1/frame
        does not match expected value 'in' from saed14lvt_c/SAEDLVT14_AN3_ECO_1/timing (NDM-032w)
Warning: Direction 'inout' for port VDD on saed14lvt_c/SAEDLVT14_AN3_ECO_1/frame
        does not match expected value 'in' from saed14lvt_c/SAEDLVT14_AN3_ECO_1/timing (NDM-032w)
Information: Fixed direction mismatches for block SAEDLVT14_AN3_ECO_1 (LM-054)
Warning: Direction 'inout' for port VDD on saed14lvt_c/SAEDLVT14_AN4_0P5/frame
        does not match expected value 'in' from saed14lvt_c/SAEDLVT14_AN4_0P5/timing (NDM-032w)
Warning: Direction 'inout' for port VSS on saed14lvt_c/SAEDLVT14_AN4_0P5/frame
        does not match expected value 'in' from saed14lvt_c/SAEDLVT14_AN4_0P5/timing (NDM-032w)
Information: Fixed direction mismatches for block SAEDLVT14_AN4_0P5 (LM-054)
Warning: Direction 'inout' for port VDD on saed14lvt_c/SAEDLVT14_AN4_0P75/frame
        does not match expected value 'in' from saed14lvt_c/SAEDLVT14_AN4_0P75/timing (NDM-032w)
Warning: Direction 'inout' for port VSS on saed14lvt_c/SAEDLVT14_AN4_0P75/frame
        does not match expected value 'in' from saed14lvt_c/SAEDLVT14_AN4_0P75/timing (NDM-032w)
Information: Fixed direction mismatches for block SAEDLVT14_AN4_0P75 (LM-054)
Warning: Direction 'inout' for port VDD on saed14lvt_c/SAEDLVT14_AN4_1/frame
        does not match expected value 'in' from saed14lvt_c/SAEDLVT14_AN4_1/timing (NDM-032w)
Warning: Direction 'inout' for port VSS on saed14lvt_c/SAEDLVT14_AN4_1/frame
        does not match expected value 'in' from saed14lvt_c/SAEDLVT14_AN4_1/timing (NDM-032w)
Information: Fixed direction mismatches for block SAEDLVT14_AN4_1 (LM-054)
Warning: Direction 'inout' for port VDD on saed14lvt_c/SAEDLVT14_AN4_2/frame
        does not match expected value 'in' from saed14lvt_c/SAEDLVT14_AN4_2/timing (NDM-032w)
Warning: Direction 'inout' for port VSS on saed14lvt_c/SAEDLVT14_AN4_2/frame
        does not match expected value 'in' from saed14lvt_c/SAEDLVT14_AN4_2/timing (NDM-032w)
Information: Fixed direction mismatches for block SAEDLVT14_AN4_2 (LM-054)
Warning: Direction 'inout' for port VSS on saed14lvt_c/SAEDLVT14_AN4_4/frame
        does not match expected value 'in' from saed14lvt_c/SAEDLVT14_AN4_4/timing (NDM-032w)
Warning: Direction 'inout' for port VDD on saed14lvt_c/SAEDLVT14_AN4_4/frame
        does not match expected value 'in' from saed14lvt_c/SAEDLVT14_AN4_4/timing (NDM-032w)
Information: Fixed direction mismatches for block SAEDLVT14_AN4_4 (LM-054)
Warning: Direction 'inout' for port VDD on saed14lvt_c/SAEDLVT14_AN4_8/frame
        does not match expected value 'in' from saed14lvt_c/SAEDLVT14_AN4_8/timing (NDM-032w)
Warning: Direction 'inout' for port VSS on saed14lvt_c/SAEDLVT14_AN4_8/frame
        does not match expected value 'in' from saed14lvt_c/SAEDLVT14_AN4_8/timing (NDM-032w)
Information: Fixed direction mismatches for block SAEDLVT14_AN4_8 (LM-054)
Warning: Direction 'inout' for port VSS on saed14lvt_c/SAEDLVT14_AN4_ECO_2/frame
        does not match expected value 'in' from saed14lvt_c/SAEDLVT14_AN4_ECO_2/timing (NDM-032w)
Warning: Direction 'inout' for port VDD on saed14lvt_c/SAEDLVT14_AN4_ECO_2/frame
        does not match expected value 'in' from saed14lvt_c/SAEDLVT14_AN4_ECO_2/timing (NDM-032w)
Information: Fixed direction mismatches for block SAEDLVT14_AN4_ECO_2 (LM-054)
Warning: Direction 'inout' for port VSS on saed14lvt_c/SAEDLVT14_AO211_1/frame
        does not match expected value 'in' from saed14lvt_c/SAEDLVT14_AO211_1/timing (NDM-032w)
Warning: Direction 'inout' for port VDD on saed14lvt_c/SAEDLVT14_AO211_1/frame
        does not match expected value 'in' from saed14lvt_c/SAEDLVT14_AO211_1/timing (NDM-032w)
Information: Fixed direction mismatches for block SAEDLVT14_AO211_1 (LM-054)
Warning: Direction 'inout' for port VSS on saed14lvt_c/SAEDLVT14_AO211_2/frame
        does not match expected value 'in' from saed14lvt_c/SAEDLVT14_AO211_2/timing (NDM-032w)
Warning: Direction 'inout' for port VDD on saed14lvt_c/SAEDLVT14_AO211_2/frame
        does not match expected value 'in' from saed14lvt_c/SAEDLVT14_AO211_2/timing (NDM-032w)
Information: Fixed direction mismatches for block SAEDLVT14_AO211_2 (LM-054)
Warning: Direction 'inout' for port VDD on saed14lvt_c/SAEDLVT14_AO211_4/frame
        does not match expected value 'in' from saed14lvt_c/SAEDLVT14_AO211_4/timing (NDM-032w)
Warning: Direction 'inout' for port VSS on saed14lvt_c/SAEDLVT14_AO211_4/frame
        does not match expected value 'in' from saed14lvt_c/SAEDLVT14_AO211_4/timing (NDM-032w)
Information: Fixed direction mismatches for block SAEDLVT14_AO211_4 (LM-054)
Warning: Direction 'inout' for port VDD on saed14lvt_c/SAEDLVT14_AO21_1/frame
        does not match expected value 'in' from saed14lvt_c/SAEDLVT14_AO21_1/timing (NDM-032w)
Warning: Direction 'inout' for port VSS on saed14lvt_c/SAEDLVT14_AO21_1/frame
        does not match expected value 'in' from saed14lvt_c/SAEDLVT14_AO21_1/timing (NDM-032w)
Information: Fixed direction mismatches for block SAEDLVT14_AO21_1 (LM-054)
Warning: Direction 'inout' for port VSS on saed14lvt_c/SAEDLVT14_AO211_U_0P5/frame
        does not match expected value 'in' from saed14lvt_c/SAEDLVT14_AO211_U_0P5/timing (NDM-032w)
Warning: Direction 'inout' for port VDD on saed14lvt_c/SAEDLVT14_AO211_U_0P5/frame
        does not match expected value 'in' from saed14lvt_c/SAEDLVT14_AO211_U_0P5/timing (NDM-032w)
Information: Fixed direction mismatches for block SAEDLVT14_AO211_U_0P5 (LM-054)
Warning: Direction 'inout' for port VDD on saed14lvt_c/SAEDLVT14_AO21_2/frame
        does not match expected value 'in' from saed14lvt_c/SAEDLVT14_AO21_2/timing (NDM-032w)
Warning: Direction 'inout' for port VSS on saed14lvt_c/SAEDLVT14_AO21_2/frame
        does not match expected value 'in' from saed14lvt_c/SAEDLVT14_AO21_2/timing (NDM-032w)
Information: Fixed direction mismatches for block SAEDLVT14_AO21_2 (LM-054)
Warning: Direction 'inout' for port VSS on saed14lvt_c/SAEDLVT14_AO21_4/frame
        does not match expected value 'in' from saed14lvt_c/SAEDLVT14_AO21_4/timing (NDM-032w)
Warning: Direction 'inout' for port VDD on saed14lvt_c/SAEDLVT14_AO21_4/frame
        does not match expected value 'in' from saed14lvt_c/SAEDLVT14_AO21_4/timing (NDM-032w)
Information: Fixed direction mismatches for block SAEDLVT14_AO21_4 (LM-054)
Warning: Direction 'inout' for port VSS on saed14lvt_c/SAEDLVT14_AO21B_0P5/frame
        does not match expected value 'in' from saed14lvt_c/SAEDLVT14_AO21B_0P5/timing (NDM-032w)
Warning: Direction 'inout' for port VDD on saed14lvt_c/SAEDLVT14_AO21B_0P5/frame
        does not match expected value 'in' from saed14lvt_c/SAEDLVT14_AO21B_0P5/timing (NDM-032w)
Information: Fixed direction mismatches for block SAEDLVT14_AO21B_0P5 (LM-054)
Warning: Direction 'inout' for port VSS on saed14lvt_c/SAEDLVT14_AO21B_1/frame
        does not match expected value 'in' from saed14lvt_c/SAEDLVT14_AO21B_1/timing (NDM-032w)
Warning: Direction 'inout' for port VDD on saed14lvt_c/SAEDLVT14_AO21B_1/frame
        does not match expected value 'in' from saed14lvt_c/SAEDLVT14_AO21B_1/timing (NDM-032w)
Information: Fixed direction mismatches for block SAEDLVT14_AO21B_1 (LM-054)
Warning: Direction 'inout' for port VDD on saed14lvt_c/SAEDLVT14_AO21B_2/frame
        does not match expected value 'in' from saed14lvt_c/SAEDLVT14_AO21B_2/timing (NDM-032w)
Warning: Direction 'inout' for port VSS on saed14lvt_c/SAEDLVT14_AO21B_2/frame
        does not match expected value 'in' from saed14lvt_c/SAEDLVT14_AO21B_2/timing (NDM-032w)
Information: Fixed direction mismatches for block SAEDLVT14_AO21B_2 (LM-054)
Warning: Direction 'inout' for port VSS on saed14lvt_c/SAEDLVT14_AO21B_4/frame
        does not match expected value 'in' from saed14lvt_c/SAEDLVT14_AO21B_4/timing (NDM-032w)
Warning: Direction 'inout' for port VDD on saed14lvt_c/SAEDLVT14_AO21B_4/frame
        does not match expected value 'in' from saed14lvt_c/SAEDLVT14_AO21B_4/timing (NDM-032w)
Information: Fixed direction mismatches for block SAEDLVT14_AO21B_4 (LM-054)
Warning: Direction 'inout' for port VDD on saed14lvt_c/SAEDLVT14_AO21_ECO_1/frame
        does not match expected value 'in' from saed14lvt_c/SAEDLVT14_AO21_ECO_1/timing (NDM-032w)
Warning: Direction 'inout' for port VSS on saed14lvt_c/SAEDLVT14_AO21_ECO_1/frame
        does not match expected value 'in' from saed14lvt_c/SAEDLVT14_AO21_ECO_1/timing (NDM-032w)
Information: Fixed direction mismatches for block SAEDLVT14_AO21_ECO_1 (LM-054)
Warning: Direction 'inout' for port VSS on saed14lvt_c/SAEDLVT14_AO21_U_0P5/frame
        does not match expected value 'in' from saed14lvt_c/SAEDLVT14_AO21_U_0P5/timing (NDM-032w)
Warning: Direction 'inout' for port VDD on saed14lvt_c/SAEDLVT14_AO21_U_0P5/frame
        does not match expected value 'in' from saed14lvt_c/SAEDLVT14_AO21_U_0P5/timing (NDM-032w)
Information: Fixed direction mismatches for block SAEDLVT14_AO21_U_0P5 (LM-054)
Warning: Direction 'inout' for port VSS on saed14lvt_c/SAEDLVT14_AO22_0P5/frame
        does not match expected value 'in' from saed14lvt_c/SAEDLVT14_AO22_0P5/timing (NDM-032w)
Warning: Direction 'inout' for port VDD on saed14lvt_c/SAEDLVT14_AO22_0P5/frame
        does not match expected value 'in' from saed14lvt_c/SAEDLVT14_AO22_0P5/timing (NDM-032w)
Information: Fixed direction mismatches for block SAEDLVT14_AO22_0P5 (LM-054)
Warning: Direction 'inout' for port VDD on saed14lvt_c/SAEDLVT14_AO22_0P75/frame
        does not match expected value 'in' from saed14lvt_c/SAEDLVT14_AO22_0P75/timing (NDM-032w)
Warning: Direction 'inout' for port VSS on saed14lvt_c/SAEDLVT14_AO22_0P75/frame
        does not match expected value 'in' from saed14lvt_c/SAEDLVT14_AO22_0P75/timing (NDM-032w)
Information: Fixed direction mismatches for block SAEDLVT14_AO22_0P75 (LM-054)
Warning: Direction 'inout' for port VSS on saed14lvt_c/SAEDLVT14_AO221_0P5/frame
        does not match expected value 'in' from saed14lvt_c/SAEDLVT14_AO221_0P5/timing (NDM-032w)
Warning: Direction 'inout' for port VDD on saed14lvt_c/SAEDLVT14_AO221_0P5/frame
        does not match expected value 'in' from saed14lvt_c/SAEDLVT14_AO221_0P5/timing (NDM-032w)
Information: Fixed direction mismatches for block SAEDLVT14_AO221_0P5 (LM-054)
Warning: Direction 'inout' for port VDD on saed14lvt_c/SAEDLVT14_AO221_1/frame
        does not match expected value 'in' from saed14lvt_c/SAEDLVT14_AO221_1/timing (NDM-032w)
Warning: Direction 'inout' for port VSS on saed14lvt_c/SAEDLVT14_AO221_1/frame
        does not match expected value 'in' from saed14lvt_c/SAEDLVT14_AO221_1/timing (NDM-032w)
Information: Fixed direction mismatches for block SAEDLVT14_AO221_1 (LM-054)
Warning: Direction 'inout' for port VSS on saed14lvt_c/SAEDLVT14_AO221_2/frame
        does not match expected value 'in' from saed14lvt_c/SAEDLVT14_AO221_2/timing (NDM-032w)
Warning: Direction 'inout' for port VDD on saed14lvt_c/SAEDLVT14_AO221_2/frame
        does not match expected value 'in' from saed14lvt_c/SAEDLVT14_AO221_2/timing (NDM-032w)
Information: Fixed direction mismatches for block SAEDLVT14_AO221_2 (LM-054)
Warning: Direction 'inout' for port VSS on saed14lvt_c/SAEDLVT14_AO221_4/frame
        does not match expected value 'in' from saed14lvt_c/SAEDLVT14_AO221_4/timing (NDM-032w)
Warning: Direction 'inout' for port VDD on saed14lvt_c/SAEDLVT14_AO221_4/frame
        does not match expected value 'in' from saed14lvt_c/SAEDLVT14_AO221_4/timing (NDM-032w)
Information: Fixed direction mismatches for block SAEDLVT14_AO221_4 (LM-054)
Warning: Direction 'inout' for port VDD on saed14lvt_c/SAEDLVT14_AO22_1/frame
        does not match expected value 'in' from saed14lvt_c/SAEDLVT14_AO22_1/timing (NDM-032w)
Warning: Direction 'inout' for port VSS on saed14lvt_c/SAEDLVT14_AO22_1/frame
        does not match expected value 'in' from saed14lvt_c/SAEDLVT14_AO22_1/timing (NDM-032w)
Information: Fixed direction mismatches for block SAEDLVT14_AO22_1 (LM-054)
Warning: Direction 'inout' for port VDD on saed14lvt_c/SAEDLVT14_AO222_1/frame
        does not match expected value 'in' from saed14lvt_c/SAEDLVT14_AO222_1/timing (NDM-032w)
Warning: Direction 'inout' for port VSS on saed14lvt_c/SAEDLVT14_AO222_1/frame
        does not match expected value 'in' from saed14lvt_c/SAEDLVT14_AO222_1/timing (NDM-032w)
Information: Fixed direction mismatches for block SAEDLVT14_AO222_1 (LM-054)
Warning: Direction 'inout' for port VSS on saed14lvt_c/SAEDLVT14_AO222_2/frame
        does not match expected value 'in' from saed14lvt_c/SAEDLVT14_AO222_2/timing (NDM-032w)
Warning: Direction 'inout' for port VDD on saed14lvt_c/SAEDLVT14_AO222_2/frame
        does not match expected value 'in' from saed14lvt_c/SAEDLVT14_AO222_2/timing (NDM-032w)
Information: Fixed direction mismatches for block SAEDLVT14_AO222_2 (LM-054)
Warning: Direction 'inout' for port VDD on saed14lvt_c/SAEDLVT14_AO222_4/frame
        does not match expected value 'in' from saed14lvt_c/SAEDLVT14_AO222_4/timing (NDM-032w)
Warning: Direction 'inout' for port VSS on saed14lvt_c/SAEDLVT14_AO222_4/frame
        does not match expected value 'in' from saed14lvt_c/SAEDLVT14_AO222_4/timing (NDM-032w)
Information: Fixed direction mismatches for block SAEDLVT14_AO222_4 (LM-054)
Warning: Direction 'inout' for port VSS on saed14lvt_c/SAEDLVT14_AO22_2/frame
        does not match expected value 'in' from saed14lvt_c/SAEDLVT14_AO22_2/timing (NDM-032w)
Warning: Direction 'inout' for port VDD on saed14lvt_c/SAEDLVT14_AO22_2/frame
        does not match expected value 'in' from saed14lvt_c/SAEDLVT14_AO22_2/timing (NDM-032w)
Information: Fixed direction mismatches for block SAEDLVT14_AO22_2 (LM-054)
Warning: Direction 'inout' for port VSS on saed14lvt_c/SAEDLVT14_AO222_U_0P5/frame
        does not match expected value 'in' from saed14lvt_c/SAEDLVT14_AO222_U_0P5/timing (NDM-032w)
Warning: Direction 'inout' for port VDD on saed14lvt_c/SAEDLVT14_AO222_U_0P5/frame
        does not match expected value 'in' from saed14lvt_c/SAEDLVT14_AO222_U_0P5/timing (NDM-032w)
Information: Fixed direction mismatches for block SAEDLVT14_AO222_U_0P5 (LM-054)
Warning: Direction 'inout' for port VDD on saed14lvt_c/SAEDLVT14_AO22_4/frame
        does not match expected value 'in' from saed14lvt_c/SAEDLVT14_AO22_4/timing (NDM-032w)
Warning: Direction 'inout' for port VSS on saed14lvt_c/SAEDLVT14_AO22_4/frame
        does not match expected value 'in' from saed14lvt_c/SAEDLVT14_AO22_4/timing (NDM-032w)
Information: Fixed direction mismatches for block SAEDLVT14_AO22_4 (LM-054)
Warning: Direction 'inout' for port VSS on saed14lvt_c/SAEDLVT14_AO2BB2_0P5/frame
        does not match expected value 'in' from saed14lvt_c/SAEDLVT14_AO2BB2_0P5/timing (NDM-032w)
Warning: Direction 'inout' for port VDD on saed14lvt_c/SAEDLVT14_AO2BB2_0P5/frame
        does not match expected value 'in' from saed14lvt_c/SAEDLVT14_AO2BB2_0P5/timing (NDM-032w)
Information: Fixed direction mismatches for block SAEDLVT14_AO2BB2_0P5 (LM-054)
Warning: Direction 'inout' for port VSS on saed14lvt_c/SAEDLVT14_AO2BB2_1/frame
        does not match expected value 'in' from saed14lvt_c/SAEDLVT14_AO2BB2_1/timing (NDM-032w)
Warning: Direction 'inout' for port VDD on saed14lvt_c/SAEDLVT14_AO2BB2_1/frame
        does not match expected value 'in' from saed14lvt_c/SAEDLVT14_AO2BB2_1/timing (NDM-032w)
Information: Fixed direction mismatches for block SAEDLVT14_AO2BB2_1 (LM-054)
Warning: Direction 'inout' for port VDD on saed14lvt_c/SAEDLVT14_AO2BB2_2/frame
        does not match expected value 'in' from saed14lvt_c/SAEDLVT14_AO2BB2_2/timing (NDM-032w)
Warning: Direction 'inout' for port VSS on saed14lvt_c/SAEDLVT14_AO2BB2_2/frame
        does not match expected value 'in' from saed14lvt_c/SAEDLVT14_AO2BB2_2/timing (NDM-032w)
Information: Fixed direction mismatches for block SAEDLVT14_AO2BB2_2 (LM-054)
Warning: Direction 'inout' for port VSS on saed14lvt_c/SAEDLVT14_AO2BB2_4/frame
        does not match expected value 'in' from saed14lvt_c/SAEDLVT14_AO2BB2_4/timing (NDM-032w)
Warning: Direction 'inout' for port VDD on saed14lvt_c/SAEDLVT14_AO2BB2_4/frame
        does not match expected value 'in' from saed14lvt_c/SAEDLVT14_AO2BB2_4/timing (NDM-032w)
Information: Fixed direction mismatches for block SAEDLVT14_AO2BB2_4 (LM-054)
Warning: Direction 'inout' for port VDD on saed14lvt_c/SAEDLVT14_AO2BB2_V1_0P5/frame
        does not match expected value 'in' from saed14lvt_c/SAEDLVT14_AO2BB2_V1_0P5/timing (NDM-032w)
Warning: Direction 'inout' for port VSS on saed14lvt_c/SAEDLVT14_AO2BB2_V1_0P5/frame
        does not match expected value 'in' from saed14lvt_c/SAEDLVT14_AO2BB2_V1_0P5/timing (NDM-032w)
Information: Fixed direction mismatches for block SAEDLVT14_AO2BB2_V1_0P5 (LM-054)
Warning: Direction 'inout' for port VDD on saed14lvt_c/SAEDLVT14_AO2BB2_V1_0P75/frame
        does not match expected value 'in' from saed14lvt_c/SAEDLVT14_AO2BB2_V1_0P75/timing (NDM-032w)
Warning: Direction 'inout' for port VSS on saed14lvt_c/SAEDLVT14_AO2BB2_V1_0P75/frame
        does not match expected value 'in' from saed14lvt_c/SAEDLVT14_AO2BB2_V1_0P75/timing (NDM-032w)
Information: Fixed direction mismatches for block SAEDLVT14_AO2BB2_V1_0P75 (LM-054)
Warning: Direction 'inout' for port VSS on saed14lvt_c/SAEDLVT14_AO2BB2_V1_1/frame
        does not match expected value 'in' from saed14lvt_c/SAEDLVT14_AO2BB2_V1_1/timing (NDM-032w)
Warning: Direction 'inout' for port VDD on saed14lvt_c/SAEDLVT14_AO2BB2_V1_1/frame
        does not match expected value 'in' from saed14lvt_c/SAEDLVT14_AO2BB2_V1_1/timing (NDM-032w)
Information: Fixed direction mismatches for block SAEDLVT14_AO2BB2_V1_1 (LM-054)
Warning: Direction 'inout' for port VDD on saed14lvt_c/SAEDLVT14_AO2BB2_V1_2/frame
        does not match expected value 'in' from saed14lvt_c/SAEDLVT14_AO2BB2_V1_2/timing (NDM-032w)
Warning: Direction 'inout' for port VSS on saed14lvt_c/SAEDLVT14_AO2BB2_V1_2/frame
        does not match expected value 'in' from saed14lvt_c/SAEDLVT14_AO2BB2_V1_2/timing (NDM-032w)
Information: Fixed direction mismatches for block SAEDLVT14_AO2BB2_V1_2 (LM-054)
Warning: Direction 'inout' for port VDD on saed14lvt_c/SAEDLVT14_AO2BB2_V1_4/frame
        does not match expected value 'in' from saed14lvt_c/SAEDLVT14_AO2BB2_V1_4/timing (NDM-032w)
Warning: Direction 'inout' for port VSS on saed14lvt_c/SAEDLVT14_AO2BB2_V1_4/frame
        does not match expected value 'in' from saed14lvt_c/SAEDLVT14_AO2BB2_V1_4/timing (NDM-032w)
Information: Fixed direction mismatches for block SAEDLVT14_AO2BB2_V1_4 (LM-054)
Warning: Direction 'inout' for port VDD on saed14lvt_c/SAEDLVT14_AO31_1/frame
        does not match expected value 'in' from saed14lvt_c/SAEDLVT14_AO31_1/timing (NDM-032w)
Warning: Direction 'inout' for port VSS on saed14lvt_c/SAEDLVT14_AO31_1/frame
        does not match expected value 'in' from saed14lvt_c/SAEDLVT14_AO31_1/timing (NDM-032w)
Information: Fixed direction mismatches for block SAEDLVT14_AO31_1 (LM-054)
Warning: Direction 'inout' for port VDD on saed14lvt_c/SAEDLVT14_AO31_2/frame
        does not match expected value 'in' from saed14lvt_c/SAEDLVT14_AO31_2/timing (NDM-032w)
Warning: Direction 'inout' for port VSS on saed14lvt_c/SAEDLVT14_AO31_2/frame
        does not match expected value 'in' from saed14lvt_c/SAEDLVT14_AO31_2/timing (NDM-032w)
Information: Fixed direction mismatches for block SAEDLVT14_AO31_2 (LM-054)
Warning: Direction 'inout' for port VDD on saed14lvt_c/SAEDLVT14_AO31_4/frame
        does not match expected value 'in' from saed14lvt_c/SAEDLVT14_AO31_4/timing (NDM-032w)
Warning: Direction 'inout' for port VSS on saed14lvt_c/SAEDLVT14_AO31_4/frame
        does not match expected value 'in' from saed14lvt_c/SAEDLVT14_AO31_4/timing (NDM-032w)
Information: Fixed direction mismatches for block SAEDLVT14_AO31_4 (LM-054)
Warning: Direction 'inout' for port VSS on saed14lvt_c/SAEDLVT14_AO31_U_0P5/frame
        does not match expected value 'in' from saed14lvt_c/SAEDLVT14_AO31_U_0P5/timing (NDM-032w)
Warning: Direction 'inout' for port VDD on saed14lvt_c/SAEDLVT14_AO31_U_0P5/frame
        does not match expected value 'in' from saed14lvt_c/SAEDLVT14_AO31_U_0P5/timing (NDM-032w)
Information: Fixed direction mismatches for block SAEDLVT14_AO31_U_0P5 (LM-054)
Warning: Direction 'inout' for port VDD on saed14lvt_c/SAEDLVT14_AO32_1/frame
        does not match expected value 'in' from saed14lvt_c/SAEDLVT14_AO32_1/timing (NDM-032w)
Warning: Direction 'inout' for port VSS on saed14lvt_c/SAEDLVT14_AO32_1/frame
        does not match expected value 'in' from saed14lvt_c/SAEDLVT14_AO32_1/timing (NDM-032w)
Information: Fixed direction mismatches for block SAEDLVT14_AO32_1 (LM-054)
Warning: Direction 'inout' for port VDD on saed14lvt_c/SAEDLVT14_AO32_2/frame
        does not match expected value 'in' from saed14lvt_c/SAEDLVT14_AO32_2/timing (NDM-032w)
Warning: Direction 'inout' for port VSS on saed14lvt_c/SAEDLVT14_AO32_2/frame
        does not match expected value 'in' from saed14lvt_c/SAEDLVT14_AO32_2/timing (NDM-032w)
Information: Fixed direction mismatches for block SAEDLVT14_AO32_2 (LM-054)
Warning: Direction 'inout' for port VSS on saed14lvt_c/SAEDLVT14_AO32_4/frame
        does not match expected value 'in' from saed14lvt_c/SAEDLVT14_AO32_4/timing (NDM-032w)
Warning: Direction 'inout' for port VDD on saed14lvt_c/SAEDLVT14_AO32_4/frame
        does not match expected value 'in' from saed14lvt_c/SAEDLVT14_AO32_4/timing (NDM-032w)
Information: Fixed direction mismatches for block SAEDLVT14_AO32_4 (LM-054)
Warning: Direction 'inout' for port VSS on saed14lvt_c/SAEDLVT14_AO32_U_0P5/frame
        does not match expected value 'in' from saed14lvt_c/SAEDLVT14_AO32_U_0P5/timing (NDM-032w)
Warning: Direction 'inout' for port VDD on saed14lvt_c/SAEDLVT14_AO32_U_0P5/frame
        does not match expected value 'in' from saed14lvt_c/SAEDLVT14_AO32_U_0P5/timing (NDM-032w)
Information: Fixed direction mismatches for block SAEDLVT14_AO32_U_0P5 (LM-054)
Warning: Direction 'inout' for port VDD on saed14lvt_c/SAEDLVT14_AO33_1/frame
        does not match expected value 'in' from saed14lvt_c/SAEDLVT14_AO33_1/timing (NDM-032w)
Warning: Direction 'inout' for port VSS on saed14lvt_c/SAEDLVT14_AO33_1/frame
        does not match expected value 'in' from saed14lvt_c/SAEDLVT14_AO33_1/timing (NDM-032w)
Information: Fixed direction mismatches for block SAEDLVT14_AO33_1 (LM-054)
Warning: Direction 'inout' for port VDD on saed14lvt_c/SAEDLVT14_AO33_2/frame
        does not match expected value 'in' from saed14lvt_c/SAEDLVT14_AO33_2/timing (NDM-032w)
Warning: Direction 'inout' for port VSS on saed14lvt_c/SAEDLVT14_AO33_2/frame
        does not match expected value 'in' from saed14lvt_c/SAEDLVT14_AO33_2/timing (NDM-032w)
Information: Fixed direction mismatches for block SAEDLVT14_AO33_2 (LM-054)
Warning: Direction 'inout' for port VDD on saed14lvt_c/SAEDLVT14_AO33_4/frame
        does not match expected value 'in' from saed14lvt_c/SAEDLVT14_AO33_4/timing (NDM-032w)
Warning: Direction 'inout' for port VSS on saed14lvt_c/SAEDLVT14_AO33_4/frame
        does not match expected value 'in' from saed14lvt_c/SAEDLVT14_AO33_4/timing (NDM-032w)
Information: Fixed direction mismatches for block SAEDLVT14_AO33_4 (LM-054)
Warning: Direction 'inout' for port VSS on saed14lvt_c/SAEDLVT14_AO33_U_0P5/frame
        does not match expected value 'in' from saed14lvt_c/SAEDLVT14_AO33_U_0P5/timing (NDM-032w)
Warning: Direction 'inout' for port VDD on saed14lvt_c/SAEDLVT14_AO33_U_0P5/frame
        does not match expected value 'in' from saed14lvt_c/SAEDLVT14_AO33_U_0P5/timing (NDM-032w)
Information: Fixed direction mismatches for block SAEDLVT14_AO33_U_0P5 (LM-054)
Warning: Direction 'inout' for port VSS on saed14lvt_c/SAEDLVT14_AOI21_0P5/frame
        does not match expected value 'in' from saed14lvt_c/SAEDLVT14_AOI21_0P5/timing (NDM-032w)
Warning: Direction 'inout' for port VDD on saed14lvt_c/SAEDLVT14_AOI21_0P5/frame
        does not match expected value 'in' from saed14lvt_c/SAEDLVT14_AOI21_0P5/timing (NDM-032w)
Information: Fixed direction mismatches for block SAEDLVT14_AOI21_0P5 (LM-054)
Warning: Direction 'inout' for port VSS on saed14lvt_c/SAEDLVT14_AOI21_0P75/frame
        does not match expected value 'in' from saed14lvt_c/SAEDLVT14_AOI21_0P75/timing (NDM-032w)
Warning: Direction 'inout' for port VDD on saed14lvt_c/SAEDLVT14_AOI21_0P75/frame
        does not match expected value 'in' from saed14lvt_c/SAEDLVT14_AOI21_0P75/timing (NDM-032w)
Information: Fixed direction mismatches for block SAEDLVT14_AOI21_0P75 (LM-054)
Warning: Direction 'inout' for port VDD on saed14lvt_c/SAEDLVT14_AOI211_0P5/frame
        does not match expected value 'in' from saed14lvt_c/SAEDLVT14_AOI211_0P5/timing (NDM-032w)
Warning: Direction 'inout' for port VSS on saed14lvt_c/SAEDLVT14_AOI211_0P5/frame
        does not match expected value 'in' from saed14lvt_c/SAEDLVT14_AOI211_0P5/timing (NDM-032w)
Information: Fixed direction mismatches for block SAEDLVT14_AOI211_0P5 (LM-054)
Warning: Direction 'inout' for port VDD on saed14lvt_c/SAEDLVT14_AOI211_1/frame
        does not match expected value 'in' from saed14lvt_c/SAEDLVT14_AOI211_1/timing (NDM-032w)
Warning: Direction 'inout' for port VSS on saed14lvt_c/SAEDLVT14_AOI211_1/frame
        does not match expected value 'in' from saed14lvt_c/SAEDLVT14_AOI211_1/timing (NDM-032w)
Information: Fixed direction mismatches for block SAEDLVT14_AOI211_1 (LM-054)
Warning: Direction 'inout' for port VDD on saed14lvt_c/SAEDLVT14_AOI211_2/frame
        does not match expected value 'in' from saed14lvt_c/SAEDLVT14_AOI211_2/timing (NDM-032w)
Warning: Direction 'inout' for port VSS on saed14lvt_c/SAEDLVT14_AOI211_2/frame
        does not match expected value 'in' from saed14lvt_c/SAEDLVT14_AOI211_2/timing (NDM-032w)
Information: Fixed direction mismatches for block SAEDLVT14_AOI211_2 (LM-054)
Warning: Direction 'inout' for port VDD on saed14lvt_c/SAEDLVT14_AOI211_4/frame
        does not match expected value 'in' from saed14lvt_c/SAEDLVT14_AOI211_4/timing (NDM-032w)
Warning: Direction 'inout' for port VSS on saed14lvt_c/SAEDLVT14_AOI211_4/frame
        does not match expected value 'in' from saed14lvt_c/SAEDLVT14_AOI211_4/timing (NDM-032w)
Information: Fixed direction mismatches for block SAEDLVT14_AOI211_4 (LM-054)
Warning: Direction 'inout' for port VDD on saed14lvt_c/SAEDLVT14_AOI21_1P5/frame
        does not match expected value 'in' from saed14lvt_c/SAEDLVT14_AOI21_1P5/timing (NDM-032w)
Warning: Direction 'inout' for port VSS on saed14lvt_c/SAEDLVT14_AOI21_1P5/frame
        does not match expected value 'in' from saed14lvt_c/SAEDLVT14_AOI21_1P5/timing (NDM-032w)
Information: Fixed direction mismatches for block SAEDLVT14_AOI21_1P5 (LM-054)
Warning: Direction 'inout' for port VSS on saed14lvt_c/SAEDLVT14_AOI21_1/frame
        does not match expected value 'in' from saed14lvt_c/SAEDLVT14_AOI21_1/timing (NDM-032w)
Warning: Direction 'inout' for port VDD on saed14lvt_c/SAEDLVT14_AOI21_1/frame
        does not match expected value 'in' from saed14lvt_c/SAEDLVT14_AOI21_1/timing (NDM-032w)
Information: Fixed direction mismatches for block SAEDLVT14_AOI21_1 (LM-054)
Warning: Direction 'inout' for port VSS on saed14lvt_c/SAEDLVT14_AOI21_2/frame
        does not match expected value 'in' from saed14lvt_c/SAEDLVT14_AOI21_2/timing (NDM-032w)
Warning: Direction 'inout' for port VDD on saed14lvt_c/SAEDLVT14_AOI21_2/frame
        does not match expected value 'in' from saed14lvt_c/SAEDLVT14_AOI21_2/timing (NDM-032w)
Information: Fixed direction mismatches for block SAEDLVT14_AOI21_2 (LM-054)
Warning: Direction 'inout' for port VSS on saed14lvt_c/SAEDLVT14_AOI21_3/frame
        does not match expected value 'in' from saed14lvt_c/SAEDLVT14_AOI21_3/timing (NDM-032w)
Warning: Direction 'inout' for port VDD on saed14lvt_c/SAEDLVT14_AOI21_3/frame
        does not match expected value 'in' from saed14lvt_c/SAEDLVT14_AOI21_3/timing (NDM-032w)
Information: Fixed direction mismatches for block SAEDLVT14_AOI21_3 (LM-054)
Warning: Direction 'inout' for port VSS on saed14lvt_c/SAEDLVT14_AOI21_4/frame
        does not match expected value 'in' from saed14lvt_c/SAEDLVT14_AOI21_4/timing (NDM-032w)
Warning: Direction 'inout' for port VDD on saed14lvt_c/SAEDLVT14_AOI21_4/frame
        does not match expected value 'in' from saed14lvt_c/SAEDLVT14_AOI21_4/timing (NDM-032w)
Information: Fixed direction mismatches for block SAEDLVT14_AOI21_4 (LM-054)
Warning: Direction 'inout' for port VSS on saed14lvt_c/SAEDLVT14_AOI21_6/frame
        does not match expected value 'in' from saed14lvt_c/SAEDLVT14_AOI21_6/timing (NDM-032w)
Warning: Direction 'inout' for port VDD on saed14lvt_c/SAEDLVT14_AOI21_6/frame
        does not match expected value 'in' from saed14lvt_c/SAEDLVT14_AOI21_6/timing (NDM-032w)
Information: Fixed direction mismatches for block SAEDLVT14_AOI21_6 (LM-054)
Warning: Direction 'inout' for port VSS on saed14lvt_c/SAEDLVT14_AOI21_8/frame
        does not match expected value 'in' from saed14lvt_c/SAEDLVT14_AOI21_8/timing (NDM-032w)
Warning: Direction 'inout' for port VDD on saed14lvt_c/SAEDLVT14_AOI21_8/frame
        does not match expected value 'in' from saed14lvt_c/SAEDLVT14_AOI21_8/timing (NDM-032w)
Information: Fixed direction mismatches for block SAEDLVT14_AOI21_8 (LM-054)
Warning: Direction 'inout' for port VSS on saed14lvt_c/SAEDLVT14_AOI21_ECO_1/frame
        does not match expected value 'in' from saed14lvt_c/SAEDLVT14_AOI21_ECO_1/timing (NDM-032w)
Warning: Direction 'inout' for port VDD on saed14lvt_c/SAEDLVT14_AOI21_ECO_1/frame
        does not match expected value 'in' from saed14lvt_c/SAEDLVT14_AOI21_ECO_1/timing (NDM-032w)
Information: Fixed direction mismatches for block SAEDLVT14_AOI21_ECO_1 (LM-054)
Warning: Direction 'inout' for port VSS on saed14lvt_c/SAEDLVT14_AOI21_V1_4/frame
        does not match expected value 'in' from saed14lvt_c/SAEDLVT14_AOI21_V1_4/timing (NDM-032w)
Warning: Direction 'inout' for port VDD on saed14lvt_c/SAEDLVT14_AOI21_V1_4/frame
        does not match expected value 'in' from saed14lvt_c/SAEDLVT14_AOI21_V1_4/timing (NDM-032w)
Information: Fixed direction mismatches for block SAEDLVT14_AOI21_V1_4 (LM-054)
Warning: Direction 'inout' for port VDD on saed14lvt_c/SAEDLVT14_AOI21_V1_6/frame
        does not match expected value 'in' from saed14lvt_c/SAEDLVT14_AOI21_V1_6/timing (NDM-032w)
Warning: Direction 'inout' for port VSS on saed14lvt_c/SAEDLVT14_AOI21_V1_6/frame
        does not match expected value 'in' from saed14lvt_c/SAEDLVT14_AOI21_V1_6/timing (NDM-032w)
Information: Fixed direction mismatches for block SAEDLVT14_AOI21_V1_6 (LM-054)
Warning: Direction 'inout' for port VSS on saed14lvt_c/SAEDLVT14_AOI21_V1_8/frame
        does not match expected value 'in' from saed14lvt_c/SAEDLVT14_AOI21_V1_8/timing (NDM-032w)
Warning: Direction 'inout' for port VDD on saed14lvt_c/SAEDLVT14_AOI21_V1_8/frame
        does not match expected value 'in' from saed14lvt_c/SAEDLVT14_AOI21_V1_8/timing (NDM-032w)
Information: Fixed direction mismatches for block SAEDLVT14_AOI21_V1_8 (LM-054)
Warning: Direction 'inout' for port VSS on saed14lvt_c/SAEDLVT14_AOI22_0P5/frame
        does not match expected value 'in' from saed14lvt_c/SAEDLVT14_AOI22_0P5/timing (NDM-032w)
Warning: Direction 'inout' for port VDD on saed14lvt_c/SAEDLVT14_AOI22_0P5/frame
        does not match expected value 'in' from saed14lvt_c/SAEDLVT14_AOI22_0P5/timing (NDM-032w)
Information: Fixed direction mismatches for block SAEDLVT14_AOI22_0P5 (LM-054)
Warning: Direction 'inout' for port VDD on saed14lvt_c/SAEDLVT14_AOI22_0P75/frame
        does not match expected value 'in' from saed14lvt_c/SAEDLVT14_AOI22_0P75/timing (NDM-032w)
Warning: Direction 'inout' for port VSS on saed14lvt_c/SAEDLVT14_AOI22_0P75/frame
        does not match expected value 'in' from saed14lvt_c/SAEDLVT14_AOI22_0P75/timing (NDM-032w)
Information: Fixed direction mismatches for block SAEDLVT14_AOI22_0P75 (LM-054)
Warning: Direction 'inout' for port VDD on saed14lvt_c/SAEDLVT14_AOI221_0P5/frame
        does not match expected value 'in' from saed14lvt_c/SAEDLVT14_AOI221_0P5/timing (NDM-032w)
Warning: Direction 'inout' for port VSS on saed14lvt_c/SAEDLVT14_AOI221_0P5/frame
        does not match expected value 'in' from saed14lvt_c/SAEDLVT14_AOI221_0P5/timing (NDM-032w)
Information: Fixed direction mismatches for block SAEDLVT14_AOI221_0P5 (LM-054)
Warning: Direction 'inout' for port VDD on saed14lvt_c/SAEDLVT14_AOI221_1/frame
        does not match expected value 'in' from saed14lvt_c/SAEDLVT14_AOI221_1/timing (NDM-032w)
Warning: Direction 'inout' for port VSS on saed14lvt_c/SAEDLVT14_AOI221_1/frame
        does not match expected value 'in' from saed14lvt_c/SAEDLVT14_AOI221_1/timing (NDM-032w)
Information: Fixed direction mismatches for block SAEDLVT14_AOI221_1 (LM-054)
Warning: Direction 'inout' for port VDD on saed14lvt_c/SAEDLVT14_AOI221_2/frame
        does not match expected value 'in' from saed14lvt_c/SAEDLVT14_AOI221_2/timing (NDM-032w)
Warning: Direction 'inout' for port VSS on saed14lvt_c/SAEDLVT14_AOI221_2/frame
        does not match expected value 'in' from saed14lvt_c/SAEDLVT14_AOI221_2/timing (NDM-032w)
Information: Fixed direction mismatches for block SAEDLVT14_AOI221_2 (LM-054)
Warning: Direction 'inout' for port VDD on saed14lvt_c/SAEDLVT14_AOI221_4/frame
        does not match expected value 'in' from saed14lvt_c/SAEDLVT14_AOI221_4/timing (NDM-032w)
Warning: Direction 'inout' for port VSS on saed14lvt_c/SAEDLVT14_AOI221_4/frame
        does not match expected value 'in' from saed14lvt_c/SAEDLVT14_AOI221_4/timing (NDM-032w)
Information: Fixed direction mismatches for block SAEDLVT14_AOI221_4 (LM-054)
Warning: Direction 'inout' for port VSS on saed14lvt_c/SAEDLVT14_AOI22_1P5/frame
        does not match expected value 'in' from saed14lvt_c/SAEDLVT14_AOI22_1P5/timing (NDM-032w)
Warning: Direction 'inout' for port VDD on saed14lvt_c/SAEDLVT14_AOI22_1P5/frame
        does not match expected value 'in' from saed14lvt_c/SAEDLVT14_AOI22_1P5/timing (NDM-032w)
Information: Fixed direction mismatches for block SAEDLVT14_AOI22_1P5 (LM-054)
Warning: Direction 'inout' for port VDD on saed14lvt_c/SAEDLVT14_AOI22_1/frame
        does not match expected value 'in' from saed14lvt_c/SAEDLVT14_AOI22_1/timing (NDM-032w)
Warning: Direction 'inout' for port VSS on saed14lvt_c/SAEDLVT14_AOI22_1/frame
        does not match expected value 'in' from saed14lvt_c/SAEDLVT14_AOI22_1/timing (NDM-032w)
Information: Fixed direction mismatches for block SAEDLVT14_AOI22_1 (LM-054)
Warning: Direction 'inout' for port VDD on saed14lvt_c/SAEDLVT14_AOI222_0P5/frame
        does not match expected value 'in' from saed14lvt_c/SAEDLVT14_AOI222_0P5/timing (NDM-032w)
Warning: Direction 'inout' for port VSS on saed14lvt_c/SAEDLVT14_AOI222_0P5/frame
        does not match expected value 'in' from saed14lvt_c/SAEDLVT14_AOI222_0P5/timing (NDM-032w)
Information: Fixed direction mismatches for block SAEDLVT14_AOI222_0P5 (LM-054)
Warning: Direction 'inout' for port VSS on saed14lvt_c/SAEDLVT14_AOI222_1/frame
        does not match expected value 'in' from saed14lvt_c/SAEDLVT14_AOI222_1/timing (NDM-032w)
Warning: Direction 'inout' for port VDD on saed14lvt_c/SAEDLVT14_AOI222_1/frame
        does not match expected value 'in' from saed14lvt_c/SAEDLVT14_AOI222_1/timing (NDM-032w)
Information: Fixed direction mismatches for block SAEDLVT14_AOI222_1 (LM-054)
Warning: Direction 'inout' for port VDD on saed14lvt_c/SAEDLVT14_AOI222_2/frame
        does not match expected value 'in' from saed14lvt_c/SAEDLVT14_AOI222_2/timing (NDM-032w)
Warning: Direction 'inout' for port VSS on saed14lvt_c/SAEDLVT14_AOI222_2/frame
        does not match expected value 'in' from saed14lvt_c/SAEDLVT14_AOI222_2/timing (NDM-032w)
Information: Fixed direction mismatches for block SAEDLVT14_AOI222_2 (LM-054)
Warning: Direction 'inout' for port VSS on saed14lvt_c/SAEDLVT14_AOI222_4/frame
        does not match expected value 'in' from saed14lvt_c/SAEDLVT14_AOI222_4/timing (NDM-032w)
Warning: Direction 'inout' for port VDD on saed14lvt_c/SAEDLVT14_AOI222_4/frame
        does not match expected value 'in' from saed14lvt_c/SAEDLVT14_AOI222_4/timing (NDM-032w)
Information: Fixed direction mismatches for block SAEDLVT14_AOI222_4 (LM-054)
Warning: Direction 'inout' for port VSS on saed14lvt_c/SAEDLVT14_AOI22_2/frame
        does not match expected value 'in' from saed14lvt_c/SAEDLVT14_AOI22_2/timing (NDM-032w)
Warning: Direction 'inout' for port VDD on saed14lvt_c/SAEDLVT14_AOI22_2/frame
        does not match expected value 'in' from saed14lvt_c/SAEDLVT14_AOI22_2/timing (NDM-032w)
Information: Fixed direction mismatches for block SAEDLVT14_AOI22_2 (LM-054)
Warning: Direction 'inout' for port VDD on saed14lvt_c/SAEDLVT14_AOI22_3/frame
        does not match expected value 'in' from saed14lvt_c/SAEDLVT14_AOI22_3/timing (NDM-032w)
Warning: Direction 'inout' for port VSS on saed14lvt_c/SAEDLVT14_AOI22_3/frame
        does not match expected value 'in' from saed14lvt_c/SAEDLVT14_AOI22_3/timing (NDM-032w)
Information: Fixed direction mismatches for block SAEDLVT14_AOI22_3 (LM-054)
Warning: Direction 'inout' for port VSS on saed14lvt_c/SAEDLVT14_AOI22_4/frame
        does not match expected value 'in' from saed14lvt_c/SAEDLVT14_AOI22_4/timing (NDM-032w)
Warning: Direction 'inout' for port VDD on saed14lvt_c/SAEDLVT14_AOI22_4/frame
        does not match expected value 'in' from saed14lvt_c/SAEDLVT14_AOI22_4/timing (NDM-032w)
Information: Fixed direction mismatches for block SAEDLVT14_AOI22_4 (LM-054)
Warning: Direction 'inout' for port VSS on saed14lvt_c/SAEDLVT14_AOI22_6/frame
        does not match expected value 'in' from saed14lvt_c/SAEDLVT14_AOI22_6/timing (NDM-032w)
Warning: Direction 'inout' for port VDD on saed14lvt_c/SAEDLVT14_AOI22_6/frame
        does not match expected value 'in' from saed14lvt_c/SAEDLVT14_AOI22_6/timing (NDM-032w)
Information: Fixed direction mismatches for block SAEDLVT14_AOI22_6 (LM-054)
Warning: Direction 'inout' for port VSS on saed14lvt_c/SAEDLVT14_AOI22_ECO_1/frame
        does not match expected value 'in' from saed14lvt_c/SAEDLVT14_AOI22_ECO_1/timing (NDM-032w)
Warning: Direction 'inout' for port VDD on saed14lvt_c/SAEDLVT14_AOI22_ECO_1/frame
        does not match expected value 'in' from saed14lvt_c/SAEDLVT14_AOI22_ECO_1/timing (NDM-032w)
Information: Fixed direction mismatches for block SAEDLVT14_AOI22_ECO_1 (LM-054)
Warning: Direction 'inout' for port VDD on saed14lvt_c/SAEDLVT14_AOI31_0P5/frame
        does not match expected value 'in' from saed14lvt_c/SAEDLVT14_AOI31_0P5/timing (NDM-032w)
Warning: Direction 'inout' for port VSS on saed14lvt_c/SAEDLVT14_AOI31_0P5/frame
        does not match expected value 'in' from saed14lvt_c/SAEDLVT14_AOI31_0P5/timing (NDM-032w)
Information: Fixed direction mismatches for block SAEDLVT14_AOI31_0P5 (LM-054)
Warning: Direction 'inout' for port VDD on saed14lvt_c/SAEDLVT14_AOI31_0P75/frame
        does not match expected value 'in' from saed14lvt_c/SAEDLVT14_AOI31_0P75/timing (NDM-032w)
Warning: Direction 'inout' for port VSS on saed14lvt_c/SAEDLVT14_AOI31_0P75/frame
        does not match expected value 'in' from saed14lvt_c/SAEDLVT14_AOI31_0P75/timing (NDM-032w)
Information: Fixed direction mismatches for block SAEDLVT14_AOI31_0P75 (LM-054)
Warning: Direction 'inout' for port VDD on saed14lvt_c/SAEDLVT14_AOI311_0P5/frame
        does not match expected value 'in' from saed14lvt_c/SAEDLVT14_AOI311_0P5/timing (NDM-032w)
Warning: Direction 'inout' for port VSS on saed14lvt_c/SAEDLVT14_AOI311_0P5/frame
        does not match expected value 'in' from saed14lvt_c/SAEDLVT14_AOI311_0P5/timing (NDM-032w)
Information: Fixed direction mismatches for block SAEDLVT14_AOI311_0P5 (LM-054)
Warning: Direction 'inout' for port VDD on saed14lvt_c/SAEDLVT14_AOI311_0P75/frame
        does not match expected value 'in' from saed14lvt_c/SAEDLVT14_AOI311_0P75/timing (NDM-032w)
Warning: Direction 'inout' for port VSS on saed14lvt_c/SAEDLVT14_AOI311_0P75/frame
        does not match expected value 'in' from saed14lvt_c/SAEDLVT14_AOI311_0P75/timing (NDM-032w)
Information: Fixed direction mismatches for block SAEDLVT14_AOI311_0P75 (LM-054)
Warning: Direction 'inout' for port VDD on saed14lvt_c/SAEDLVT14_AOI311_1/frame
        does not match expected value 'in' from saed14lvt_c/SAEDLVT14_AOI311_1/timing (NDM-032w)
Warning: Direction 'inout' for port VSS on saed14lvt_c/SAEDLVT14_AOI311_1/frame
        does not match expected value 'in' from saed14lvt_c/SAEDLVT14_AOI311_1/timing (NDM-032w)
Information: Fixed direction mismatches for block SAEDLVT14_AOI311_1 (LM-054)
Warning: Direction 'inout' for port VSS on saed14lvt_c/SAEDLVT14_AOI311_2/frame
        does not match expected value 'in' from saed14lvt_c/SAEDLVT14_AOI311_2/timing (NDM-032w)
Warning: Direction 'inout' for port VDD on saed14lvt_c/SAEDLVT14_AOI311_2/frame
        does not match expected value 'in' from saed14lvt_c/SAEDLVT14_AOI311_2/timing (NDM-032w)
Information: Fixed direction mismatches for block SAEDLVT14_AOI311_2 (LM-054)
Warning: Direction 'inout' for port VSS on saed14lvt_c/SAEDLVT14_AOI311_4/frame
        does not match expected value 'in' from saed14lvt_c/SAEDLVT14_AOI311_4/timing (NDM-032w)
Warning: Direction 'inout' for port VDD on saed14lvt_c/SAEDLVT14_AOI311_4/frame
        does not match expected value 'in' from saed14lvt_c/SAEDLVT14_AOI311_4/timing (NDM-032w)
Information: Fixed direction mismatches for block SAEDLVT14_AOI311_4 (LM-054)
Warning: Direction 'inout' for port VSS on saed14lvt_c/SAEDLVT14_AOI31_1/frame
        does not match expected value 'in' from saed14lvt_c/SAEDLVT14_AOI31_1/timing (NDM-032w)
Warning: Direction 'inout' for port VDD on saed14lvt_c/SAEDLVT14_AOI31_1/frame
        does not match expected value 'in' from saed14lvt_c/SAEDLVT14_AOI31_1/timing (NDM-032w)
Information: Fixed direction mismatches for block SAEDLVT14_AOI31_1 (LM-054)
Warning: Direction 'inout' for port VSS on saed14lvt_c/SAEDLVT14_AOI31_2/frame
        does not match expected value 'in' from saed14lvt_c/SAEDLVT14_AOI31_2/timing (NDM-032w)
Warning: Direction 'inout' for port VDD on saed14lvt_c/SAEDLVT14_AOI31_2/frame
        does not match expected value 'in' from saed14lvt_c/SAEDLVT14_AOI31_2/timing (NDM-032w)
Information: Fixed direction mismatches for block SAEDLVT14_AOI31_2 (LM-054)
Warning: Direction 'inout' for port VSS on saed14lvt_c/SAEDLVT14_AOI31_4/frame
        does not match expected value 'in' from saed14lvt_c/SAEDLVT14_AOI31_4/timing (NDM-032w)
Warning: Direction 'inout' for port VDD on saed14lvt_c/SAEDLVT14_AOI31_4/frame
        does not match expected value 'in' from saed14lvt_c/SAEDLVT14_AOI31_4/timing (NDM-032w)
Information: Fixed direction mismatches for block SAEDLVT14_AOI31_4 (LM-054)
Warning: Direction 'inout' for port VSS on saed14lvt_c/SAEDLVT14_AOI31_ECO_1/frame
        does not match expected value 'in' from saed14lvt_c/SAEDLVT14_AOI31_ECO_1/timing (NDM-032w)
Warning: Direction 'inout' for port VDD on saed14lvt_c/SAEDLVT14_AOI31_ECO_1/frame
        does not match expected value 'in' from saed14lvt_c/SAEDLVT14_AOI31_ECO_1/timing (NDM-032w)
Information: Fixed direction mismatches for block SAEDLVT14_AOI31_ECO_1 (LM-054)
Warning: Direction 'inout' for port VDD on saed14lvt_c/SAEDLVT14_AOI32_0P5/frame
        does not match expected value 'in' from saed14lvt_c/SAEDLVT14_AOI32_0P5/timing (NDM-032w)
Warning: Direction 'inout' for port VSS on saed14lvt_c/SAEDLVT14_AOI32_0P5/frame
        does not match expected value 'in' from saed14lvt_c/SAEDLVT14_AOI32_0P5/timing (NDM-032w)
Information: Fixed direction mismatches for block SAEDLVT14_AOI32_0P5 (LM-054)
Warning: Direction 'inout' for port VDD on saed14lvt_c/SAEDLVT14_AOI32_0P75/frame
        does not match expected value 'in' from saed14lvt_c/SAEDLVT14_AOI32_0P75/timing (NDM-032w)
Warning: Direction 'inout' for port VSS on saed14lvt_c/SAEDLVT14_AOI32_0P75/frame
        does not match expected value 'in' from saed14lvt_c/SAEDLVT14_AOI32_0P75/timing (NDM-032w)
Information: Fixed direction mismatches for block SAEDLVT14_AOI32_0P75 (LM-054)
Warning: Direction 'inout' for port VDD on saed14lvt_c/SAEDLVT14_AOI32_1/frame
        does not match expected value 'in' from saed14lvt_c/SAEDLVT14_AOI32_1/timing (NDM-032w)
Warning: Direction 'inout' for port VSS on saed14lvt_c/SAEDLVT14_AOI32_1/frame
        does not match expected value 'in' from saed14lvt_c/SAEDLVT14_AOI32_1/timing (NDM-032w)
Information: Fixed direction mismatches for block SAEDLVT14_AOI32_1 (LM-054)
Warning: Direction 'inout' for port VDD on saed14lvt_c/SAEDLVT14_AOI32_2/frame
        does not match expected value 'in' from saed14lvt_c/SAEDLVT14_AOI32_2/timing (NDM-032w)
Warning: Direction 'inout' for port VSS on saed14lvt_c/SAEDLVT14_AOI32_2/frame
        does not match expected value 'in' from saed14lvt_c/SAEDLVT14_AOI32_2/timing (NDM-032w)
Information: Fixed direction mismatches for block SAEDLVT14_AOI32_2 (LM-054)
Warning: Direction 'inout' for port VDD on saed14lvt_c/SAEDLVT14_AOI32_4/frame
        does not match expected value 'in' from saed14lvt_c/SAEDLVT14_AOI32_4/timing (NDM-032w)
Warning: Direction 'inout' for port VSS on saed14lvt_c/SAEDLVT14_AOI32_4/frame
        does not match expected value 'in' from saed14lvt_c/SAEDLVT14_AOI32_4/timing (NDM-032w)
Information: Fixed direction mismatches for block SAEDLVT14_AOI32_4 (LM-054)
Warning: Direction 'inout' for port VDD on saed14lvt_c/SAEDLVT14_AOI33_0P5/frame
        does not match expected value 'in' from saed14lvt_c/SAEDLVT14_AOI33_0P5/timing (NDM-032w)
Warning: Direction 'inout' for port VSS on saed14lvt_c/SAEDLVT14_AOI33_0P5/frame
        does not match expected value 'in' from saed14lvt_c/SAEDLVT14_AOI33_0P5/timing (NDM-032w)
Information: Fixed direction mismatches for block SAEDLVT14_AOI33_0P5 (LM-054)
Warning: Direction 'inout' for port VSS on saed14lvt_c/SAEDLVT14_AOI33_0P75/frame
        does not match expected value 'in' from saed14lvt_c/SAEDLVT14_AOI33_0P75/timing (NDM-032w)
Warning: Direction 'inout' for port VDD on saed14lvt_c/SAEDLVT14_AOI33_0P75/frame
        does not match expected value 'in' from saed14lvt_c/SAEDLVT14_AOI33_0P75/timing (NDM-032w)
Information: Fixed direction mismatches for block SAEDLVT14_AOI33_0P75 (LM-054)
Warning: Direction 'inout' for port VDD on saed14lvt_c/SAEDLVT14_AOI33_1/frame
        does not match expected value 'in' from saed14lvt_c/SAEDLVT14_AOI33_1/timing (NDM-032w)
Warning: Direction 'inout' for port VSS on saed14lvt_c/SAEDLVT14_AOI33_1/frame
        does not match expected value 'in' from saed14lvt_c/SAEDLVT14_AOI33_1/timing (NDM-032w)
Information: Fixed direction mismatches for block SAEDLVT14_AOI33_1 (LM-054)
Warning: Direction 'inout' for port VDD on saed14lvt_c/SAEDLVT14_AOI33_2/frame
        does not match expected value 'in' from saed14lvt_c/SAEDLVT14_AOI33_2/timing (NDM-032w)
Warning: Direction 'inout' for port VSS on saed14lvt_c/SAEDLVT14_AOI33_2/frame
        does not match expected value 'in' from saed14lvt_c/SAEDLVT14_AOI33_2/timing (NDM-032w)
Information: Fixed direction mismatches for block SAEDLVT14_AOI33_2 (LM-054)
Warning: Direction 'inout' for port VDD on saed14lvt_c/SAEDLVT14_AOI33_4/frame
        does not match expected value 'in' from saed14lvt_c/SAEDLVT14_AOI33_4/timing (NDM-032w)
Warning: Direction 'inout' for port VSS on saed14lvt_c/SAEDLVT14_AOI33_4/frame
        does not match expected value 'in' from saed14lvt_c/SAEDLVT14_AOI33_4/timing (NDM-032w)
Information: Fixed direction mismatches for block SAEDLVT14_AOI33_4 (LM-054)
Warning: Direction 'inout' for port VSS on saed14lvt_c/SAEDLVT14_BUF_10/frame
        does not match expected value 'in' from saed14lvt_c/SAEDLVT14_BUF_10/timing (NDM-032w)
Warning: Direction 'inout' for port VDD on saed14lvt_c/SAEDLVT14_BUF_10/frame
        does not match expected value 'in' from saed14lvt_c/SAEDLVT14_BUF_10/timing (NDM-032w)
Information: Fixed direction mismatches for block SAEDLVT14_BUF_10 (LM-054)
Warning: Direction 'inout' for port VSS on saed14lvt_c/SAEDLVT14_BUF_12/frame
        does not match expected value 'in' from saed14lvt_c/SAEDLVT14_BUF_12/timing (NDM-032w)
Warning: Direction 'inout' for port VDD on saed14lvt_c/SAEDLVT14_BUF_12/frame
        does not match expected value 'in' from saed14lvt_c/SAEDLVT14_BUF_12/timing (NDM-032w)
Information: Fixed direction mismatches for block SAEDLVT14_BUF_12 (LM-054)
Warning: Direction 'inout' for port VSS on saed14lvt_c/SAEDLVT14_BUF_16/frame
        does not match expected value 'in' from saed14lvt_c/SAEDLVT14_BUF_16/timing (NDM-032w)
Warning: Direction 'inout' for port VDD on saed14lvt_c/SAEDLVT14_BUF_16/frame
        does not match expected value 'in' from saed14lvt_c/SAEDLVT14_BUF_16/timing (NDM-032w)
Information: Fixed direction mismatches for block SAEDLVT14_BUF_16 (LM-054)
Warning: Direction 'inout' for port VSS on saed14lvt_c/SAEDLVT14_BUF_1P5/frame
        does not match expected value 'in' from saed14lvt_c/SAEDLVT14_BUF_1P5/timing (NDM-032w)
Warning: Direction 'inout' for port VDD on saed14lvt_c/SAEDLVT14_BUF_1P5/frame
        does not match expected value 'in' from saed14lvt_c/SAEDLVT14_BUF_1P5/timing (NDM-032w)
Information: Fixed direction mismatches for block SAEDLVT14_BUF_1P5 (LM-054)
Warning: Direction 'inout' for port VDD on saed14lvt_c/SAEDLVT14_BUF_1/frame
        does not match expected value 'in' from saed14lvt_c/SAEDLVT14_BUF_1/timing (NDM-032w)
Warning: Direction 'inout' for port VSS on saed14lvt_c/SAEDLVT14_BUF_1/frame
        does not match expected value 'in' from saed14lvt_c/SAEDLVT14_BUF_1/timing (NDM-032w)
Information: Fixed direction mismatches for block SAEDLVT14_BUF_1 (LM-054)
Warning: Direction 'inout' for port VSS on saed14lvt_c/SAEDLVT14_BUF_20/frame
        does not match expected value 'in' from saed14lvt_c/SAEDLVT14_BUF_20/timing (NDM-032w)
Warning: Direction 'inout' for port VDD on saed14lvt_c/SAEDLVT14_BUF_20/frame
        does not match expected value 'in' from saed14lvt_c/SAEDLVT14_BUF_20/timing (NDM-032w)
Information: Fixed direction mismatches for block SAEDLVT14_BUF_20 (LM-054)
Warning: Direction 'inout' for port VSS on saed14lvt_c/SAEDLVT14_BUF_2/frame
        does not match expected value 'in' from saed14lvt_c/SAEDLVT14_BUF_2/timing (NDM-032w)
Warning: Direction 'inout' for port VDD on saed14lvt_c/SAEDLVT14_BUF_2/frame
        does not match expected value 'in' from saed14lvt_c/SAEDLVT14_BUF_2/timing (NDM-032w)
Information: Fixed direction mismatches for block SAEDLVT14_BUF_2 (LM-054)
Warning: Direction 'inout' for port VSS on saed14lvt_c/SAEDLVT14_BUF_3/frame
        does not match expected value 'in' from saed14lvt_c/SAEDLVT14_BUF_3/timing (NDM-032w)
Warning: Direction 'inout' for port VDD on saed14lvt_c/SAEDLVT14_BUF_3/frame
        does not match expected value 'in' from saed14lvt_c/SAEDLVT14_BUF_3/timing (NDM-032w)
Information: Fixed direction mismatches for block SAEDLVT14_BUF_3 (LM-054)
Warning: Direction 'inout' for port VSS on saed14lvt_c/SAEDLVT14_BUF_4/frame
        does not match expected value 'in' from saed14lvt_c/SAEDLVT14_BUF_4/timing (NDM-032w)
Warning: Direction 'inout' for port VDD on saed14lvt_c/SAEDLVT14_BUF_4/frame
        does not match expected value 'in' from saed14lvt_c/SAEDLVT14_BUF_4/timing (NDM-032w)
Information: Fixed direction mismatches for block SAEDLVT14_BUF_4 (LM-054)
Warning: Direction 'inout' for port VSS on saed14lvt_c/SAEDLVT14_BUF_6/frame
        does not match expected value 'in' from saed14lvt_c/SAEDLVT14_BUF_6/timing (NDM-032w)
Warning: Direction 'inout' for port VDD on saed14lvt_c/SAEDLVT14_BUF_6/frame
        does not match expected value 'in' from saed14lvt_c/SAEDLVT14_BUF_6/timing (NDM-032w)
Information: Fixed direction mismatches for block SAEDLVT14_BUF_6 (LM-054)
Warning: Direction 'inout' for port VSS on saed14lvt_c/SAEDLVT14_BUF_8/frame
        does not match expected value 'in' from saed14lvt_c/SAEDLVT14_BUF_8/timing (NDM-032w)
Warning: Direction 'inout' for port VDD on saed14lvt_c/SAEDLVT14_BUF_8/frame
        does not match expected value 'in' from saed14lvt_c/SAEDLVT14_BUF_8/timing (NDM-032w)
Information: Fixed direction mismatches for block SAEDLVT14_BUF_8 (LM-054)
Warning: Direction 'inout' for port VSS on saed14lvt_c/SAEDLVT14_BUF_CDC_2/frame
        does not match expected value 'in' from saed14lvt_c/SAEDLVT14_BUF_CDC_2/timing (NDM-032w)
Warning: Direction 'inout' for port VDD on saed14lvt_c/SAEDLVT14_BUF_CDC_2/frame
        does not match expected value 'in' from saed14lvt_c/SAEDLVT14_BUF_CDC_2/timing (NDM-032w)
Information: Fixed direction mismatches for block SAEDLVT14_BUF_CDC_2 (LM-054)
Warning: Direction 'inout' for port VSS on saed14lvt_c/SAEDLVT14_BUF_CDC_4/frame
        does not match expected value 'in' from saed14lvt_c/SAEDLVT14_BUF_CDC_4/timing (NDM-032w)
Warning: Direction 'inout' for port VDD on saed14lvt_c/SAEDLVT14_BUF_CDC_4/frame
        does not match expected value 'in' from saed14lvt_c/SAEDLVT14_BUF_CDC_4/timing (NDM-032w)
Information: Fixed direction mismatches for block SAEDLVT14_BUF_CDC_4 (LM-054)
Warning: Direction 'inout' for port VDD on saed14lvt_c/SAEDLVT14_BUF_ECO_1/frame
        does not match expected value 'in' from saed14lvt_c/SAEDLVT14_BUF_ECO_1/timing (NDM-032w)
Warning: Direction 'inout' for port VSS on saed14lvt_c/SAEDLVT14_BUF_ECO_1/frame
        does not match expected value 'in' from saed14lvt_c/SAEDLVT14_BUF_ECO_1/timing (NDM-032w)
Information: Fixed direction mismatches for block SAEDLVT14_BUF_ECO_1 (LM-054)
Warning: Direction 'inout' for port VSS on saed14lvt_c/SAEDLVT14_BUF_ECO_2/frame
        does not match expected value 'in' from saed14lvt_c/SAEDLVT14_BUF_ECO_2/timing (NDM-032w)
Warning: Direction 'inout' for port VDD on saed14lvt_c/SAEDLVT14_BUF_ECO_2/frame
        does not match expected value 'in' from saed14lvt_c/SAEDLVT14_BUF_ECO_2/timing (NDM-032w)
Information: Fixed direction mismatches for block SAEDLVT14_BUF_ECO_2 (LM-054)
Warning: Direction 'inout' for port VDD on saed14lvt_c/SAEDLVT14_BUF_ECO_3/frame
        does not match expected value 'in' from saed14lvt_c/SAEDLVT14_BUF_ECO_3/timing (NDM-032w)
Warning: Direction 'inout' for port VSS on saed14lvt_c/SAEDLVT14_BUF_ECO_3/frame
        does not match expected value 'in' from saed14lvt_c/SAEDLVT14_BUF_ECO_3/timing (NDM-032w)
Information: Fixed direction mismatches for block SAEDLVT14_BUF_ECO_3 (LM-054)
Warning: Direction 'inout' for port VDD on saed14lvt_c/SAEDLVT14_BUF_ECO_4/frame
        does not match expected value 'in' from saed14lvt_c/SAEDLVT14_BUF_ECO_4/timing (NDM-032w)
Warning: Direction 'inout' for port VSS on saed14lvt_c/SAEDLVT14_BUF_ECO_4/frame
        does not match expected value 'in' from saed14lvt_c/SAEDLVT14_BUF_ECO_4/timing (NDM-032w)
Information: Fixed direction mismatches for block SAEDLVT14_BUF_ECO_4 (LM-054)
Warning: Direction 'inout' for port VSS on saed14lvt_c/SAEDLVT14_BUF_ECO_6/frame
        does not match expected value 'in' from saed14lvt_c/SAEDLVT14_BUF_ECO_6/timing (NDM-032w)
Warning: Direction 'inout' for port VDD on saed14lvt_c/SAEDLVT14_BUF_ECO_6/frame
        does not match expected value 'in' from saed14lvt_c/SAEDLVT14_BUF_ECO_6/timing (NDM-032w)
Information: Fixed direction mismatches for block SAEDLVT14_BUF_ECO_6 (LM-054)
Warning: Direction 'inout' for port VSS on saed14lvt_c/SAEDLVT14_BUF_ECO_7/frame
        does not match expected value 'in' from saed14lvt_c/SAEDLVT14_BUF_ECO_7/timing (NDM-032w)
Warning: Direction 'inout' for port VDD on saed14lvt_c/SAEDLVT14_BUF_ECO_7/frame
        does not match expected value 'in' from saed14lvt_c/SAEDLVT14_BUF_ECO_7/timing (NDM-032w)
Information: Fixed direction mismatches for block SAEDLVT14_BUF_ECO_7 (LM-054)
Warning: Direction 'inout' for port VDD on saed14lvt_c/SAEDLVT14_BUF_ECO_8/frame
        does not match expected value 'in' from saed14lvt_c/SAEDLVT14_BUF_ECO_8/timing (NDM-032w)
Warning: Direction 'inout' for port VSS on saed14lvt_c/SAEDLVT14_BUF_ECO_8/frame
        does not match expected value 'in' from saed14lvt_c/SAEDLVT14_BUF_ECO_8/timing (NDM-032w)
Information: Fixed direction mismatches for block SAEDLVT14_BUF_ECO_8 (LM-054)
Warning: Direction 'inout' for port VDD on saed14lvt_c/SAEDLVT14_BUF_S_0P5/frame
        does not match expected value 'in' from saed14lvt_c/SAEDLVT14_BUF_S_0P5/timing (NDM-032w)
Warning: Direction 'inout' for port VSS on saed14lvt_c/SAEDLVT14_BUF_S_0P5/frame
        does not match expected value 'in' from saed14lvt_c/SAEDLVT14_BUF_S_0P5/timing (NDM-032w)
Information: Fixed direction mismatches for block SAEDLVT14_BUF_S_0P5 (LM-054)
Warning: Direction 'inout' for port VDD on saed14lvt_c/SAEDLVT14_BUF_S_0P75/frame
        does not match expected value 'in' from saed14lvt_c/SAEDLVT14_BUF_S_0P75/timing (NDM-032w)
Warning: Direction 'inout' for port VSS on saed14lvt_c/SAEDLVT14_BUF_S_0P75/frame
        does not match expected value 'in' from saed14lvt_c/SAEDLVT14_BUF_S_0P75/timing (NDM-032w)
Information: Fixed direction mismatches for block SAEDLVT14_BUF_S_0P75 (LM-054)
Warning: Direction 'inout' for port VDD on saed14lvt_c/SAEDLVT14_BUF_S_10/frame
        does not match expected value 'in' from saed14lvt_c/SAEDLVT14_BUF_S_10/timing (NDM-032w)
Warning: Direction 'inout' for port VSS on saed14lvt_c/SAEDLVT14_BUF_S_10/frame
        does not match expected value 'in' from saed14lvt_c/SAEDLVT14_BUF_S_10/timing (NDM-032w)
Information: Fixed direction mismatches for block SAEDLVT14_BUF_S_10 (LM-054)
Warning: Direction 'inout' for port VDD on saed14lvt_c/SAEDLVT14_BUF_S_12/frame
        does not match expected value 'in' from saed14lvt_c/SAEDLVT14_BUF_S_12/timing (NDM-032w)
Warning: Direction 'inout' for port VSS on saed14lvt_c/SAEDLVT14_BUF_S_12/frame
        does not match expected value 'in' from saed14lvt_c/SAEDLVT14_BUF_S_12/timing (NDM-032w)
Information: Fixed direction mismatches for block SAEDLVT14_BUF_S_12 (LM-054)
Warning: Direction 'inout' for port VDD on saed14lvt_c/SAEDLVT14_BUF_S_16/frame
        does not match expected value 'in' from saed14lvt_c/SAEDLVT14_BUF_S_16/timing (NDM-032w)
Warning: Direction 'inout' for port VSS on saed14lvt_c/SAEDLVT14_BUF_S_16/frame
        does not match expected value 'in' from saed14lvt_c/SAEDLVT14_BUF_S_16/timing (NDM-032w)
Information: Fixed direction mismatches for block SAEDLVT14_BUF_S_16 (LM-054)
Warning: Direction 'inout' for port VSS on saed14lvt_c/SAEDLVT14_BUF_S_1P5/frame
        does not match expected value 'in' from saed14lvt_c/SAEDLVT14_BUF_S_1P5/timing (NDM-032w)
Warning: Direction 'inout' for port VDD on saed14lvt_c/SAEDLVT14_BUF_S_1P5/frame
        does not match expected value 'in' from saed14lvt_c/SAEDLVT14_BUF_S_1P5/timing (NDM-032w)
Information: Fixed direction mismatches for block SAEDLVT14_BUF_S_1P5 (LM-054)
Warning: Direction 'inout' for port VDD on saed14lvt_c/SAEDLVT14_BUF_S_1/frame
        does not match expected value 'in' from saed14lvt_c/SAEDLVT14_BUF_S_1/timing (NDM-032w)
Warning: Direction 'inout' for port VSS on saed14lvt_c/SAEDLVT14_BUF_S_1/frame
        does not match expected value 'in' from saed14lvt_c/SAEDLVT14_BUF_S_1/timing (NDM-032w)
Information: Fixed direction mismatches for block SAEDLVT14_BUF_S_1 (LM-054)
Warning: Direction 'inout' for port VDD on saed14lvt_c/SAEDLVT14_BUF_S_20/frame
        does not match expected value 'in' from saed14lvt_c/SAEDLVT14_BUF_S_20/timing (NDM-032w)
Warning: Direction 'inout' for port VSS on saed14lvt_c/SAEDLVT14_BUF_S_20/frame
        does not match expected value 'in' from saed14lvt_c/SAEDLVT14_BUF_S_20/timing (NDM-032w)
Information: Fixed direction mismatches for block SAEDLVT14_BUF_S_20 (LM-054)
Warning: Direction 'inout' for port VDD on saed14lvt_c/SAEDLVT14_BUF_S_2/frame
        does not match expected value 'in' from saed14lvt_c/SAEDLVT14_BUF_S_2/timing (NDM-032w)
Warning: Direction 'inout' for port VSS on saed14lvt_c/SAEDLVT14_BUF_S_2/frame
        does not match expected value 'in' from saed14lvt_c/SAEDLVT14_BUF_S_2/timing (NDM-032w)
Information: Fixed direction mismatches for block SAEDLVT14_BUF_S_2 (LM-054)
Warning: Direction 'inout' for port VSS on saed14lvt_c/SAEDLVT14_BUF_S_3/frame
        does not match expected value 'in' from saed14lvt_c/SAEDLVT14_BUF_S_3/timing (NDM-032w)
Warning: Direction 'inout' for port VDD on saed14lvt_c/SAEDLVT14_BUF_S_3/frame
        does not match expected value 'in' from saed14lvt_c/SAEDLVT14_BUF_S_3/timing (NDM-032w)
Information: Fixed direction mismatches for block SAEDLVT14_BUF_S_3 (LM-054)
Warning: Direction 'inout' for port VSS on saed14lvt_c/SAEDLVT14_BUF_S_4/frame
        does not match expected value 'in' from saed14lvt_c/SAEDLVT14_BUF_S_4/timing (NDM-032w)
Warning: Direction 'inout' for port VDD on saed14lvt_c/SAEDLVT14_BUF_S_4/frame
        does not match expected value 'in' from saed14lvt_c/SAEDLVT14_BUF_S_4/timing (NDM-032w)
Information: Fixed direction mismatches for block SAEDLVT14_BUF_S_4 (LM-054)
Warning: Direction 'inout' for port VSS on saed14lvt_c/SAEDLVT14_BUF_S_6/frame
        does not match expected value 'in' from saed14lvt_c/SAEDLVT14_BUF_S_6/timing (NDM-032w)
Warning: Direction 'inout' for port VDD on saed14lvt_c/SAEDLVT14_BUF_S_6/frame
        does not match expected value 'in' from saed14lvt_c/SAEDLVT14_BUF_S_6/timing (NDM-032w)
Information: Fixed direction mismatches for block SAEDLVT14_BUF_S_6 (LM-054)
Warning: Direction 'inout' for port VDD on saed14lvt_c/SAEDLVT14_BUF_S_8/frame
        does not match expected value 'in' from saed14lvt_c/SAEDLVT14_BUF_S_8/timing (NDM-032w)
Warning: Direction 'inout' for port VSS on saed14lvt_c/SAEDLVT14_BUF_S_8/frame
        does not match expected value 'in' from saed14lvt_c/SAEDLVT14_BUF_S_8/timing (NDM-032w)
Information: Fixed direction mismatches for block SAEDLVT14_BUF_S_8 (LM-054)
Warning: Direction 'inout' for port VDD on saed14lvt_c/SAEDLVT14_BUF_U_0P5/frame
        does not match expected value 'in' from saed14lvt_c/SAEDLVT14_BUF_U_0P5/timing (NDM-032w)
Warning: Direction 'inout' for port VSS on saed14lvt_c/SAEDLVT14_BUF_U_0P5/frame
        does not match expected value 'in' from saed14lvt_c/SAEDLVT14_BUF_U_0P5/timing (NDM-032w)
Information: Fixed direction mismatches for block SAEDLVT14_BUF_U_0P5 (LM-054)
Warning: Direction 'inout' for port VDD on saed14lvt_c/SAEDLVT14_BUF_U_0P75/frame
        does not match expected value 'in' from saed14lvt_c/SAEDLVT14_BUF_U_0P75/timing (NDM-032w)
Warning: Direction 'inout' for port VSS on saed14lvt_c/SAEDLVT14_BUF_U_0P75/frame
        does not match expected value 'in' from saed14lvt_c/SAEDLVT14_BUF_U_0P75/timing (NDM-032w)
Information: Fixed direction mismatches for block SAEDLVT14_BUF_U_0P75 (LM-054)
Warning: Direction 'inout' for port VDD on saed14lvt_c/SAEDLVT14_BUF_UCDC_0P5/frame
        does not match expected value 'in' from saed14lvt_c/SAEDLVT14_BUF_UCDC_0P5/timing (NDM-032w)
Warning: Direction 'inout' for port VSS on saed14lvt_c/SAEDLVT14_BUF_UCDC_0P5/frame
        does not match expected value 'in' from saed14lvt_c/SAEDLVT14_BUF_UCDC_0P5/timing (NDM-032w)
Information: Fixed direction mismatches for block SAEDLVT14_BUF_UCDC_0P5 (LM-054)
Warning: Direction 'inout' for port VDD on saed14lvt_c/SAEDLVT14_BUF_UCDC_1/frame
        does not match expected value 'in' from saed14lvt_c/SAEDLVT14_BUF_UCDC_1/timing (NDM-032w)
Warning: Direction 'inout' for port VSS on saed14lvt_c/SAEDLVT14_BUF_UCDC_1/frame
        does not match expected value 'in' from saed14lvt_c/SAEDLVT14_BUF_UCDC_1/timing (NDM-032w)
Information: Fixed direction mismatches for block SAEDLVT14_BUF_UCDC_1 (LM-054)
Warning: Direction 'inout' for port VSS on saed14lvt_c/SAEDLVT14_DCAP_ECO_12/frame
        does not match expected value 'in' from saed14lvt_c/SAEDLVT14_DCAP_ECO_12/timing (NDM-032w)
Warning: Direction 'inout' for port VDD on saed14lvt_c/SAEDLVT14_DCAP_ECO_12/frame
        does not match expected value 'in' from saed14lvt_c/SAEDLVT14_DCAP_ECO_12/timing (NDM-032w)
Information: Fixed direction mismatches for block SAEDLVT14_DCAP_ECO_12 (LM-054)
Warning: Direction 'inout' for port VSS on saed14lvt_c/SAEDLVT14_DCAP_ECO_15/frame
        does not match expected value 'in' from saed14lvt_c/SAEDLVT14_DCAP_ECO_15/timing (NDM-032w)
Warning: Direction 'inout' for port VDD on saed14lvt_c/SAEDLVT14_DCAP_ECO_15/frame
        does not match expected value 'in' from saed14lvt_c/SAEDLVT14_DCAP_ECO_15/timing (NDM-032w)
Information: Fixed direction mismatches for block SAEDLVT14_DCAP_ECO_15 (LM-054)
Warning: Direction 'inout' for port VSS on saed14lvt_c/SAEDLVT14_DCAP_ECO_18/frame
        does not match expected value 'in' from saed14lvt_c/SAEDLVT14_DCAP_ECO_18/timing (NDM-032w)
Warning: Direction 'inout' for port VDD on saed14lvt_c/SAEDLVT14_DCAP_ECO_18/frame
        does not match expected value 'in' from saed14lvt_c/SAEDLVT14_DCAP_ECO_18/timing (NDM-032w)
Information: Fixed direction mismatches for block SAEDLVT14_DCAP_ECO_18 (LM-054)
Warning: Direction 'inout' for port VSS on saed14lvt_c/SAEDLVT14_DCAP_ECO_6/frame
        does not match expected value 'in' from saed14lvt_c/SAEDLVT14_DCAP_ECO_6/timing (NDM-032w)
Warning: Direction 'inout' for port VDD on saed14lvt_c/SAEDLVT14_DCAP_ECO_6/frame
        does not match expected value 'in' from saed14lvt_c/SAEDLVT14_DCAP_ECO_6/timing (NDM-032w)
Information: Fixed direction mismatches for block SAEDLVT14_DCAP_ECO_6 (LM-054)
Warning: Direction 'inout' for port VDD on saed14lvt_c/SAEDLVT14_DCAP_ECO_9/frame
        does not match expected value 'in' from saed14lvt_c/SAEDLVT14_DCAP_ECO_9/timing (NDM-032w)
Warning: Direction 'inout' for port VSS on saed14lvt_c/SAEDLVT14_DCAP_ECO_9/frame
        does not match expected value 'in' from saed14lvt_c/SAEDLVT14_DCAP_ECO_9/timing (NDM-032w)
Information: Fixed direction mismatches for block SAEDLVT14_DCAP_ECO_9 (LM-054)
Warning: Direction 'inout' for port VSS on saed14lvt_c/SAEDLVT14_DCAP_V4_16/frame
        does not match expected value 'in' from saed14lvt_c/SAEDLVT14_DCAP_V4_16/timing (NDM-032w)
Warning: Direction 'inout' for port VDD on saed14lvt_c/SAEDLVT14_DCAP_V4_16/frame
        does not match expected value 'in' from saed14lvt_c/SAEDLVT14_DCAP_V4_16/timing (NDM-032w)
Information: Fixed direction mismatches for block SAEDLVT14_DCAP_V4_16 (LM-054)
Warning: Direction 'inout' for port VSS on saed14lvt_c/SAEDLVT14_DCAP_V4_32/frame
        does not match expected value 'in' from saed14lvt_c/SAEDLVT14_DCAP_V4_32/timing (NDM-032w)
Warning: Direction 'inout' for port VDD on saed14lvt_c/SAEDLVT14_DCAP_V4_32/frame
        does not match expected value 'in' from saed14lvt_c/SAEDLVT14_DCAP_V4_32/timing (NDM-032w)
Information: Fixed direction mismatches for block SAEDLVT14_DCAP_V4_32 (LM-054)
Warning: Direction 'inout' for port VSS on saed14lvt_c/SAEDLVT14_DCAP_V4_5/frame
        does not match expected value 'in' from saed14lvt_c/SAEDLVT14_DCAP_V4_5/timing (NDM-032w)
Warning: Direction 'inout' for port VDD on saed14lvt_c/SAEDLVT14_DCAP_V4_5/frame
        does not match expected value 'in' from saed14lvt_c/SAEDLVT14_DCAP_V4_5/timing (NDM-032w)
Information: Fixed direction mismatches for block SAEDLVT14_DCAP_V4_5 (LM-054)
Warning: Direction 'inout' for port VSS on saed14lvt_c/SAEDLVT14_DCAP_V4_64/frame
        does not match expected value 'in' from saed14lvt_c/SAEDLVT14_DCAP_V4_64/timing (NDM-032w)
Warning: Direction 'inout' for port VDD on saed14lvt_c/SAEDLVT14_DCAP_V4_64/frame
        does not match expected value 'in' from saed14lvt_c/SAEDLVT14_DCAP_V4_64/timing (NDM-032w)
Information: Fixed direction mismatches for block SAEDLVT14_DCAP_V4_64 (LM-054)
Warning: Direction 'inout' for port VSS on saed14lvt_c/SAEDLVT14_DCAP_V4_8/frame
        does not match expected value 'in' from saed14lvt_c/SAEDLVT14_DCAP_V4_8/timing (NDM-032w)
Warning: Direction 'inout' for port VDD on saed14lvt_c/SAEDLVT14_DCAP_V4_8/frame
        does not match expected value 'in' from saed14lvt_c/SAEDLVT14_DCAP_V4_8/timing (NDM-032w)
Information: Fixed direction mismatches for block SAEDLVT14_DCAP_V4_8 (LM-054)
Warning: Direction 'inout' for port VDD on saed14lvt_c/SAEDLVT14_DEL_L4D100_1/frame
        does not match expected value 'in' from saed14lvt_c/SAEDLVT14_DEL_L4D100_1/timing (NDM-032w)
Warning: Direction 'inout' for port VSS on saed14lvt_c/SAEDLVT14_DEL_L4D100_1/frame
        does not match expected value 'in' from saed14lvt_c/SAEDLVT14_DEL_L4D100_1/timing (NDM-032w)
Information: Fixed direction mismatches for block SAEDLVT14_DEL_L4D100_1 (LM-054)
Warning: Direction 'inout' for port VDD on saed14lvt_c/SAEDLVT14_DEL_L4D100_2/frame
        does not match expected value 'in' from saed14lvt_c/SAEDLVT14_DEL_L4D100_2/timing (NDM-032w)
Warning: Direction 'inout' for port VSS on saed14lvt_c/SAEDLVT14_DEL_L4D100_2/frame
        does not match expected value 'in' from saed14lvt_c/SAEDLVT14_DEL_L4D100_2/timing (NDM-032w)
Information: Fixed direction mismatches for block SAEDLVT14_DEL_L4D100_2 (LM-054)
Warning: Direction 'inout' for port VSS on saed14lvt_c/SAEDLVT14_DELPROGS4_12/frame
        does not match expected value 'in' from saed14lvt_c/SAEDLVT14_DELPROGS4_12/timing (NDM-032w)
Warning: Direction 'inout' for port VDD on saed14lvt_c/SAEDLVT14_DELPROGS4_12/frame
        does not match expected value 'in' from saed14lvt_c/SAEDLVT14_DELPROGS4_12/timing (NDM-032w)
Information: Fixed direction mismatches for block SAEDLVT14_DELPROGS4_12 (LM-054)
Warning: Direction 'inout' for port VDD on saed14lvt_c/SAEDLVT14_DELPROGS4_16/frame
        does not match expected value 'in' from saed14lvt_c/SAEDLVT14_DELPROGS4_16/timing (NDM-032w)
Warning: Direction 'inout' for port VSS on saed14lvt_c/SAEDLVT14_DELPROGS4_16/frame
        does not match expected value 'in' from saed14lvt_c/SAEDLVT14_DELPROGS4_16/timing (NDM-032w)
Information: Fixed direction mismatches for block SAEDLVT14_DELPROGS4_16 (LM-054)
Warning: Direction 'inout' for port VDD on saed14lvt_c/SAEDLVT14_DELPROGS4_4/frame
        does not match expected value 'in' from saed14lvt_c/SAEDLVT14_DELPROGS4_4/timing (NDM-032w)
Warning: Direction 'inout' for port VSS on saed14lvt_c/SAEDLVT14_DELPROGS4_4/frame
        does not match expected value 'in' from saed14lvt_c/SAEDLVT14_DELPROGS4_4/timing (NDM-032w)
Information: Fixed direction mismatches for block SAEDLVT14_DELPROGS4_4 (LM-054)
Warning: Direction 'inout' for port VSS on saed14lvt_c/SAEDLVT14_DELPROGS4_6/frame
        does not match expected value 'in' from saed14lvt_c/SAEDLVT14_DELPROGS4_6/timing (NDM-032w)
Warning: Direction 'inout' for port VDD on saed14lvt_c/SAEDLVT14_DELPROGS4_6/frame
        does not match expected value 'in' from saed14lvt_c/SAEDLVT14_DELPROGS4_6/timing (NDM-032w)
Information: Fixed direction mismatches for block SAEDLVT14_DELPROGS4_6 (LM-054)
Warning: Direction 'inout' for port VSS on saed14lvt_c/SAEDLVT14_DELPROGS4_8/frame
        does not match expected value 'in' from saed14lvt_c/SAEDLVT14_DELPROGS4_8/timing (NDM-032w)
Warning: Direction 'inout' for port VDD on saed14lvt_c/SAEDLVT14_DELPROGS4_8/frame
        does not match expected value 'in' from saed14lvt_c/SAEDLVT14_DELPROGS4_8/timing (NDM-032w)
Information: Fixed direction mismatches for block SAEDLVT14_DELPROGS4_8 (LM-054)
Warning: Direction 'inout' for port VSS on saed14lvt_c/SAEDLVT14_DELPROGS4_Y2_24/frame
        does not match expected value 'in' from saed14lvt_c/SAEDLVT14_DELPROGS4_Y2_24/timing (NDM-032w)
Warning: Direction 'inout' for port VDD on saed14lvt_c/SAEDLVT14_DELPROGS4_Y2_24/frame
        does not match expected value 'in' from saed14lvt_c/SAEDLVT14_DELPROGS4_Y2_24/timing (NDM-032w)
Information: Fixed direction mismatches for block SAEDLVT14_DELPROGS4_Y2_24 (LM-054)
Warning: Direction 'inout' for port VDD on saed14lvt_c/SAEDLVT14_DELPROGS9_V1_4/frame
        does not match expected value 'in' from saed14lvt_c/SAEDLVT14_DELPROGS9_V1_4/timing (NDM-032w)
Warning: Direction 'inout' for port VSS on saed14lvt_c/SAEDLVT14_DELPROGS9_V1_4/frame
        does not match expected value 'in' from saed14lvt_c/SAEDLVT14_DELPROGS9_V1_4/timing (NDM-032w)
Information: Fixed direction mismatches for block SAEDLVT14_DELPROGS9_V1_4 (LM-054)
Warning: Direction 'inout' for port VSS on saed14lvt_c/SAEDLVT14_DELPROGS9_V2_4/frame
        does not match expected value 'in' from saed14lvt_c/SAEDLVT14_DELPROGS9_V2_4/timing (NDM-032w)
Warning: Direction 'inout' for port VDD on saed14lvt_c/SAEDLVT14_DELPROGS9_V2_4/frame
        does not match expected value 'in' from saed14lvt_c/SAEDLVT14_DELPROGS9_V2_4/timing (NDM-032w)
Information: Fixed direction mismatches for block SAEDLVT14_DELPROGS9_V2_4 (LM-054)
Warning: Direction 'inout' for port VDD on saed14lvt_c/SAEDLVT14_DEL_R2V1_1/frame
        does not match expected value 'in' from saed14lvt_c/SAEDLVT14_DEL_R2V1_1/timing (NDM-032w)
Warning: Direction 'inout' for port VSS on saed14lvt_c/SAEDLVT14_DEL_R2V1_1/frame
        does not match expected value 'in' from saed14lvt_c/SAEDLVT14_DEL_R2V1_1/timing (NDM-032w)
Information: Fixed direction mismatches for block SAEDLVT14_DEL_R2V1_1 (LM-054)
Warning: Direction 'inout' for port VSS on saed14lvt_c/SAEDLVT14_DEL_R2V1_2/frame
        does not match expected value 'in' from saed14lvt_c/SAEDLVT14_DEL_R2V1_2/timing (NDM-032w)
Warning: Direction 'inout' for port VDD on saed14lvt_c/SAEDLVT14_DEL_R2V1_2/frame
        does not match expected value 'in' from saed14lvt_c/SAEDLVT14_DEL_R2V1_2/timing (NDM-032w)
Information: Fixed direction mismatches for block SAEDLVT14_DEL_R2V1_2 (LM-054)
Warning: Direction 'inout' for port VDD on saed14lvt_c/SAEDLVT14_DEL_R2V2_1/frame
        does not match expected value 'in' from saed14lvt_c/SAEDLVT14_DEL_R2V2_1/timing (NDM-032w)
Warning: Direction 'inout' for port VSS on saed14lvt_c/SAEDLVT14_DEL_R2V2_1/frame
        does not match expected value 'in' from saed14lvt_c/SAEDLVT14_DEL_R2V2_1/timing (NDM-032w)
Information: Fixed direction mismatches for block SAEDLVT14_DEL_R2V2_1 (LM-054)
Warning: Direction 'inout' for port VDD on saed14lvt_c/SAEDLVT14_DEL_R2V2_2/frame
        does not match expected value 'in' from saed14lvt_c/SAEDLVT14_DEL_R2V2_2/timing (NDM-032w)
Warning: Direction 'inout' for port VSS on saed14lvt_c/SAEDLVT14_DEL_R2V2_2/frame
        does not match expected value 'in' from saed14lvt_c/SAEDLVT14_DEL_R2V2_2/timing (NDM-032w)
Information: Fixed direction mismatches for block SAEDLVT14_DEL_R2V2_2 (LM-054)
Warning: Direction 'inout' for port VSS on saed14lvt_c/SAEDLVT14_DEL_R2V3_1/frame
        does not match expected value 'in' from saed14lvt_c/SAEDLVT14_DEL_R2V3_1/timing (NDM-032w)
Warning: Direction 'inout' for port VDD on saed14lvt_c/SAEDLVT14_DEL_R2V3_1/frame
        does not match expected value 'in' from saed14lvt_c/SAEDLVT14_DEL_R2V3_1/timing (NDM-032w)
Information: Fixed direction mismatches for block SAEDLVT14_DEL_R2V3_1 (LM-054)
Warning: Direction 'inout' for port VDD on saed14lvt_c/SAEDLVT14_DEL_R2V3_2/frame
        does not match expected value 'in' from saed14lvt_c/SAEDLVT14_DEL_R2V3_2/timing (NDM-032w)
Warning: Direction 'inout' for port VSS on saed14lvt_c/SAEDLVT14_DEL_R2V3_2/frame
        does not match expected value 'in' from saed14lvt_c/SAEDLVT14_DEL_R2V3_2/timing (NDM-032w)
Information: Fixed direction mismatches for block SAEDLVT14_DEL_R2V3_2 (LM-054)
Warning: Direction 'inout' for port VDD on saed14lvt_c/SAEDLVT14_EN2_0P5/frame
        does not match expected value 'in' from saed14lvt_c/SAEDLVT14_EN2_0P5/timing (NDM-032w)
Warning: Direction 'inout' for port VSS on saed14lvt_c/SAEDLVT14_EN2_0P5/frame
        does not match expected value 'in' from saed14lvt_c/SAEDLVT14_EN2_0P5/timing (NDM-032w)
Information: Fixed direction mismatches for block SAEDLVT14_EN2_0P5 (LM-054)
Warning: Direction 'inout' for port VSS on saed14lvt_c/SAEDLVT14_EN2_1P5/frame
        does not match expected value 'in' from saed14lvt_c/SAEDLVT14_EN2_1P5/timing (NDM-032w)
Warning: Direction 'inout' for port VDD on saed14lvt_c/SAEDLVT14_EN2_1P5/frame
        does not match expected value 'in' from saed14lvt_c/SAEDLVT14_EN2_1P5/timing (NDM-032w)
Information: Fixed direction mismatches for block SAEDLVT14_EN2_1P5 (LM-054)
Warning: Direction 'inout' for port VDD on saed14lvt_c/SAEDLVT14_EN2_1/frame
        does not match expected value 'in' from saed14lvt_c/SAEDLVT14_EN2_1/timing (NDM-032w)
Warning: Direction 'inout' for port VSS on saed14lvt_c/SAEDLVT14_EN2_1/frame
        does not match expected value 'in' from saed14lvt_c/SAEDLVT14_EN2_1/timing (NDM-032w)
Information: Fixed direction mismatches for block SAEDLVT14_EN2_1 (LM-054)
Warning: Direction 'inout' for port VSS on saed14lvt_c/SAEDLVT14_EN2_2/frame
        does not match expected value 'in' from saed14lvt_c/SAEDLVT14_EN2_2/timing (NDM-032w)
Warning: Direction 'inout' for port VDD on saed14lvt_c/SAEDLVT14_EN2_2/frame
        does not match expected value 'in' from saed14lvt_c/SAEDLVT14_EN2_2/timing (NDM-032w)
Information: Fixed direction mismatches for block SAEDLVT14_EN2_2 (LM-054)
Warning: Direction 'inout' for port VDD on saed14lvt_c/SAEDLVT14_EN2_3/frame
        does not match expected value 'in' from saed14lvt_c/SAEDLVT14_EN2_3/timing (NDM-032w)
Warning: Direction 'inout' for port VSS on saed14lvt_c/SAEDLVT14_EN2_3/frame
        does not match expected value 'in' from saed14lvt_c/SAEDLVT14_EN2_3/timing (NDM-032w)
Information: Fixed direction mismatches for block SAEDLVT14_EN2_3 (LM-054)
Warning: Direction 'inout' for port VSS on saed14lvt_c/SAEDLVT14_EN2_4/frame
        does not match expected value 'in' from saed14lvt_c/SAEDLVT14_EN2_4/timing (NDM-032w)
Warning: Direction 'inout' for port VDD on saed14lvt_c/SAEDLVT14_EN2_4/frame
        does not match expected value 'in' from saed14lvt_c/SAEDLVT14_EN2_4/timing (NDM-032w)
Information: Fixed direction mismatches for block SAEDLVT14_EN2_4 (LM-054)
Warning: Direction 'inout' for port VSS on saed14lvt_c/SAEDLVT14_EN2_ECO_1/frame
        does not match expected value 'in' from saed14lvt_c/SAEDLVT14_EN2_ECO_1/timing (NDM-032w)
Warning: Direction 'inout' for port VDD on saed14lvt_c/SAEDLVT14_EN2_ECO_1/frame
        does not match expected value 'in' from saed14lvt_c/SAEDLVT14_EN2_ECO_1/timing (NDM-032w)
Information: Fixed direction mismatches for block SAEDLVT14_EN2_ECO_1 (LM-054)
Warning: Direction 'inout' for port VDD on saed14lvt_c/SAEDLVT14_EN2_V1_0P75/frame
        does not match expected value 'in' from saed14lvt_c/SAEDLVT14_EN2_V1_0P75/timing (NDM-032w)
Warning: Direction 'inout' for port VSS on saed14lvt_c/SAEDLVT14_EN2_V1_0P75/frame
        does not match expected value 'in' from saed14lvt_c/SAEDLVT14_EN2_V1_0P75/timing (NDM-032w)
Information: Fixed direction mismatches for block SAEDLVT14_EN2_V1_0P75 (LM-054)
Warning: Direction 'inout' for port VDD on saed14lvt_c/SAEDLVT14_EN2_V1_1P5/frame
        does not match expected value 'in' from saed14lvt_c/SAEDLVT14_EN2_V1_1P5/timing (NDM-032w)
Warning: Direction 'inout' for port VSS on saed14lvt_c/SAEDLVT14_EN2_V1_1P5/frame
        does not match expected value 'in' from saed14lvt_c/SAEDLVT14_EN2_V1_1P5/timing (NDM-032w)
Information: Fixed direction mismatches for block SAEDLVT14_EN2_V1_1P5 (LM-054)
Warning: Direction 'inout' for port VDD on saed14lvt_c/SAEDLVT14_EN3_1/frame
        does not match expected value 'in' from saed14lvt_c/SAEDLVT14_EN3_1/timing (NDM-032w)
Warning: Direction 'inout' for port VSS on saed14lvt_c/SAEDLVT14_EN3_1/frame
        does not match expected value 'in' from saed14lvt_c/SAEDLVT14_EN3_1/timing (NDM-032w)
Information: Fixed direction mismatches for block SAEDLVT14_EN3_1 (LM-054)
Warning: Direction 'inout' for port VDD on saed14lvt_c/SAEDLVT14_EN3_2/frame
        does not match expected value 'in' from saed14lvt_c/SAEDLVT14_EN3_2/timing (NDM-032w)
Warning: Direction 'inout' for port VSS on saed14lvt_c/SAEDLVT14_EN3_2/frame
        does not match expected value 'in' from saed14lvt_c/SAEDLVT14_EN3_2/timing (NDM-032w)
Information: Fixed direction mismatches for block SAEDLVT14_EN3_2 (LM-054)
Warning: Direction 'inout' for port VDD on saed14lvt_c/SAEDLVT14_EN3_3/frame
        does not match expected value 'in' from saed14lvt_c/SAEDLVT14_EN3_3/timing (NDM-032w)
Warning: Direction 'inout' for port VSS on saed14lvt_c/SAEDLVT14_EN3_3/frame
        does not match expected value 'in' from saed14lvt_c/SAEDLVT14_EN3_3/timing (NDM-032w)
Information: Fixed direction mismatches for block SAEDLVT14_EN3_3 (LM-054)
Warning: Direction 'inout' for port VDD on saed14lvt_c/SAEDLVT14_EN3_U_0P5/frame
        does not match expected value 'in' from saed14lvt_c/SAEDLVT14_EN3_U_0P5/timing (NDM-032w)
Warning: Direction 'inout' for port VSS on saed14lvt_c/SAEDLVT14_EN3_U_0P5/frame
        does not match expected value 'in' from saed14lvt_c/SAEDLVT14_EN3_U_0P5/timing (NDM-032w)
Information: Fixed direction mismatches for block SAEDLVT14_EN3_U_0P5 (LM-054)
Warning: Direction 'inout' for port VDD on saed14lvt_c/SAEDLVT14_EN4_2/frame
        does not match expected value 'in' from saed14lvt_c/SAEDLVT14_EN4_2/timing (NDM-032w)
Warning: Direction 'inout' for port VSS on saed14lvt_c/SAEDLVT14_EN4_2/frame
        does not match expected value 'in' from saed14lvt_c/SAEDLVT14_EN4_2/timing (NDM-032w)
Information: Fixed direction mismatches for block SAEDLVT14_EN4_2 (LM-054)
Warning: Direction 'inout' for port VSS on saed14lvt_c/SAEDLVT14_EN4_4/frame
        does not match expected value 'in' from saed14lvt_c/SAEDLVT14_EN4_4/timing (NDM-032w)
Warning: Direction 'inout' for port VDD on saed14lvt_c/SAEDLVT14_EN4_4/frame
        does not match expected value 'in' from saed14lvt_c/SAEDLVT14_EN4_4/timing (NDM-032w)
Information: Fixed direction mismatches for block SAEDLVT14_EN4_4 (LM-054)
Warning: Direction 'inout' for port VSS on saed14lvt_c/SAEDLVT14_EN4_M_1/frame
        does not match expected value 'in' from saed14lvt_c/SAEDLVT14_EN4_M_1/timing (NDM-032w)
Warning: Direction 'inout' for port VDD on saed14lvt_c/SAEDLVT14_EN4_M_1/frame
        does not match expected value 'in' from saed14lvt_c/SAEDLVT14_EN4_M_1/timing (NDM-032w)
Information: Fixed direction mismatches for block SAEDLVT14_EN4_M_1 (LM-054)
Warning: Direction 'inout' for port VSS on saed14lvt_c/SAEDLVT14_EN4_U_0P5/frame
        does not match expected value 'in' from saed14lvt_c/SAEDLVT14_EN4_U_0P5/timing (NDM-032w)
Warning: Direction 'inout' for port VDD on saed14lvt_c/SAEDLVT14_EN4_U_0P5/frame
        does not match expected value 'in' from saed14lvt_c/SAEDLVT14_EN4_U_0P5/timing (NDM-032w)
Information: Fixed direction mismatches for block SAEDLVT14_EN4_U_0P5 (LM-054)
Warning: Direction 'inout' for port VSS on saed14lvt_c/SAEDLVT14_EO2_0P5/frame
        does not match expected value 'in' from saed14lvt_c/SAEDLVT14_EO2_0P5/timing (NDM-032w)
Warning: Direction 'inout' for port VDD on saed14lvt_c/SAEDLVT14_EO2_0P5/frame
        does not match expected value 'in' from saed14lvt_c/SAEDLVT14_EO2_0P5/timing (NDM-032w)
Information: Fixed direction mismatches for block SAEDLVT14_EO2_0P5 (LM-054)
Warning: Direction 'inout' for port VSS on saed14lvt_c/SAEDLVT14_EO2_1P5/frame
        does not match expected value 'in' from saed14lvt_c/SAEDLVT14_EO2_1P5/timing (NDM-032w)
Warning: Direction 'inout' for port VDD on saed14lvt_c/SAEDLVT14_EO2_1P5/frame
        does not match expected value 'in' from saed14lvt_c/SAEDLVT14_EO2_1P5/timing (NDM-032w)
Information: Fixed direction mismatches for block SAEDLVT14_EO2_1P5 (LM-054)
Warning: Direction 'inout' for port VSS on saed14lvt_c/SAEDLVT14_EO2_1/frame
        does not match expected value 'in' from saed14lvt_c/SAEDLVT14_EO2_1/timing (NDM-032w)
Warning: Direction 'inout' for port VDD on saed14lvt_c/SAEDLVT14_EO2_1/frame
        does not match expected value 'in' from saed14lvt_c/SAEDLVT14_EO2_1/timing (NDM-032w)
Information: Fixed direction mismatches for block SAEDLVT14_EO2_1 (LM-054)
Warning: Direction 'inout' for port VSS on saed14lvt_c/SAEDLVT14_EO2_2/frame
        does not match expected value 'in' from saed14lvt_c/SAEDLVT14_EO2_2/timing (NDM-032w)
Warning: Direction 'inout' for port VDD on saed14lvt_c/SAEDLVT14_EO2_2/frame
        does not match expected value 'in' from saed14lvt_c/SAEDLVT14_EO2_2/timing (NDM-032w)
Information: Fixed direction mismatches for block SAEDLVT14_EO2_2 (LM-054)
Warning: Direction 'inout' for port VDD on saed14lvt_c/SAEDLVT14_EO2_3/frame
        does not match expected value 'in' from saed14lvt_c/SAEDLVT14_EO2_3/timing (NDM-032w)
Warning: Direction 'inout' for port VSS on saed14lvt_c/SAEDLVT14_EO2_3/frame
        does not match expected value 'in' from saed14lvt_c/SAEDLVT14_EO2_3/timing (NDM-032w)
Information: Fixed direction mismatches for block SAEDLVT14_EO2_3 (LM-054)
Warning: Direction 'inout' for port VDD on saed14lvt_c/SAEDLVT14_EO2_4/frame
        does not match expected value 'in' from saed14lvt_c/SAEDLVT14_EO2_4/timing (NDM-032w)
Warning: Direction 'inout' for port VSS on saed14lvt_c/SAEDLVT14_EO2_4/frame
        does not match expected value 'in' from saed14lvt_c/SAEDLVT14_EO2_4/timing (NDM-032w)
Information: Fixed direction mismatches for block SAEDLVT14_EO2_4 (LM-054)
Warning: Direction 'inout' for port VSS on saed14lvt_c/SAEDLVT14_EO2_ECO_1/frame
        does not match expected value 'in' from saed14lvt_c/SAEDLVT14_EO2_ECO_1/timing (NDM-032w)
Warning: Direction 'inout' for port VDD on saed14lvt_c/SAEDLVT14_EO2_ECO_1/frame
        does not match expected value 'in' from saed14lvt_c/SAEDLVT14_EO2_ECO_1/timing (NDM-032w)
Information: Fixed direction mismatches for block SAEDLVT14_EO2_ECO_1 (LM-054)
Warning: Direction 'inout' for port VSS on saed14lvt_c/SAEDLVT14_EO2_MM_0P5/frame
        does not match expected value 'in' from saed14lvt_c/SAEDLVT14_EO2_MM_0P5/timing (NDM-032w)
Warning: Direction 'inout' for port VDD on saed14lvt_c/SAEDLVT14_EO2_MM_0P5/frame
        does not match expected value 'in' from saed14lvt_c/SAEDLVT14_EO2_MM_0P5/timing (NDM-032w)
Information: Fixed direction mismatches for block SAEDLVT14_EO2_MM_0P5 (LM-054)
Warning: Direction 'inout' for port VSS on saed14lvt_c/SAEDLVT14_EO2_MM_1/frame
        does not match expected value 'in' from saed14lvt_c/SAEDLVT14_EO2_MM_1/timing (NDM-032w)
Warning: Direction 'inout' for port VDD on saed14lvt_c/SAEDLVT14_EO2_MM_1/frame
        does not match expected value 'in' from saed14lvt_c/SAEDLVT14_EO2_MM_1/timing (NDM-032w)
Information: Fixed direction mismatches for block SAEDLVT14_EO2_MM_1 (LM-054)
Warning: Direction 'inout' for port VSS on saed14lvt_c/SAEDLVT14_EO2_MM_2/frame
        does not match expected value 'in' from saed14lvt_c/SAEDLVT14_EO2_MM_2/timing (NDM-032w)
Warning: Direction 'inout' for port VDD on saed14lvt_c/SAEDLVT14_EO2_MM_2/frame
        does not match expected value 'in' from saed14lvt_c/SAEDLVT14_EO2_MM_2/timing (NDM-032w)
Information: Fixed direction mismatches for block SAEDLVT14_EO2_MM_2 (LM-054)
Warning: Direction 'inout' for port VSS on saed14lvt_c/SAEDLVT14_EO2_MM_4/frame
        does not match expected value 'in' from saed14lvt_c/SAEDLVT14_EO2_MM_4/timing (NDM-032w)
Warning: Direction 'inout' for port VDD on saed14lvt_c/SAEDLVT14_EO2_MM_4/frame
        does not match expected value 'in' from saed14lvt_c/SAEDLVT14_EO2_MM_4/timing (NDM-032w)
Information: Fixed direction mismatches for block SAEDLVT14_EO2_MM_4 (LM-054)
Warning: Direction 'inout' for port VDD on saed14lvt_c/SAEDLVT14_EO2_V1_0P75/frame
        does not match expected value 'in' from saed14lvt_c/SAEDLVT14_EO2_V1_0P75/timing (NDM-032w)
Warning: Direction 'inout' for port VSS on saed14lvt_c/SAEDLVT14_EO2_V1_0P75/frame
        does not match expected value 'in' from saed14lvt_c/SAEDLVT14_EO2_V1_0P75/timing (NDM-032w)
Information: Fixed direction mismatches for block SAEDLVT14_EO2_V1_0P75 (LM-054)
Warning: Direction 'inout' for port VDD on saed14lvt_c/SAEDLVT14_EO2_V1_1P5/frame
        does not match expected value 'in' from saed14lvt_c/SAEDLVT14_EO2_V1_1P5/timing (NDM-032w)
Warning: Direction 'inout' for port VSS on saed14lvt_c/SAEDLVT14_EO2_V1_1P5/frame
        does not match expected value 'in' from saed14lvt_c/SAEDLVT14_EO2_V1_1P5/timing (NDM-032w)
Information: Fixed direction mismatches for block SAEDLVT14_EO2_V1_1P5 (LM-054)
Warning: Direction 'inout' for port VSS on saed14lvt_c/SAEDLVT14_EO3_0P5/frame
        does not match expected value 'in' from saed14lvt_c/SAEDLVT14_EO3_0P5/timing (NDM-032w)
Warning: Direction 'inout' for port VDD on saed14lvt_c/SAEDLVT14_EO3_0P5/frame
        does not match expected value 'in' from saed14lvt_c/SAEDLVT14_EO3_0P5/timing (NDM-032w)
Information: Fixed direction mismatches for block SAEDLVT14_EO3_0P5 (LM-054)
Warning: Direction 'inout' for port VSS on saed14lvt_c/SAEDLVT14_EO3_1/frame
        does not match expected value 'in' from saed14lvt_c/SAEDLVT14_EO3_1/timing (NDM-032w)
Warning: Direction 'inout' for port VDD on saed14lvt_c/SAEDLVT14_EO3_1/frame
        does not match expected value 'in' from saed14lvt_c/SAEDLVT14_EO3_1/timing (NDM-032w)
Information: Fixed direction mismatches for block SAEDLVT14_EO3_1 (LM-054)
Warning: Direction 'inout' for port VSS on saed14lvt_c/SAEDLVT14_EO3_2/frame
        does not match expected value 'in' from saed14lvt_c/SAEDLVT14_EO3_2/timing (NDM-032w)
Warning: Direction 'inout' for port VDD on saed14lvt_c/SAEDLVT14_EO3_2/frame
        does not match expected value 'in' from saed14lvt_c/SAEDLVT14_EO3_2/timing (NDM-032w)
Information: Fixed direction mismatches for block SAEDLVT14_EO3_2 (LM-054)
Warning: Direction 'inout' for port VDD on saed14lvt_c/SAEDLVT14_EO3_4/frame
        does not match expected value 'in' from saed14lvt_c/SAEDLVT14_EO3_4/timing (NDM-032w)
Warning: Direction 'inout' for port VSS on saed14lvt_c/SAEDLVT14_EO3_4/frame
        does not match expected value 'in' from saed14lvt_c/SAEDLVT14_EO3_4/timing (NDM-032w)
Information: Fixed direction mismatches for block SAEDLVT14_EO3_4 (LM-054)
Warning: Direction 'inout' for port VSS on saed14lvt_c/SAEDLVT14_EO4_1/frame
        does not match expected value 'in' from saed14lvt_c/SAEDLVT14_EO4_1/timing (NDM-032w)
Warning: Direction 'inout' for port VDD on saed14lvt_c/SAEDLVT14_EO4_1/frame
        does not match expected value 'in' from saed14lvt_c/SAEDLVT14_EO4_1/timing (NDM-032w)
Information: Fixed direction mismatches for block SAEDLVT14_EO4_1 (LM-054)
Warning: Direction 'inout' for port VSS on saed14lvt_c/SAEDLVT14_EO4_2/frame
        does not match expected value 'in' from saed14lvt_c/SAEDLVT14_EO4_2/timing (NDM-032w)
Warning: Direction 'inout' for port VDD on saed14lvt_c/SAEDLVT14_EO4_2/frame
        does not match expected value 'in' from saed14lvt_c/SAEDLVT14_EO4_2/timing (NDM-032w)
Information: Fixed direction mismatches for block SAEDLVT14_EO4_2 (LM-054)
Warning: Direction 'inout' for port VSS on saed14lvt_c/SAEDLVT14_EO4_4/frame
        does not match expected value 'in' from saed14lvt_c/SAEDLVT14_EO4_4/timing (NDM-032w)
Warning: Direction 'inout' for port VDD on saed14lvt_c/SAEDLVT14_EO4_4/frame
        does not match expected value 'in' from saed14lvt_c/SAEDLVT14_EO4_4/timing (NDM-032w)
Information: Fixed direction mismatches for block SAEDLVT14_EO4_4 (LM-054)
Warning: Direction 'inout' for port VSS on saed14lvt_c/SAEDLVT14_EO4_U_0P5/frame
        does not match expected value 'in' from saed14lvt_c/SAEDLVT14_EO4_U_0P5/timing (NDM-032w)
Warning: Direction 'inout' for port VDD on saed14lvt_c/SAEDLVT14_EO4_U_0P5/frame
        does not match expected value 'in' from saed14lvt_c/SAEDLVT14_EO4_U_0P5/timing (NDM-032w)
Information: Fixed direction mismatches for block SAEDLVT14_EO4_U_0P5 (LM-054)
Warning: Direction 'inout' for port VDD on saed14lvt_c/SAEDLVT14_INV_0P5/frame
        does not match expected value 'in' from saed14lvt_c/SAEDLVT14_INV_0P5/timing (NDM-032w)
Warning: Direction 'inout' for port VSS on saed14lvt_c/SAEDLVT14_INV_0P5/frame
        does not match expected value 'in' from saed14lvt_c/SAEDLVT14_INV_0P5/timing (NDM-032w)
Information: Fixed direction mismatches for block SAEDLVT14_INV_0P5 (LM-054)
Warning: Direction 'inout' for port VSS on saed14lvt_c/SAEDLVT14_INV_0P75/frame
        does not match expected value 'in' from saed14lvt_c/SAEDLVT14_INV_0P75/timing (NDM-032w)
Warning: Direction 'inout' for port VDD on saed14lvt_c/SAEDLVT14_INV_0P75/frame
        does not match expected value 'in' from saed14lvt_c/SAEDLVT14_INV_0P75/timing (NDM-032w)
Information: Fixed direction mismatches for block SAEDLVT14_INV_0P75 (LM-054)
Warning: Direction 'inout' for port VDD on saed14lvt_c/SAEDLVT14_INV_10/frame
        does not match expected value 'in' from saed14lvt_c/SAEDLVT14_INV_10/timing (NDM-032w)
Warning: Direction 'inout' for port VSS on saed14lvt_c/SAEDLVT14_INV_10/frame
        does not match expected value 'in' from saed14lvt_c/SAEDLVT14_INV_10/timing (NDM-032w)
Information: Fixed direction mismatches for block SAEDLVT14_INV_10 (LM-054)
Warning: Direction 'inout' for port VDD on saed14lvt_c/SAEDLVT14_INV_12/frame
        does not match expected value 'in' from saed14lvt_c/SAEDLVT14_INV_12/timing (NDM-032w)
Warning: Direction 'inout' for port VSS on saed14lvt_c/SAEDLVT14_INV_12/frame
        does not match expected value 'in' from saed14lvt_c/SAEDLVT14_INV_12/timing (NDM-032w)
Information: Fixed direction mismatches for block SAEDLVT14_INV_12 (LM-054)
Warning: Direction 'inout' for port VSS on saed14lvt_c/SAEDLVT14_INV_16/frame
        does not match expected value 'in' from saed14lvt_c/SAEDLVT14_INV_16/timing (NDM-032w)
Warning: Direction 'inout' for port VDD on saed14lvt_c/SAEDLVT14_INV_16/frame
        does not match expected value 'in' from saed14lvt_c/SAEDLVT14_INV_16/timing (NDM-032w)
Information: Fixed direction mismatches for block SAEDLVT14_INV_16 (LM-054)
Warning: Direction 'inout' for port VSS on saed14lvt_c/SAEDLVT14_INV_1P5/frame
        does not match expected value 'in' from saed14lvt_c/SAEDLVT14_INV_1P5/timing (NDM-032w)
Warning: Direction 'inout' for port VDD on saed14lvt_c/SAEDLVT14_INV_1P5/frame
        does not match expected value 'in' from saed14lvt_c/SAEDLVT14_INV_1P5/timing (NDM-032w)
Information: Fixed direction mismatches for block SAEDLVT14_INV_1P5 (LM-054)
Warning: Direction 'inout' for port VSS on saed14lvt_c/SAEDLVT14_INV_1/frame
        does not match expected value 'in' from saed14lvt_c/SAEDLVT14_INV_1/timing (NDM-032w)
Warning: Direction 'inout' for port VDD on saed14lvt_c/SAEDLVT14_INV_1/frame
        does not match expected value 'in' from saed14lvt_c/SAEDLVT14_INV_1/timing (NDM-032w)
Information: Fixed direction mismatches for block SAEDLVT14_INV_1 (LM-054)
Warning: Direction 'inout' for port VDD on saed14lvt_c/SAEDLVT14_INV_20/frame
        does not match expected value 'in' from saed14lvt_c/SAEDLVT14_INV_20/timing (NDM-032w)
Warning: Direction 'inout' for port VSS on saed14lvt_c/SAEDLVT14_INV_20/frame
        does not match expected value 'in' from saed14lvt_c/SAEDLVT14_INV_20/timing (NDM-032w)
Information: Fixed direction mismatches for block SAEDLVT14_INV_20 (LM-054)
Warning: Direction 'inout' for port VSS on saed14lvt_c/SAEDLVT14_INV_2/frame
        does not match expected value 'in' from saed14lvt_c/SAEDLVT14_INV_2/timing (NDM-032w)
Warning: Direction 'inout' for port VDD on saed14lvt_c/SAEDLVT14_INV_2/frame
        does not match expected value 'in' from saed14lvt_c/SAEDLVT14_INV_2/timing (NDM-032w)
Information: Fixed direction mismatches for block SAEDLVT14_INV_2 (LM-054)
Warning: Direction 'inout' for port VDD on saed14lvt_c/SAEDLVT14_INV_3/frame
        does not match expected value 'in' from saed14lvt_c/SAEDLVT14_INV_3/timing (NDM-032w)
Warning: Direction 'inout' for port VSS on saed14lvt_c/SAEDLVT14_INV_3/frame
        does not match expected value 'in' from saed14lvt_c/SAEDLVT14_INV_3/timing (NDM-032w)
Information: Fixed direction mismatches for block SAEDLVT14_INV_3 (LM-054)
Warning: Direction 'inout' for port VDD on saed14lvt_c/SAEDLVT14_INV_4/frame
        does not match expected value 'in' from saed14lvt_c/SAEDLVT14_INV_4/timing (NDM-032w)
Warning: Direction 'inout' for port VSS on saed14lvt_c/SAEDLVT14_INV_4/frame
        does not match expected value 'in' from saed14lvt_c/SAEDLVT14_INV_4/timing (NDM-032w)
Information: Fixed direction mismatches for block SAEDLVT14_INV_4 (LM-054)
Warning: Direction 'inout' for port VDD on saed14lvt_c/SAEDLVT14_INV_6/frame
        does not match expected value 'in' from saed14lvt_c/SAEDLVT14_INV_6/timing (NDM-032w)
Warning: Direction 'inout' for port VSS on saed14lvt_c/SAEDLVT14_INV_6/frame
        does not match expected value 'in' from saed14lvt_c/SAEDLVT14_INV_6/timing (NDM-032w)
Information: Fixed direction mismatches for block SAEDLVT14_INV_6 (LM-054)
Warning: Direction 'inout' for port VDD on saed14lvt_c/SAEDLVT14_INV_8/frame
        does not match expected value 'in' from saed14lvt_c/SAEDLVT14_INV_8/timing (NDM-032w)
Warning: Direction 'inout' for port VSS on saed14lvt_c/SAEDLVT14_INV_8/frame
        does not match expected value 'in' from saed14lvt_c/SAEDLVT14_INV_8/timing (NDM-032w)
Information: Fixed direction mismatches for block SAEDLVT14_INV_8 (LM-054)
Warning: Direction 'inout' for port VSS on saed14lvt_c/SAEDLVT14_INV_ECO_1/frame
        does not match expected value 'in' from saed14lvt_c/SAEDLVT14_INV_ECO_1/timing (NDM-032w)
Warning: Direction 'inout' for port VDD on saed14lvt_c/SAEDLVT14_INV_ECO_1/frame
        does not match expected value 'in' from saed14lvt_c/SAEDLVT14_INV_ECO_1/timing (NDM-032w)
Information: Fixed direction mismatches for block SAEDLVT14_INV_ECO_1 (LM-054)
Warning: Direction 'inout' for port VDD on saed14lvt_c/SAEDLVT14_INV_ECO_2/frame
        does not match expected value 'in' from saed14lvt_c/SAEDLVT14_INV_ECO_2/timing (NDM-032w)
Warning: Direction 'inout' for port VSS on saed14lvt_c/SAEDLVT14_INV_ECO_2/frame
        does not match expected value 'in' from saed14lvt_c/SAEDLVT14_INV_ECO_2/timing (NDM-032w)
Information: Fixed direction mismatches for block SAEDLVT14_INV_ECO_2 (LM-054)
Warning: Direction 'inout' for port VDD on saed14lvt_c/SAEDLVT14_INV_ECO_3/frame
        does not match expected value 'in' from saed14lvt_c/SAEDLVT14_INV_ECO_3/timing (NDM-032w)
Warning: Direction 'inout' for port VSS on saed14lvt_c/SAEDLVT14_INV_ECO_3/frame
        does not match expected value 'in' from saed14lvt_c/SAEDLVT14_INV_ECO_3/timing (NDM-032w)
Information: Fixed direction mismatches for block SAEDLVT14_INV_ECO_3 (LM-054)
Warning: Direction 'inout' for port VSS on saed14lvt_c/SAEDLVT14_INV_ECO_4/frame
        does not match expected value 'in' from saed14lvt_c/SAEDLVT14_INV_ECO_4/timing (NDM-032w)
Warning: Direction 'inout' for port VDD on saed14lvt_c/SAEDLVT14_INV_ECO_4/frame
        does not match expected value 'in' from saed14lvt_c/SAEDLVT14_INV_ECO_4/timing (NDM-032w)
Information: Fixed direction mismatches for block SAEDLVT14_INV_ECO_4 (LM-054)
Warning: Direction 'inout' for port VDD on saed14lvt_c/SAEDLVT14_INV_ECO_6/frame
        does not match expected value 'in' from saed14lvt_c/SAEDLVT14_INV_ECO_6/timing (NDM-032w)
Warning: Direction 'inout' for port VSS on saed14lvt_c/SAEDLVT14_INV_ECO_6/frame
        does not match expected value 'in' from saed14lvt_c/SAEDLVT14_INV_ECO_6/timing (NDM-032w)
Information: Fixed direction mismatches for block SAEDLVT14_INV_ECO_6 (LM-054)
Warning: Direction 'inout' for port VDD on saed14lvt_c/SAEDLVT14_INV_ECO_8/frame
        does not match expected value 'in' from saed14lvt_c/SAEDLVT14_INV_ECO_8/timing (NDM-032w)
Warning: Direction 'inout' for port VSS on saed14lvt_c/SAEDLVT14_INV_ECO_8/frame
        does not match expected value 'in' from saed14lvt_c/SAEDLVT14_INV_ECO_8/timing (NDM-032w)
Information: Fixed direction mismatches for block SAEDLVT14_INV_ECO_8 (LM-054)
Warning: Direction 'inout' for port VSS on saed14lvt_c/SAEDLVT14_INV_S_0P5/frame
        does not match expected value 'in' from saed14lvt_c/SAEDLVT14_INV_S_0P5/timing (NDM-032w)
Warning: Direction 'inout' for port VDD on saed14lvt_c/SAEDLVT14_INV_S_0P5/frame
        does not match expected value 'in' from saed14lvt_c/SAEDLVT14_INV_S_0P5/timing (NDM-032w)
Information: Fixed direction mismatches for block SAEDLVT14_INV_S_0P5 (LM-054)
Warning: Direction 'inout' for port VDD on saed14lvt_c/SAEDLVT14_INV_S_0P75/frame
        does not match expected value 'in' from saed14lvt_c/SAEDLVT14_INV_S_0P75/timing (NDM-032w)
Warning: Direction 'inout' for port VSS on saed14lvt_c/SAEDLVT14_INV_S_0P75/frame
        does not match expected value 'in' from saed14lvt_c/SAEDLVT14_INV_S_0P75/timing (NDM-032w)
Information: Fixed direction mismatches for block SAEDLVT14_INV_S_0P75 (LM-054)
Warning: Direction 'inout' for port VSS on saed14lvt_c/SAEDLVT14_INV_S_10/frame
        does not match expected value 'in' from saed14lvt_c/SAEDLVT14_INV_S_10/timing (NDM-032w)
Warning: Direction 'inout' for port VDD on saed14lvt_c/SAEDLVT14_INV_S_10/frame
        does not match expected value 'in' from saed14lvt_c/SAEDLVT14_INV_S_10/timing (NDM-032w)
Information: Fixed direction mismatches for block SAEDLVT14_INV_S_10 (LM-054)
Warning: Direction 'inout' for port VSS on saed14lvt_c/SAEDLVT14_INV_S_12/frame
        does not match expected value 'in' from saed14lvt_c/SAEDLVT14_INV_S_12/timing (NDM-032w)
Warning: Direction 'inout' for port VDD on saed14lvt_c/SAEDLVT14_INV_S_12/frame
        does not match expected value 'in' from saed14lvt_c/SAEDLVT14_INV_S_12/timing (NDM-032w)
Information: Fixed direction mismatches for block SAEDLVT14_INV_S_12 (LM-054)
Warning: Direction 'inout' for port VSS on saed14lvt_c/SAEDLVT14_INV_S_16/frame
        does not match expected value 'in' from saed14lvt_c/SAEDLVT14_INV_S_16/timing (NDM-032w)
Warning: Direction 'inout' for port VDD on saed14lvt_c/SAEDLVT14_INV_S_16/frame
        does not match expected value 'in' from saed14lvt_c/SAEDLVT14_INV_S_16/timing (NDM-032w)
Information: Fixed direction mismatches for block SAEDLVT14_INV_S_16 (LM-054)
Warning: Direction 'inout' for port VSS on saed14lvt_c/SAEDLVT14_INV_S_1P5/frame
        does not match expected value 'in' from saed14lvt_c/SAEDLVT14_INV_S_1P5/timing (NDM-032w)
Warning: Direction 'inout' for port VDD on saed14lvt_c/SAEDLVT14_INV_S_1P5/frame
        does not match expected value 'in' from saed14lvt_c/SAEDLVT14_INV_S_1P5/timing (NDM-032w)
Information: Fixed direction mismatches for block SAEDLVT14_INV_S_1P5 (LM-054)
Warning: Direction 'inout' for port VDD on saed14lvt_c/SAEDLVT14_INV_S_1/frame
        does not match expected value 'in' from saed14lvt_c/SAEDLVT14_INV_S_1/timing (NDM-032w)
Warning: Direction 'inout' for port VSS on saed14lvt_c/SAEDLVT14_INV_S_1/frame
        does not match expected value 'in' from saed14lvt_c/SAEDLVT14_INV_S_1/timing (NDM-032w)
Information: Fixed direction mismatches for block SAEDLVT14_INV_S_1 (LM-054)
Warning: Direction 'inout' for port VSS on saed14lvt_c/SAEDLVT14_INV_S_20/frame
        does not match expected value 'in' from saed14lvt_c/SAEDLVT14_INV_S_20/timing (NDM-032w)
Warning: Direction 'inout' for port VDD on saed14lvt_c/SAEDLVT14_INV_S_20/frame
        does not match expected value 'in' from saed14lvt_c/SAEDLVT14_INV_S_20/timing (NDM-032w)
Information: Fixed direction mismatches for block SAEDLVT14_INV_S_20 (LM-054)
Warning: Direction 'inout' for port VDD on saed14lvt_c/SAEDLVT14_INV_S_2/frame
        does not match expected value 'in' from saed14lvt_c/SAEDLVT14_INV_S_2/timing (NDM-032w)
Warning: Direction 'inout' for port VSS on saed14lvt_c/SAEDLVT14_INV_S_2/frame
        does not match expected value 'in' from saed14lvt_c/SAEDLVT14_INV_S_2/timing (NDM-032w)
Information: Fixed direction mismatches for block SAEDLVT14_INV_S_2 (LM-054)
Warning: Direction 'inout' for port VSS on saed14lvt_c/SAEDLVT14_INV_S_3/frame
        does not match expected value 'in' from saed14lvt_c/SAEDLVT14_INV_S_3/timing (NDM-032w)
Warning: Direction 'inout' for port VDD on saed14lvt_c/SAEDLVT14_INV_S_3/frame
        does not match expected value 'in' from saed14lvt_c/SAEDLVT14_INV_S_3/timing (NDM-032w)
Information: Fixed direction mismatches for block SAEDLVT14_INV_S_3 (LM-054)
Warning: Direction 'inout' for port VSS on saed14lvt_c/SAEDLVT14_INV_S_4/frame
        does not match expected value 'in' from saed14lvt_c/SAEDLVT14_INV_S_4/timing (NDM-032w)
Warning: Direction 'inout' for port VDD on saed14lvt_c/SAEDLVT14_INV_S_4/frame
        does not match expected value 'in' from saed14lvt_c/SAEDLVT14_INV_S_4/timing (NDM-032w)
Information: Fixed direction mismatches for block SAEDLVT14_INV_S_4 (LM-054)
Warning: Direction 'inout' for port VSS on saed14lvt_c/SAEDLVT14_INV_S_5/frame
        does not match expected value 'in' from saed14lvt_c/SAEDLVT14_INV_S_5/timing (NDM-032w)
Warning: Direction 'inout' for port VDD on saed14lvt_c/SAEDLVT14_INV_S_5/frame
        does not match expected value 'in' from saed14lvt_c/SAEDLVT14_INV_S_5/timing (NDM-032w)
Information: Fixed direction mismatches for block SAEDLVT14_INV_S_5 (LM-054)
Warning: Direction 'inout' for port VDD on saed14lvt_c/SAEDLVT14_INV_S_6/frame
        does not match expected value 'in' from saed14lvt_c/SAEDLVT14_INV_S_6/timing (NDM-032w)
Warning: Direction 'inout' for port VSS on saed14lvt_c/SAEDLVT14_INV_S_6/frame
        does not match expected value 'in' from saed14lvt_c/SAEDLVT14_INV_S_6/timing (NDM-032w)
Information: Fixed direction mismatches for block SAEDLVT14_INV_S_6 (LM-054)
Warning: Direction 'inout' for port VDD on saed14lvt_c/SAEDLVT14_INV_S_7/frame
        does not match expected value 'in' from saed14lvt_c/SAEDLVT14_INV_S_7/timing (NDM-032w)
Warning: Direction 'inout' for port VSS on saed14lvt_c/SAEDLVT14_INV_S_7/frame
        does not match expected value 'in' from saed14lvt_c/SAEDLVT14_INV_S_7/timing (NDM-032w)
Information: Fixed direction mismatches for block SAEDLVT14_INV_S_7 (LM-054)
Warning: Direction 'inout' for port VDD on saed14lvt_c/SAEDLVT14_INV_S_8/frame
        does not match expected value 'in' from saed14lvt_c/SAEDLVT14_INV_S_8/timing (NDM-032w)
Warning: Direction 'inout' for port VSS on saed14lvt_c/SAEDLVT14_INV_S_8/frame
        does not match expected value 'in' from saed14lvt_c/SAEDLVT14_INV_S_8/timing (NDM-032w)
Information: Fixed direction mismatches for block SAEDLVT14_INV_S_8 (LM-054)
Warning: Direction 'inout' for port VSS on saed14lvt_c/SAEDLVT14_INV_S_9/frame
        does not match expected value 'in' from saed14lvt_c/SAEDLVT14_INV_S_9/timing (NDM-032w)
Warning: Direction 'inout' for port VDD on saed14lvt_c/SAEDLVT14_INV_S_9/frame
        does not match expected value 'in' from saed14lvt_c/SAEDLVT14_INV_S_9/timing (NDM-032w)
Information: Fixed direction mismatches for block SAEDLVT14_INV_S_9 (LM-054)
Warning: Direction 'inout' for port VDD on saed14lvt_c/SAEDLVT14_MUX2_1P5/frame
        does not match expected value 'in' from saed14lvt_c/SAEDLVT14_MUX2_1P5/timing (NDM-032w)
Warning: Direction 'inout' for port VSS on saed14lvt_c/SAEDLVT14_MUX2_1P5/frame
        does not match expected value 'in' from saed14lvt_c/SAEDLVT14_MUX2_1P5/timing (NDM-032w)
Information: Fixed direction mismatches for block SAEDLVT14_MUX2_1P5 (LM-054)
Warning: Direction 'inout' for port VDD on saed14lvt_c/SAEDLVT14_MUX2_1/frame
        does not match expected value 'in' from saed14lvt_c/SAEDLVT14_MUX2_1/timing (NDM-032w)
Warning: Direction 'inout' for port VSS on saed14lvt_c/SAEDLVT14_MUX2_1/frame
        does not match expected value 'in' from saed14lvt_c/SAEDLVT14_MUX2_1/timing (NDM-032w)
Information: Fixed direction mismatches for block SAEDLVT14_MUX2_1 (LM-054)
Warning: Direction 'inout' for port VDD on saed14lvt_c/SAEDLVT14_MUX2_2/frame
        does not match expected value 'in' from saed14lvt_c/SAEDLVT14_MUX2_2/timing (NDM-032w)
Warning: Direction 'inout' for port VSS on saed14lvt_c/SAEDLVT14_MUX2_2/frame
        does not match expected value 'in' from saed14lvt_c/SAEDLVT14_MUX2_2/timing (NDM-032w)
Information: Fixed direction mismatches for block SAEDLVT14_MUX2_2 (LM-054)
Warning: Direction 'inout' for port VSS on saed14lvt_c/SAEDLVT14_MUX2_4/frame
        does not match expected value 'in' from saed14lvt_c/SAEDLVT14_MUX2_4/timing (NDM-032w)
Warning: Direction 'inout' for port VDD on saed14lvt_c/SAEDLVT14_MUX2_4/frame
        does not match expected value 'in' from saed14lvt_c/SAEDLVT14_MUX2_4/timing (NDM-032w)
Information: Fixed direction mismatches for block SAEDLVT14_MUX2_4 (LM-054)
Warning: Direction 'inout' for port VSS on saed14lvt_c/SAEDLVT14_MUX2_ECO_1/frame
        does not match expected value 'in' from saed14lvt_c/SAEDLVT14_MUX2_ECO_1/timing (NDM-032w)
Warning: Direction 'inout' for port VDD on saed14lvt_c/SAEDLVT14_MUX2_ECO_1/frame
        does not match expected value 'in' from saed14lvt_c/SAEDLVT14_MUX2_ECO_1/timing (NDM-032w)
Information: Fixed direction mismatches for block SAEDLVT14_MUX2_ECO_1 (LM-054)
Warning: Direction 'inout' for port VDD on saed14lvt_c/SAEDLVT14_MUX2_ECO_2/frame
        does not match expected value 'in' from saed14lvt_c/SAEDLVT14_MUX2_ECO_2/timing (NDM-032w)
Warning: Direction 'inout' for port VSS on saed14lvt_c/SAEDLVT14_MUX2_ECO_2/frame
        does not match expected value 'in' from saed14lvt_c/SAEDLVT14_MUX2_ECO_2/timing (NDM-032w)
Information: Fixed direction mismatches for block SAEDLVT14_MUX2_ECO_2 (LM-054)
Warning: Direction 'inout' for port VSS on saed14lvt_c/SAEDLVT14_MUX2_MM_0P5/frame
        does not match expected value 'in' from saed14lvt_c/SAEDLVT14_MUX2_MM_0P5/timing (NDM-032w)
Warning: Direction 'inout' for port VDD on saed14lvt_c/SAEDLVT14_MUX2_MM_0P5/frame
        does not match expected value 'in' from saed14lvt_c/SAEDLVT14_MUX2_MM_0P5/timing (NDM-032w)
Information: Fixed direction mismatches for block SAEDLVT14_MUX2_MM_0P5 (LM-054)
Warning: Direction 'inout' for port VSS on saed14lvt_c/SAEDLVT14_MUX2_MM_1/frame
        does not match expected value 'in' from saed14lvt_c/SAEDLVT14_MUX2_MM_1/timing (NDM-032w)
Warning: Direction 'inout' for port VDD on saed14lvt_c/SAEDLVT14_MUX2_MM_1/frame
        does not match expected value 'in' from saed14lvt_c/SAEDLVT14_MUX2_MM_1/timing (NDM-032w)
Information: Fixed direction mismatches for block SAEDLVT14_MUX2_MM_1 (LM-054)
Warning: Direction 'inout' for port VSS on saed14lvt_c/SAEDLVT14_MUX2_MM_2/frame
        does not match expected value 'in' from saed14lvt_c/SAEDLVT14_MUX2_MM_2/timing (NDM-032w)
Warning: Direction 'inout' for port VDD on saed14lvt_c/SAEDLVT14_MUX2_MM_2/frame
        does not match expected value 'in' from saed14lvt_c/SAEDLVT14_MUX2_MM_2/timing (NDM-032w)
Information: Fixed direction mismatches for block SAEDLVT14_MUX2_MM_2 (LM-054)
Warning: Direction 'inout' for port VSS on saed14lvt_c/SAEDLVT14_MUX2_MM_4/frame
        does not match expected value 'in' from saed14lvt_c/SAEDLVT14_MUX2_MM_4/timing (NDM-032w)
Warning: Direction 'inout' for port VDD on saed14lvt_c/SAEDLVT14_MUX2_MM_4/frame
        does not match expected value 'in' from saed14lvt_c/SAEDLVT14_MUX2_MM_4/timing (NDM-032w)
Information: Fixed direction mismatches for block SAEDLVT14_MUX2_MM_4 (LM-054)
Warning: Direction 'inout' for port VSS on saed14lvt_c/SAEDLVT14_MUX2_U_0P5/frame
        does not match expected value 'in' from saed14lvt_c/SAEDLVT14_MUX2_U_0P5/timing (NDM-032w)
Warning: Direction 'inout' for port VDD on saed14lvt_c/SAEDLVT14_MUX2_U_0P5/frame
        does not match expected value 'in' from saed14lvt_c/SAEDLVT14_MUX2_U_0P5/timing (NDM-032w)
Information: Fixed direction mismatches for block SAEDLVT14_MUX2_U_0P5 (LM-054)
Warning: Direction 'inout' for port VSS on saed14lvt_c/SAEDLVT14_MUX3_V1M_0P5/frame
        does not match expected value 'in' from saed14lvt_c/SAEDLVT14_MUX3_V1M_0P5/timing (NDM-032w)
Warning: Direction 'inout' for port VDD on saed14lvt_c/SAEDLVT14_MUX3_V1M_0P5/frame
        does not match expected value 'in' from saed14lvt_c/SAEDLVT14_MUX3_V1M_0P5/timing (NDM-032w)
Information: Fixed direction mismatches for block SAEDLVT14_MUX3_V1M_0P5 (LM-054)
Warning: Direction 'inout' for port VSS on saed14lvt_c/SAEDLVT14_MUX3_V1M_1/frame
        does not match expected value 'in' from saed14lvt_c/SAEDLVT14_MUX3_V1M_1/timing (NDM-032w)
Warning: Direction 'inout' for port VDD on saed14lvt_c/SAEDLVT14_MUX3_V1M_1/frame
        does not match expected value 'in' from saed14lvt_c/SAEDLVT14_MUX3_V1M_1/timing (NDM-032w)
Information: Fixed direction mismatches for block SAEDLVT14_MUX3_V1M_1 (LM-054)
Warning: Direction 'inout' for port VSS on saed14lvt_c/SAEDLVT14_MUX3_V1M_2/frame
        does not match expected value 'in' from saed14lvt_c/SAEDLVT14_MUX3_V1M_2/timing (NDM-032w)
Warning: Direction 'inout' for port VDD on saed14lvt_c/SAEDLVT14_MUX3_V1M_2/frame
        does not match expected value 'in' from saed14lvt_c/SAEDLVT14_MUX3_V1M_2/timing (NDM-032w)
Information: Fixed direction mismatches for block SAEDLVT14_MUX3_V1M_2 (LM-054)
Warning: Direction 'inout' for port VSS on saed14lvt_c/SAEDLVT14_MUX3_V1M_4/frame
        does not match expected value 'in' from saed14lvt_c/SAEDLVT14_MUX3_V1M_4/timing (NDM-032w)
Warning: Direction 'inout' for port VDD on saed14lvt_c/SAEDLVT14_MUX3_V1M_4/frame
        does not match expected value 'in' from saed14lvt_c/SAEDLVT14_MUX3_V1M_4/timing (NDM-032w)
Information: Fixed direction mismatches for block SAEDLVT14_MUX3_V1M_4 (LM-054)
Warning: Direction 'inout' for port VSS on saed14lvt_c/SAEDLVT14_MUX4_V1M_1/frame
        does not match expected value 'in' from saed14lvt_c/SAEDLVT14_MUX4_V1M_1/timing (NDM-032w)
Warning: Direction 'inout' for port VDD on saed14lvt_c/SAEDLVT14_MUX4_V1M_1/frame
        does not match expected value 'in' from saed14lvt_c/SAEDLVT14_MUX4_V1M_1/timing (NDM-032w)
Information: Fixed direction mismatches for block SAEDLVT14_MUX4_V1M_1 (LM-054)
Warning: Direction 'inout' for port VDD on saed14lvt_c/SAEDLVT14_MUX4_V1M_2/frame
        does not match expected value 'in' from saed14lvt_c/SAEDLVT14_MUX4_V1M_2/timing (NDM-032w)
Warning: Direction 'inout' for port VSS on saed14lvt_c/SAEDLVT14_MUX4_V1M_2/frame
        does not match expected value 'in' from saed14lvt_c/SAEDLVT14_MUX4_V1M_2/timing (NDM-032w)
Information: Fixed direction mismatches for block SAEDLVT14_MUX4_V1M_2 (LM-054)
Warning: Direction 'inout' for port VSS on saed14lvt_c/SAEDLVT14_MUX4_V1M_4/frame
        does not match expected value 'in' from saed14lvt_c/SAEDLVT14_MUX4_V1M_4/timing (NDM-032w)
Warning: Direction 'inout' for port VDD on saed14lvt_c/SAEDLVT14_MUX4_V1M_4/frame
        does not match expected value 'in' from saed14lvt_c/SAEDLVT14_MUX4_V1M_4/timing (NDM-032w)
Information: Fixed direction mismatches for block SAEDLVT14_MUX4_V1M_4 (LM-054)
Warning: Direction 'inout' for port VSS on saed14lvt_c/SAEDLVT14_MUX4_V1U_0P5/frame
        does not match expected value 'in' from saed14lvt_c/SAEDLVT14_MUX4_V1U_0P5/timing (NDM-032w)
Warning: Direction 'inout' for port VDD on saed14lvt_c/SAEDLVT14_MUX4_V1U_0P5/frame
        does not match expected value 'in' from saed14lvt_c/SAEDLVT14_MUX4_V1U_0P5/timing (NDM-032w)
Information: Fixed direction mismatches for block SAEDLVT14_MUX4_V1U_0P5 (LM-054)
Warning: Direction 'inout' for port VDD on saed14lvt_c/SAEDLVT14_MUXI2_0P5/frame
        does not match expected value 'in' from saed14lvt_c/SAEDLVT14_MUXI2_0P5/timing (NDM-032w)
Warning: Direction 'inout' for port VSS on saed14lvt_c/SAEDLVT14_MUXI2_0P5/frame
        does not match expected value 'in' from saed14lvt_c/SAEDLVT14_MUXI2_0P5/timing (NDM-032w)
Information: Fixed direction mismatches for block SAEDLVT14_MUXI2_0P5 (LM-054)
Warning: Direction 'inout' for port VDD on saed14lvt_c/SAEDLVT14_MUXI2_1/frame
        does not match expected value 'in' from saed14lvt_c/SAEDLVT14_MUXI2_1/timing (NDM-032w)
Warning: Direction 'inout' for port VSS on saed14lvt_c/SAEDLVT14_MUXI2_1/frame
        does not match expected value 'in' from saed14lvt_c/SAEDLVT14_MUXI2_1/timing (NDM-032w)
Information: Fixed direction mismatches for block SAEDLVT14_MUXI2_1 (LM-054)
Warning: Direction 'inout' for port VDD on saed14lvt_c/SAEDLVT14_MUXI2_2/frame
        does not match expected value 'in' from saed14lvt_c/SAEDLVT14_MUXI2_2/timing (NDM-032w)
Warning: Direction 'inout' for port VSS on saed14lvt_c/SAEDLVT14_MUXI2_2/frame
        does not match expected value 'in' from saed14lvt_c/SAEDLVT14_MUXI2_2/timing (NDM-032w)
Information: Fixed direction mismatches for block SAEDLVT14_MUXI2_2 (LM-054)
Warning: Direction 'inout' for port VSS on saed14lvt_c/SAEDLVT14_MUXI2_4/frame
        does not match expected value 'in' from saed14lvt_c/SAEDLVT14_MUXI2_4/timing (NDM-032w)
Warning: Direction 'inout' for port VDD on saed14lvt_c/SAEDLVT14_MUXI2_4/frame
        does not match expected value 'in' from saed14lvt_c/SAEDLVT14_MUXI2_4/timing (NDM-032w)
Information: Fixed direction mismatches for block SAEDLVT14_MUXI2_4 (LM-054)
Warning: Direction 'inout' for port VDD on saed14lvt_c/SAEDLVT14_MUXI2_B_1/frame
        does not match expected value 'in' from saed14lvt_c/SAEDLVT14_MUXI2_B_1/timing (NDM-032w)
Warning: Direction 'inout' for port VSS on saed14lvt_c/SAEDLVT14_MUXI2_B_1/frame
        does not match expected value 'in' from saed14lvt_c/SAEDLVT14_MUXI2_B_1/timing (NDM-032w)
Information: Fixed direction mismatches for block SAEDLVT14_MUXI2_B_1 (LM-054)
Warning: Direction 'inout' for port VDD on saed14lvt_c/SAEDLVT14_MUXI2_ECO_1/frame
        does not match expected value 'in' from saed14lvt_c/SAEDLVT14_MUXI2_ECO_1/timing (NDM-032w)
Warning: Direction 'inout' for port VSS on saed14lvt_c/SAEDLVT14_MUXI2_ECO_1/frame
        does not match expected value 'in' from saed14lvt_c/SAEDLVT14_MUXI2_ECO_1/timing (NDM-032w)
Information: Fixed direction mismatches for block SAEDLVT14_MUXI2_ECO_1 (LM-054)
Warning: Direction 'inout' for port VDD on saed14lvt_c/SAEDLVT14_MUXI2_ECO_2/frame
        does not match expected value 'in' from saed14lvt_c/SAEDLVT14_MUXI2_ECO_2/timing (NDM-032w)
Warning: Direction 'inout' for port VSS on saed14lvt_c/SAEDLVT14_MUXI2_ECO_2/frame
        does not match expected value 'in' from saed14lvt_c/SAEDLVT14_MUXI2_ECO_2/timing (NDM-032w)
Information: Fixed direction mismatches for block SAEDLVT14_MUXI2_ECO_2 (LM-054)
Warning: Direction 'inout' for port VDD on saed14lvt_c/SAEDLVT14_MUXI2_U_0P5/frame
        does not match expected value 'in' from saed14lvt_c/SAEDLVT14_MUXI2_U_0P5/timing (NDM-032w)
Warning: Direction 'inout' for port VSS on saed14lvt_c/SAEDLVT14_MUXI2_U_0P5/frame
        does not match expected value 'in' from saed14lvt_c/SAEDLVT14_MUXI2_U_0P5/timing (NDM-032w)
Information: Fixed direction mismatches for block SAEDLVT14_MUXI2_U_0P5 (LM-054)
Warning: Direction 'inout' for port VSS on saed14lvt_c/SAEDLVT14_MUXI3_0P5/frame
        does not match expected value 'in' from saed14lvt_c/SAEDLVT14_MUXI3_0P5/timing (NDM-032w)
Warning: Direction 'inout' for port VDD on saed14lvt_c/SAEDLVT14_MUXI3_0P5/frame
        does not match expected value 'in' from saed14lvt_c/SAEDLVT14_MUXI3_0P5/timing (NDM-032w)
Information: Fixed direction mismatches for block SAEDLVT14_MUXI3_0P5 (LM-054)
Warning: Direction 'inout' for port VSS on saed14lvt_c/SAEDLVT14_MUXI3_1/frame
        does not match expected value 'in' from saed14lvt_c/SAEDLVT14_MUXI3_1/timing (NDM-032w)
Warning: Direction 'inout' for port VDD on saed14lvt_c/SAEDLVT14_MUXI3_1/frame
        does not match expected value 'in' from saed14lvt_c/SAEDLVT14_MUXI3_1/timing (NDM-032w)
Information: Fixed direction mismatches for block SAEDLVT14_MUXI3_1 (LM-054)
Warning: Direction 'inout' for port VSS on saed14lvt_c/SAEDLVT14_MUXI3_2/frame
        does not match expected value 'in' from saed14lvt_c/SAEDLVT14_MUXI3_2/timing (NDM-032w)
Warning: Direction 'inout' for port VDD on saed14lvt_c/SAEDLVT14_MUXI3_2/frame
        does not match expected value 'in' from saed14lvt_c/SAEDLVT14_MUXI3_2/timing (NDM-032w)
Information: Fixed direction mismatches for block SAEDLVT14_MUXI3_2 (LM-054)
Warning: Direction 'inout' for port VSS on saed14lvt_c/SAEDLVT14_MUXI3_4/frame
        does not match expected value 'in' from saed14lvt_c/SAEDLVT14_MUXI3_4/timing (NDM-032w)
Warning: Direction 'inout' for port VDD on saed14lvt_c/SAEDLVT14_MUXI3_4/frame
        does not match expected value 'in' from saed14lvt_c/SAEDLVT14_MUXI3_4/timing (NDM-032w)
Information: Fixed direction mismatches for block SAEDLVT14_MUXI3_4 (LM-054)
Warning: Direction 'inout' for port VSS on saed14lvt_c/SAEDLVT14_MUXI4_2/frame
        does not match expected value 'in' from saed14lvt_c/SAEDLVT14_MUXI4_2/timing (NDM-032w)
Warning: Direction 'inout' for port VDD on saed14lvt_c/SAEDLVT14_MUXI4_2/frame
        does not match expected value 'in' from saed14lvt_c/SAEDLVT14_MUXI4_2/timing (NDM-032w)
Information: Fixed direction mismatches for block SAEDLVT14_MUXI4_2 (LM-054)
Warning: Direction 'inout' for port VDD on saed14lvt_c/SAEDLVT14_MUXI4_U_0P5/frame
        does not match expected value 'in' from saed14lvt_c/SAEDLVT14_MUXI4_U_0P5/timing (NDM-032w)
Warning: Direction 'inout' for port VSS on saed14lvt_c/SAEDLVT14_MUXI4_U_0P5/frame
        does not match expected value 'in' from saed14lvt_c/SAEDLVT14_MUXI4_U_0P5/timing (NDM-032w)
Information: Fixed direction mismatches for block SAEDLVT14_MUXI4_U_0P5 (LM-054)
Warning: Direction 'inout' for port VDD on saed14lvt_c/SAEDLVT14_ND2_0P5/frame
        does not match expected value 'in' from saed14lvt_c/SAEDLVT14_ND2_0P5/timing (NDM-032w)
Warning: Direction 'inout' for port VSS on saed14lvt_c/SAEDLVT14_ND2_0P5/frame
        does not match expected value 'in' from saed14lvt_c/SAEDLVT14_ND2_0P5/timing (NDM-032w)
Information: Fixed direction mismatches for block SAEDLVT14_ND2_0P5 (LM-054)
Warning: Direction 'inout' for port VDD on saed14lvt_c/SAEDLVT14_ND2_16/frame
        does not match expected value 'in' from saed14lvt_c/SAEDLVT14_ND2_16/timing (NDM-032w)
Warning: Direction 'inout' for port VSS on saed14lvt_c/SAEDLVT14_ND2_16/frame
        does not match expected value 'in' from saed14lvt_c/SAEDLVT14_ND2_16/timing (NDM-032w)
Information: Fixed direction mismatches for block SAEDLVT14_ND2_16 (LM-054)
Warning: Direction 'inout' for port VDD on saed14lvt_c/SAEDLVT14_ND2_1P5/frame
        does not match expected value 'in' from saed14lvt_c/SAEDLVT14_ND2_1P5/timing (NDM-032w)
Warning: Direction 'inout' for port VSS on saed14lvt_c/SAEDLVT14_ND2_1P5/frame
        does not match expected value 'in' from saed14lvt_c/SAEDLVT14_ND2_1P5/timing (NDM-032w)
Information: Fixed direction mismatches for block SAEDLVT14_ND2_1P5 (LM-054)
Warning: Direction 'inout' for port VDD on saed14lvt_c/SAEDLVT14_ND2_1/frame
        does not match expected value 'in' from saed14lvt_c/SAEDLVT14_ND2_1/timing (NDM-032w)
Warning: Direction 'inout' for port VSS on saed14lvt_c/SAEDLVT14_ND2_1/frame
        does not match expected value 'in' from saed14lvt_c/SAEDLVT14_ND2_1/timing (NDM-032w)
Information: Fixed direction mismatches for block SAEDLVT14_ND2_1 (LM-054)
Warning: Direction 'inout' for port VDD on saed14lvt_c/SAEDLVT14_ND2_2/frame
        does not match expected value 'in' from saed14lvt_c/SAEDLVT14_ND2_2/timing (NDM-032w)
Warning: Direction 'inout' for port VSS on saed14lvt_c/SAEDLVT14_ND2_2/frame
        does not match expected value 'in' from saed14lvt_c/SAEDLVT14_ND2_2/timing (NDM-032w)
Information: Fixed direction mismatches for block SAEDLVT14_ND2_2 (LM-054)
Warning: Direction 'inout' for port VSS on saed14lvt_c/SAEDLVT14_ND2_3/frame
        does not match expected value 'in' from saed14lvt_c/SAEDLVT14_ND2_3/timing (NDM-032w)
Warning: Direction 'inout' for port VDD on saed14lvt_c/SAEDLVT14_ND2_3/frame
        does not match expected value 'in' from saed14lvt_c/SAEDLVT14_ND2_3/timing (NDM-032w)
Information: Fixed direction mismatches for block SAEDLVT14_ND2_3 (LM-054)
Warning: Direction 'inout' for port VDD on saed14lvt_c/SAEDLVT14_ND2_4/frame
        does not match expected value 'in' from saed14lvt_c/SAEDLVT14_ND2_4/timing (NDM-032w)
Warning: Direction 'inout' for port VSS on saed14lvt_c/SAEDLVT14_ND2_4/frame
        does not match expected value 'in' from saed14lvt_c/SAEDLVT14_ND2_4/timing (NDM-032w)
Information: Fixed direction mismatches for block SAEDLVT14_ND2_4 (LM-054)
Warning: Direction 'inout' for port VDD on saed14lvt_c/SAEDLVT14_ND2_5/frame
        does not match expected value 'in' from saed14lvt_c/SAEDLVT14_ND2_5/timing (NDM-032w)
Warning: Direction 'inout' for port VSS on saed14lvt_c/SAEDLVT14_ND2_5/frame
        does not match expected value 'in' from saed14lvt_c/SAEDLVT14_ND2_5/timing (NDM-032w)
Information: Fixed direction mismatches for block SAEDLVT14_ND2_5 (LM-054)
Warning: Direction 'inout' for port VDD on saed14lvt_c/SAEDLVT14_ND2_6/frame
        does not match expected value 'in' from saed14lvt_c/SAEDLVT14_ND2_6/timing (NDM-032w)
Warning: Direction 'inout' for port VSS on saed14lvt_c/SAEDLVT14_ND2_6/frame
        does not match expected value 'in' from saed14lvt_c/SAEDLVT14_ND2_6/timing (NDM-032w)
Information: Fixed direction mismatches for block SAEDLVT14_ND2_6 (LM-054)
Warning: Direction 'inout' for port VDD on saed14lvt_c/SAEDLVT14_ND2_8/frame
        does not match expected value 'in' from saed14lvt_c/SAEDLVT14_ND2_8/timing (NDM-032w)
Warning: Direction 'inout' for port VSS on saed14lvt_c/SAEDLVT14_ND2_8/frame
        does not match expected value 'in' from saed14lvt_c/SAEDLVT14_ND2_8/timing (NDM-032w)
Information: Fixed direction mismatches for block SAEDLVT14_ND2_8 (LM-054)
Warning: Direction 'inout' for port VSS on saed14lvt_c/SAEDLVT14_ND2B_0P75/frame
        does not match expected value 'in' from saed14lvt_c/SAEDLVT14_ND2B_0P75/timing (NDM-032w)
Warning: Direction 'inout' for port VDD on saed14lvt_c/SAEDLVT14_ND2B_0P75/frame
        does not match expected value 'in' from saed14lvt_c/SAEDLVT14_ND2B_0P75/timing (NDM-032w)
Information: Fixed direction mismatches for block SAEDLVT14_ND2B_0P75 (LM-054)
Warning: Direction 'inout' for port VDD on saed14lvt_c/SAEDLVT14_ND2B_1P5/frame
        does not match expected value 'in' from saed14lvt_c/SAEDLVT14_ND2B_1P5/timing (NDM-032w)
Warning: Direction 'inout' for port VSS on saed14lvt_c/SAEDLVT14_ND2B_1P5/frame
        does not match expected value 'in' from saed14lvt_c/SAEDLVT14_ND2B_1P5/timing (NDM-032w)
Information: Fixed direction mismatches for block SAEDLVT14_ND2B_1P5 (LM-054)
Warning: Direction 'inout' for port VDD on saed14lvt_c/SAEDLVT14_ND2B_1/frame
        does not match expected value 'in' from saed14lvt_c/SAEDLVT14_ND2B_1/timing (NDM-032w)
Warning: Direction 'inout' for port VSS on saed14lvt_c/SAEDLVT14_ND2B_1/frame
        does not match expected value 'in' from saed14lvt_c/SAEDLVT14_ND2B_1/timing (NDM-032w)
Information: Fixed direction mismatches for block SAEDLVT14_ND2B_1 (LM-054)
Warning: Direction 'inout' for port VDD on saed14lvt_c/SAEDLVT14_ND2B_2/frame
        does not match expected value 'in' from saed14lvt_c/SAEDLVT14_ND2B_2/timing (NDM-032w)
Warning: Direction 'inout' for port VSS on saed14lvt_c/SAEDLVT14_ND2B_2/frame
        does not match expected value 'in' from saed14lvt_c/SAEDLVT14_ND2B_2/timing (NDM-032w)
Information: Fixed direction mismatches for block SAEDLVT14_ND2B_2 (LM-054)
Warning: Direction 'inout' for port VSS on saed14lvt_c/SAEDLVT14_ND2B_4/frame
        does not match expected value 'in' from saed14lvt_c/SAEDLVT14_ND2B_4/timing (NDM-032w)
Warning: Direction 'inout' for port VDD on saed14lvt_c/SAEDLVT14_ND2B_4/frame
        does not match expected value 'in' from saed14lvt_c/SAEDLVT14_ND2B_4/timing (NDM-032w)
Information: Fixed direction mismatches for block SAEDLVT14_ND2B_4 (LM-054)
Warning: Direction 'inout' for port VSS on saed14lvt_c/SAEDLVT14_ND2B_U_0P5/frame
        does not match expected value 'in' from saed14lvt_c/SAEDLVT14_ND2B_U_0P5/timing (NDM-032w)
Warning: Direction 'inout' for port VDD on saed14lvt_c/SAEDLVT14_ND2B_U_0P5/frame
        does not match expected value 'in' from saed14lvt_c/SAEDLVT14_ND2B_U_0P5/timing (NDM-032w)
Information: Fixed direction mismatches for block SAEDLVT14_ND2B_U_0P5 (LM-054)
Warning: Direction 'inout' for port VSS on saed14lvt_c/SAEDLVT14_ND2_CDC_0P5/frame
        does not match expected value 'in' from saed14lvt_c/SAEDLVT14_ND2_CDC_0P5/timing (NDM-032w)
Warning: Direction 'inout' for port VDD on saed14lvt_c/SAEDLVT14_ND2_CDC_0P5/frame
        does not match expected value 'in' from saed14lvt_c/SAEDLVT14_ND2_CDC_0P5/timing (NDM-032w)
Information: Fixed direction mismatches for block SAEDLVT14_ND2_CDC_0P5 (LM-054)
Warning: Direction 'inout' for port VDD on saed14lvt_c/SAEDLVT14_ND2_CDC_1/frame
        does not match expected value 'in' from saed14lvt_c/SAEDLVT14_ND2_CDC_1/timing (NDM-032w)
Warning: Direction 'inout' for port VSS on saed14lvt_c/SAEDLVT14_ND2_CDC_1/frame
        does not match expected value 'in' from saed14lvt_c/SAEDLVT14_ND2_CDC_1/timing (NDM-032w)
Information: Fixed direction mismatches for block SAEDLVT14_ND2_CDC_1 (LM-054)
Warning: Direction 'inout' for port VSS on saed14lvt_c/SAEDLVT14_ND2_CDC_2/frame
        does not match expected value 'in' from saed14lvt_c/SAEDLVT14_ND2_CDC_2/timing (NDM-032w)
Warning: Direction 'inout' for port VDD on saed14lvt_c/SAEDLVT14_ND2_CDC_2/frame
        does not match expected value 'in' from saed14lvt_c/SAEDLVT14_ND2_CDC_2/timing (NDM-032w)
Information: Fixed direction mismatches for block SAEDLVT14_ND2_CDC_2 (LM-054)
Warning: Direction 'inout' for port VSS on saed14lvt_c/SAEDLVT14_ND2_CDC_4/frame
        does not match expected value 'in' from saed14lvt_c/SAEDLVT14_ND2_CDC_4/timing (NDM-032w)
Warning: Direction 'inout' for port VDD on saed14lvt_c/SAEDLVT14_ND2_CDC_4/frame
        does not match expected value 'in' from saed14lvt_c/SAEDLVT14_ND2_CDC_4/timing (NDM-032w)
Information: Fixed direction mismatches for block SAEDLVT14_ND2_CDC_4 (LM-054)
Warning: Direction 'inout' for port VSS on saed14lvt_c/SAEDLVT14_ND2_ECO_1/frame
        does not match expected value 'in' from saed14lvt_c/SAEDLVT14_ND2_ECO_1/timing (NDM-032w)
Warning: Direction 'inout' for port VDD on saed14lvt_c/SAEDLVT14_ND2_ECO_1/frame
        does not match expected value 'in' from saed14lvt_c/SAEDLVT14_ND2_ECO_1/timing (NDM-032w)
Information: Fixed direction mismatches for block SAEDLVT14_ND2_ECO_1 (LM-054)
Warning: Direction 'inout' for port VSS on saed14lvt_c/SAEDLVT14_ND2_ECO_2/frame
        does not match expected value 'in' from saed14lvt_c/SAEDLVT14_ND2_ECO_2/timing (NDM-032w)
Warning: Direction 'inout' for port VDD on saed14lvt_c/SAEDLVT14_ND2_ECO_2/frame
        does not match expected value 'in' from saed14lvt_c/SAEDLVT14_ND2_ECO_2/timing (NDM-032w)
Information: Fixed direction mismatches for block SAEDLVT14_ND2_ECO_2 (LM-054)
Warning: Direction 'inout' for port VDD on saed14lvt_c/SAEDLVT14_ND2_MM_0P5/frame
        does not match expected value 'in' from saed14lvt_c/SAEDLVT14_ND2_MM_0P5/timing (NDM-032w)
Warning: Direction 'inout' for port VSS on saed14lvt_c/SAEDLVT14_ND2_MM_0P5/frame
        does not match expected value 'in' from saed14lvt_c/SAEDLVT14_ND2_MM_0P5/timing (NDM-032w)
Information: Fixed direction mismatches for block SAEDLVT14_ND2_MM_0P5 (LM-054)
Warning: Direction 'inout' for port VDD on saed14lvt_c/SAEDLVT14_ND2_MM_10/frame
        does not match expected value 'in' from saed14lvt_c/SAEDLVT14_ND2_MM_10/timing (NDM-032w)
Warning: Direction 'inout' for port VSS on saed14lvt_c/SAEDLVT14_ND2_MM_10/frame
        does not match expected value 'in' from saed14lvt_c/SAEDLVT14_ND2_MM_10/timing (NDM-032w)
Information: Fixed direction mismatches for block SAEDLVT14_ND2_MM_10 (LM-054)
Warning: Direction 'inout' for port VDD on saed14lvt_c/SAEDLVT14_ND2_MM_12/frame
        does not match expected value 'in' from saed14lvt_c/SAEDLVT14_ND2_MM_12/timing (NDM-032w)
Warning: Direction 'inout' for port VSS on saed14lvt_c/SAEDLVT14_ND2_MM_12/frame
        does not match expected value 'in' from saed14lvt_c/SAEDLVT14_ND2_MM_12/timing (NDM-032w)
Information: Fixed direction mismatches for block SAEDLVT14_ND2_MM_12 (LM-054)
Warning: Direction 'inout' for port VDD on saed14lvt_c/SAEDLVT14_ND2_MM_16/frame
        does not match expected value 'in' from saed14lvt_c/SAEDLVT14_ND2_MM_16/timing (NDM-032w)
Warning: Direction 'inout' for port VSS on saed14lvt_c/SAEDLVT14_ND2_MM_16/frame
        does not match expected value 'in' from saed14lvt_c/SAEDLVT14_ND2_MM_16/timing (NDM-032w)
Information: Fixed direction mismatches for block SAEDLVT14_ND2_MM_16 (LM-054)
Warning: Direction 'inout' for port VDD on saed14lvt_c/SAEDLVT14_ND2_MM_1/frame
        does not match expected value 'in' from saed14lvt_c/SAEDLVT14_ND2_MM_1/timing (NDM-032w)
Warning: Direction 'inout' for port VSS on saed14lvt_c/SAEDLVT14_ND2_MM_1/frame
        does not match expected value 'in' from saed14lvt_c/SAEDLVT14_ND2_MM_1/timing (NDM-032w)
Information: Fixed direction mismatches for block SAEDLVT14_ND2_MM_1 (LM-054)
Warning: Direction 'inout' for port VDD on saed14lvt_c/SAEDLVT14_ND2_MM_2/frame
        does not match expected value 'in' from saed14lvt_c/SAEDLVT14_ND2_MM_2/timing (NDM-032w)
Warning: Direction 'inout' for port VSS on saed14lvt_c/SAEDLVT14_ND2_MM_2/frame
        does not match expected value 'in' from saed14lvt_c/SAEDLVT14_ND2_MM_2/timing (NDM-032w)
Information: Fixed direction mismatches for block SAEDLVT14_ND2_MM_2 (LM-054)
Warning: Direction 'inout' for port VDD on saed14lvt_c/SAEDLVT14_ND2_MM_3/frame
        does not match expected value 'in' from saed14lvt_c/SAEDLVT14_ND2_MM_3/timing (NDM-032w)
Warning: Direction 'inout' for port VSS on saed14lvt_c/SAEDLVT14_ND2_MM_3/frame
        does not match expected value 'in' from saed14lvt_c/SAEDLVT14_ND2_MM_3/timing (NDM-032w)
Information: Fixed direction mismatches for block SAEDLVT14_ND2_MM_3 (LM-054)
Warning: Direction 'inout' for port VDD on saed14lvt_c/SAEDLVT14_ND2_MM_4/frame
        does not match expected value 'in' from saed14lvt_c/SAEDLVT14_ND2_MM_4/timing (NDM-032w)
Warning: Direction 'inout' for port VSS on saed14lvt_c/SAEDLVT14_ND2_MM_4/frame
        does not match expected value 'in' from saed14lvt_c/SAEDLVT14_ND2_MM_4/timing (NDM-032w)
Information: Fixed direction mismatches for block SAEDLVT14_ND2_MM_4 (LM-054)
Warning: Direction 'inout' for port VDD on saed14lvt_c/SAEDLVT14_ND2_MM_6/frame
        does not match expected value 'in' from saed14lvt_c/SAEDLVT14_ND2_MM_6/timing (NDM-032w)
Warning: Direction 'inout' for port VSS on saed14lvt_c/SAEDLVT14_ND2_MM_6/frame
        does not match expected value 'in' from saed14lvt_c/SAEDLVT14_ND2_MM_6/timing (NDM-032w)
Information: Fixed direction mismatches for block SAEDLVT14_ND2_MM_6 (LM-054)
Warning: Direction 'inout' for port VDD on saed14lvt_c/SAEDLVT14_ND2_MM_8/frame
        does not match expected value 'in' from saed14lvt_c/SAEDLVT14_ND2_MM_8/timing (NDM-032w)
Warning: Direction 'inout' for port VSS on saed14lvt_c/SAEDLVT14_ND2_MM_8/frame
        does not match expected value 'in' from saed14lvt_c/SAEDLVT14_ND2_MM_8/timing (NDM-032w)
Information: Fixed direction mismatches for block SAEDLVT14_ND2_MM_8 (LM-054)
Warning: Direction 'inout' for port VSS on saed14lvt_c/SAEDLVT14_ND3_0P5/frame
        does not match expected value 'in' from saed14lvt_c/SAEDLVT14_ND3_0P5/timing (NDM-032w)
Warning: Direction 'inout' for port VDD on saed14lvt_c/SAEDLVT14_ND3_0P5/frame
        does not match expected value 'in' from saed14lvt_c/SAEDLVT14_ND3_0P5/timing (NDM-032w)
Information: Fixed direction mismatches for block SAEDLVT14_ND3_0P5 (LM-054)
Warning: Direction 'inout' for port VDD on saed14lvt_c/SAEDLVT14_ND3_0P75/frame
        does not match expected value 'in' from saed14lvt_c/SAEDLVT14_ND3_0P75/timing (NDM-032w)
Warning: Direction 'inout' for port VSS on saed14lvt_c/SAEDLVT14_ND3_0P75/frame
        does not match expected value 'in' from saed14lvt_c/SAEDLVT14_ND3_0P75/timing (NDM-032w)
Information: Fixed direction mismatches for block SAEDLVT14_ND3_0P75 (LM-054)
Warning: Direction 'inout' for port VDD on saed14lvt_c/SAEDLVT14_ND3_1/frame
        does not match expected value 'in' from saed14lvt_c/SAEDLVT14_ND3_1/timing (NDM-032w)
Warning: Direction 'inout' for port VSS on saed14lvt_c/SAEDLVT14_ND3_1/frame
        does not match expected value 'in' from saed14lvt_c/SAEDLVT14_ND3_1/timing (NDM-032w)
Information: Fixed direction mismatches for block SAEDLVT14_ND3_1 (LM-054)
Warning: Direction 'inout' for port VSS on saed14lvt_c/SAEDLVT14_ND3_2/frame
        does not match expected value 'in' from saed14lvt_c/SAEDLVT14_ND3_2/timing (NDM-032w)
Warning: Direction 'inout' for port VDD on saed14lvt_c/SAEDLVT14_ND3_2/frame
        does not match expected value 'in' from saed14lvt_c/SAEDLVT14_ND3_2/timing (NDM-032w)
Information: Fixed direction mismatches for block SAEDLVT14_ND3_2 (LM-054)
Warning: Direction 'inout' for port VSS on saed14lvt_c/SAEDLVT14_ND3_3/frame
        does not match expected value 'in' from saed14lvt_c/SAEDLVT14_ND3_3/timing (NDM-032w)
Warning: Direction 'inout' for port VDD on saed14lvt_c/SAEDLVT14_ND3_3/frame
        does not match expected value 'in' from saed14lvt_c/SAEDLVT14_ND3_3/timing (NDM-032w)
Information: Fixed direction mismatches for block SAEDLVT14_ND3_3 (LM-054)
Warning: Direction 'inout' for port VDD on saed14lvt_c/SAEDLVT14_ND3_4/frame
        does not match expected value 'in' from saed14lvt_c/SAEDLVT14_ND3_4/timing (NDM-032w)
Warning: Direction 'inout' for port VSS on saed14lvt_c/SAEDLVT14_ND3_4/frame
        does not match expected value 'in' from saed14lvt_c/SAEDLVT14_ND3_4/timing (NDM-032w)
Information: Fixed direction mismatches for block SAEDLVT14_ND3_4 (LM-054)
Warning: Direction 'inout' for port VSS on saed14lvt_c/SAEDLVT14_ND3_8/frame
        does not match expected value 'in' from saed14lvt_c/SAEDLVT14_ND3_8/timing (NDM-032w)
Warning: Direction 'inout' for port VDD on saed14lvt_c/SAEDLVT14_ND3_8/frame
        does not match expected value 'in' from saed14lvt_c/SAEDLVT14_ND3_8/timing (NDM-032w)
Information: Fixed direction mismatches for block SAEDLVT14_ND3_8 (LM-054)
Warning: Direction 'inout' for port VDD on saed14lvt_c/SAEDLVT14_ND3B_0P5/frame
        does not match expected value 'in' from saed14lvt_c/SAEDLVT14_ND3B_0P5/timing (NDM-032w)
Warning: Direction 'inout' for port VSS on saed14lvt_c/SAEDLVT14_ND3B_0P5/frame
        does not match expected value 'in' from saed14lvt_c/SAEDLVT14_ND3B_0P5/timing (NDM-032w)
Information: Fixed direction mismatches for block SAEDLVT14_ND3B_0P5 (LM-054)
Warning: Direction 'inout' for port VDD on saed14lvt_c/SAEDLVT14_ND3B_0P75/frame
        does not match expected value 'in' from saed14lvt_c/SAEDLVT14_ND3B_0P75/timing (NDM-032w)
Warning: Direction 'inout' for port VSS on saed14lvt_c/SAEDLVT14_ND3B_0P75/frame
        does not match expected value 'in' from saed14lvt_c/SAEDLVT14_ND3B_0P75/timing (NDM-032w)
Information: Fixed direction mismatches for block SAEDLVT14_ND3B_0P75 (LM-054)
Warning: Direction 'inout' for port VDD on saed14lvt_c/SAEDLVT14_ND3B_1/frame
        does not match expected value 'in' from saed14lvt_c/SAEDLVT14_ND3B_1/timing (NDM-032w)
Warning: Direction 'inout' for port VSS on saed14lvt_c/SAEDLVT14_ND3B_1/frame
        does not match expected value 'in' from saed14lvt_c/SAEDLVT14_ND3B_1/timing (NDM-032w)
Information: Fixed direction mismatches for block SAEDLVT14_ND3B_1 (LM-054)
Warning: Direction 'inout' for port VDD on saed14lvt_c/SAEDLVT14_ND3B_2/frame
        does not match expected value 'in' from saed14lvt_c/SAEDLVT14_ND3B_2/timing (NDM-032w)
Warning: Direction 'inout' for port VSS on saed14lvt_c/SAEDLVT14_ND3B_2/frame
        does not match expected value 'in' from saed14lvt_c/SAEDLVT14_ND3B_2/timing (NDM-032w)
Information: Fixed direction mismatches for block SAEDLVT14_ND3B_2 (LM-054)
Warning: Direction 'inout' for port VDD on saed14lvt_c/SAEDLVT14_ND3B_4/frame
        does not match expected value 'in' from saed14lvt_c/SAEDLVT14_ND3B_4/timing (NDM-032w)
Warning: Direction 'inout' for port VSS on saed14lvt_c/SAEDLVT14_ND3B_4/frame
        does not match expected value 'in' from saed14lvt_c/SAEDLVT14_ND3B_4/timing (NDM-032w)
Information: Fixed direction mismatches for block SAEDLVT14_ND3B_4 (LM-054)
Warning: Direction 'inout' for port VDD on saed14lvt_c/SAEDLVT14_ND3_ECO_1/frame
        does not match expected value 'in' from saed14lvt_c/SAEDLVT14_ND3_ECO_1/timing (NDM-032w)
Warning: Direction 'inout' for port VSS on saed14lvt_c/SAEDLVT14_ND3_ECO_1/frame
        does not match expected value 'in' from saed14lvt_c/SAEDLVT14_ND3_ECO_1/timing (NDM-032w)
Information: Fixed direction mismatches for block SAEDLVT14_ND3_ECO_1 (LM-054)
Warning: Direction 'inout' for port VSS on saed14lvt_c/SAEDLVT14_ND4_0P5/frame
        does not match expected value 'in' from saed14lvt_c/SAEDLVT14_ND4_0P5/timing (NDM-032w)
Warning: Direction 'inout' for port VDD on saed14lvt_c/SAEDLVT14_ND4_0P5/frame
        does not match expected value 'in' from saed14lvt_c/SAEDLVT14_ND4_0P5/timing (NDM-032w)
Information: Fixed direction mismatches for block SAEDLVT14_ND4_0P5 (LM-054)
Warning: Direction 'inout' for port VDD on saed14lvt_c/SAEDLVT14_ND4_0P75/frame
        does not match expected value 'in' from saed14lvt_c/SAEDLVT14_ND4_0P75/timing (NDM-032w)
Warning: Direction 'inout' for port VSS on saed14lvt_c/SAEDLVT14_ND4_0P75/frame
        does not match expected value 'in' from saed14lvt_c/SAEDLVT14_ND4_0P75/timing (NDM-032w)
Information: Fixed direction mismatches for block SAEDLVT14_ND4_0P75 (LM-054)
Warning: Direction 'inout' for port VSS on saed14lvt_c/SAEDLVT14_ND4_1/frame
        does not match expected value 'in' from saed14lvt_c/SAEDLVT14_ND4_1/timing (NDM-032w)
Warning: Direction 'inout' for port VDD on saed14lvt_c/SAEDLVT14_ND4_1/frame
        does not match expected value 'in' from saed14lvt_c/SAEDLVT14_ND4_1/timing (NDM-032w)
Information: Fixed direction mismatches for block SAEDLVT14_ND4_1 (LM-054)
Warning: Direction 'inout' for port VSS on saed14lvt_c/SAEDLVT14_ND4_2/frame
        does not match expected value 'in' from saed14lvt_c/SAEDLVT14_ND4_2/timing (NDM-032w)
Warning: Direction 'inout' for port VDD on saed14lvt_c/SAEDLVT14_ND4_2/frame
        does not match expected value 'in' from saed14lvt_c/SAEDLVT14_ND4_2/timing (NDM-032w)
Information: Fixed direction mismatches for block SAEDLVT14_ND4_2 (LM-054)
Warning: Direction 'inout' for port VSS on saed14lvt_c/SAEDLVT14_ND4_3/frame
        does not match expected value 'in' from saed14lvt_c/SAEDLVT14_ND4_3/timing (NDM-032w)
Warning: Direction 'inout' for port VDD on saed14lvt_c/SAEDLVT14_ND4_3/frame
        does not match expected value 'in' from saed14lvt_c/SAEDLVT14_ND4_3/timing (NDM-032w)
Information: Fixed direction mismatches for block SAEDLVT14_ND4_3 (LM-054)
Warning: Direction 'inout' for port VDD on saed14lvt_c/SAEDLVT14_ND4_4/frame
        does not match expected value 'in' from saed14lvt_c/SAEDLVT14_ND4_4/timing (NDM-032w)
Warning: Direction 'inout' for port VSS on saed14lvt_c/SAEDLVT14_ND4_4/frame
        does not match expected value 'in' from saed14lvt_c/SAEDLVT14_ND4_4/timing (NDM-032w)
Information: Fixed direction mismatches for block SAEDLVT14_ND4_4 (LM-054)
Warning: Direction 'inout' for port VSS on saed14lvt_c/SAEDLVT14_ND4_8/frame
        does not match expected value 'in' from saed14lvt_c/SAEDLVT14_ND4_8/timing (NDM-032w)
Warning: Direction 'inout' for port VDD on saed14lvt_c/SAEDLVT14_ND4_8/frame
        does not match expected value 'in' from saed14lvt_c/SAEDLVT14_ND4_8/timing (NDM-032w)
Information: Fixed direction mismatches for block SAEDLVT14_ND4_8 (LM-054)
Warning: Direction 'inout' for port VDD on saed14lvt_c/SAEDLVT14_NR2_0P5/frame
        does not match expected value 'in' from saed14lvt_c/SAEDLVT14_NR2_0P5/timing (NDM-032w)
Warning: Direction 'inout' for port VSS on saed14lvt_c/SAEDLVT14_NR2_0P5/frame
        does not match expected value 'in' from saed14lvt_c/SAEDLVT14_NR2_0P5/timing (NDM-032w)
Information: Fixed direction mismatches for block SAEDLVT14_NR2_0P5 (LM-054)
Warning: Direction 'inout' for port VSS on saed14lvt_c/SAEDLVT14_NR2_16/frame
        does not match expected value 'in' from saed14lvt_c/SAEDLVT14_NR2_16/timing (NDM-032w)
Warning: Direction 'inout' for port VDD on saed14lvt_c/SAEDLVT14_NR2_16/frame
        does not match expected value 'in' from saed14lvt_c/SAEDLVT14_NR2_16/timing (NDM-032w)
Information: Fixed direction mismatches for block SAEDLVT14_NR2_16 (LM-054)
Warning: Direction 'inout' for port VSS on saed14lvt_c/SAEDLVT14_NR2_1P5/frame
        does not match expected value 'in' from saed14lvt_c/SAEDLVT14_NR2_1P5/timing (NDM-032w)
Warning: Direction 'inout' for port VDD on saed14lvt_c/SAEDLVT14_NR2_1P5/frame
        does not match expected value 'in' from saed14lvt_c/SAEDLVT14_NR2_1P5/timing (NDM-032w)
Information: Fixed direction mismatches for block SAEDLVT14_NR2_1P5 (LM-054)
Warning: Direction 'inout' for port VSS on saed14lvt_c/SAEDLVT14_NR2_1/frame
        does not match expected value 'in' from saed14lvt_c/SAEDLVT14_NR2_1/timing (NDM-032w)
Warning: Direction 'inout' for port VDD on saed14lvt_c/SAEDLVT14_NR2_1/frame
        does not match expected value 'in' from saed14lvt_c/SAEDLVT14_NR2_1/timing (NDM-032w)
Information: Fixed direction mismatches for block SAEDLVT14_NR2_1 (LM-054)
Warning: Direction 'inout' for port VDD on saed14lvt_c/SAEDLVT14_NR2_2/frame
        does not match expected value 'in' from saed14lvt_c/SAEDLVT14_NR2_2/timing (NDM-032w)
Warning: Direction 'inout' for port VSS on saed14lvt_c/SAEDLVT14_NR2_2/frame
        does not match expected value 'in' from saed14lvt_c/SAEDLVT14_NR2_2/timing (NDM-032w)
Information: Fixed direction mismatches for block SAEDLVT14_NR2_2 (LM-054)
Warning: Direction 'inout' for port VSS on saed14lvt_c/SAEDLVT14_NR2_3/frame
        does not match expected value 'in' from saed14lvt_c/SAEDLVT14_NR2_3/timing (NDM-032w)
Warning: Direction 'inout' for port VDD on saed14lvt_c/SAEDLVT14_NR2_3/frame
        does not match expected value 'in' from saed14lvt_c/SAEDLVT14_NR2_3/timing (NDM-032w)
Information: Fixed direction mismatches for block SAEDLVT14_NR2_3 (LM-054)
Warning: Direction 'inout' for port VSS on saed14lvt_c/SAEDLVT14_NR2_4/frame
        does not match expected value 'in' from saed14lvt_c/SAEDLVT14_NR2_4/timing (NDM-032w)
Warning: Direction 'inout' for port VDD on saed14lvt_c/SAEDLVT14_NR2_4/frame
        does not match expected value 'in' from saed14lvt_c/SAEDLVT14_NR2_4/timing (NDM-032w)
Information: Fixed direction mismatches for block SAEDLVT14_NR2_4 (LM-054)
Warning: Direction 'inout' for port VDD on saed14lvt_c/SAEDLVT14_NR2_5/frame
        does not match expected value 'in' from saed14lvt_c/SAEDLVT14_NR2_5/timing (NDM-032w)
Warning: Direction 'inout' for port VSS on saed14lvt_c/SAEDLVT14_NR2_5/frame
        does not match expected value 'in' from saed14lvt_c/SAEDLVT14_NR2_5/timing (NDM-032w)
Information: Fixed direction mismatches for block SAEDLVT14_NR2_5 (LM-054)
Warning: Direction 'inout' for port VSS on saed14lvt_c/SAEDLVT14_NR2_6/frame
        does not match expected value 'in' from saed14lvt_c/SAEDLVT14_NR2_6/timing (NDM-032w)
Warning: Direction 'inout' for port VDD on saed14lvt_c/SAEDLVT14_NR2_6/frame
        does not match expected value 'in' from saed14lvt_c/SAEDLVT14_NR2_6/timing (NDM-032w)
Information: Fixed direction mismatches for block SAEDLVT14_NR2_6 (LM-054)
Warning: Direction 'inout' for port VSS on saed14lvt_c/SAEDLVT14_NR2_8/frame
        does not match expected value 'in' from saed14lvt_c/SAEDLVT14_NR2_8/timing (NDM-032w)
Warning: Direction 'inout' for port VDD on saed14lvt_c/SAEDLVT14_NR2_8/frame
        does not match expected value 'in' from saed14lvt_c/SAEDLVT14_NR2_8/timing (NDM-032w)
Information: Fixed direction mismatches for block SAEDLVT14_NR2_8 (LM-054)
Warning: Direction 'inout' for port VDD on saed14lvt_c/SAEDLVT14_NR2B_1P5/frame
        does not match expected value 'in' from saed14lvt_c/SAEDLVT14_NR2B_1P5/timing (NDM-032w)
Warning: Direction 'inout' for port VSS on saed14lvt_c/SAEDLVT14_NR2B_1P5/frame
        does not match expected value 'in' from saed14lvt_c/SAEDLVT14_NR2B_1P5/timing (NDM-032w)
Information: Fixed direction mismatches for block SAEDLVT14_NR2B_1P5 (LM-054)
Warning: Direction 'inout' for port VSS on saed14lvt_c/SAEDLVT14_NR2B_1/frame
        does not match expected value 'in' from saed14lvt_c/SAEDLVT14_NR2B_1/timing (NDM-032w)
Warning: Direction 'inout' for port VDD on saed14lvt_c/SAEDLVT14_NR2B_1/frame
        does not match expected value 'in' from saed14lvt_c/SAEDLVT14_NR2B_1/timing (NDM-032w)
Information: Fixed direction mismatches for block SAEDLVT14_NR2B_1 (LM-054)
Warning: Direction 'inout' for port VDD on saed14lvt_c/SAEDLVT14_NR2B_2/frame
        does not match expected value 'in' from saed14lvt_c/SAEDLVT14_NR2B_2/timing (NDM-032w)
Warning: Direction 'inout' for port VSS on saed14lvt_c/SAEDLVT14_NR2B_2/frame
        does not match expected value 'in' from saed14lvt_c/SAEDLVT14_NR2B_2/timing (NDM-032w)
Information: Fixed direction mismatches for block SAEDLVT14_NR2B_2 (LM-054)
Warning: Direction 'inout' for port VSS on saed14lvt_c/SAEDLVT14_NR2B_4/frame
        does not match expected value 'in' from saed14lvt_c/SAEDLVT14_NR2B_4/timing (NDM-032w)
Warning: Direction 'inout' for port VDD on saed14lvt_c/SAEDLVT14_NR2B_4/frame
        does not match expected value 'in' from saed14lvt_c/SAEDLVT14_NR2B_4/timing (NDM-032w)
Information: Fixed direction mismatches for block SAEDLVT14_NR2B_4 (LM-054)
Warning: Direction 'inout' for port VDD on saed14lvt_c/SAEDLVT14_NR2B_U_0P5/frame
        does not match expected value 'in' from saed14lvt_c/SAEDLVT14_NR2B_U_0P5/timing (NDM-032w)
Warning: Direction 'inout' for port VSS on saed14lvt_c/SAEDLVT14_NR2B_U_0P5/frame
        does not match expected value 'in' from saed14lvt_c/SAEDLVT14_NR2B_U_0P5/timing (NDM-032w)
Information: Fixed direction mismatches for block SAEDLVT14_NR2B_U_0P5 (LM-054)
Warning: Direction 'inout' for port VSS on saed14lvt_c/SAEDLVT14_NR2_ECO_1/frame
        does not match expected value 'in' from saed14lvt_c/SAEDLVT14_NR2_ECO_1/timing (NDM-032w)
Warning: Direction 'inout' for port VDD on saed14lvt_c/SAEDLVT14_NR2_ECO_1/frame
        does not match expected value 'in' from saed14lvt_c/SAEDLVT14_NR2_ECO_1/timing (NDM-032w)
Information: Fixed direction mismatches for block SAEDLVT14_NR2_ECO_1 (LM-054)
Warning: Direction 'inout' for port VDD on saed14lvt_c/SAEDLVT14_NR2_ECO_2/frame
        does not match expected value 'in' from saed14lvt_c/SAEDLVT14_NR2_ECO_2/timing (NDM-032w)
Warning: Direction 'inout' for port VSS on saed14lvt_c/SAEDLVT14_NR2_ECO_2/frame
        does not match expected value 'in' from saed14lvt_c/SAEDLVT14_NR2_ECO_2/timing (NDM-032w)
Information: Fixed direction mismatches for block SAEDLVT14_NR2_ECO_2 (LM-054)
Warning: Direction 'inout' for port VDD on saed14lvt_c/SAEDLVT14_NR2_MM_0P5/frame
        does not match expected value 'in' from saed14lvt_c/SAEDLVT14_NR2_MM_0P5/timing (NDM-032w)
Warning: Direction 'inout' for port VSS on saed14lvt_c/SAEDLVT14_NR2_MM_0P5/frame
        does not match expected value 'in' from saed14lvt_c/SAEDLVT14_NR2_MM_0P5/timing (NDM-032w)
Information: Fixed direction mismatches for block SAEDLVT14_NR2_MM_0P5 (LM-054)
Warning: Direction 'inout' for port VDD on saed14lvt_c/SAEDLVT14_NR2_MM_10/frame
        does not match expected value 'in' from saed14lvt_c/SAEDLVT14_NR2_MM_10/timing (NDM-032w)
Warning: Direction 'inout' for port VSS on saed14lvt_c/SAEDLVT14_NR2_MM_10/frame
        does not match expected value 'in' from saed14lvt_c/SAEDLVT14_NR2_MM_10/timing (NDM-032w)
Information: Fixed direction mismatches for block SAEDLVT14_NR2_MM_10 (LM-054)
Warning: Direction 'inout' for port VDD on saed14lvt_c/SAEDLVT14_NR2_MM_12/frame
        does not match expected value 'in' from saed14lvt_c/SAEDLVT14_NR2_MM_12/timing (NDM-032w)
Warning: Direction 'inout' for port VSS on saed14lvt_c/SAEDLVT14_NR2_MM_12/frame
        does not match expected value 'in' from saed14lvt_c/SAEDLVT14_NR2_MM_12/timing (NDM-032w)
Information: Fixed direction mismatches for block SAEDLVT14_NR2_MM_12 (LM-054)
Warning: Direction 'inout' for port VDD on saed14lvt_c/SAEDLVT14_NR2_MM_16/frame
        does not match expected value 'in' from saed14lvt_c/SAEDLVT14_NR2_MM_16/timing (NDM-032w)
Warning: Direction 'inout' for port VSS on saed14lvt_c/SAEDLVT14_NR2_MM_16/frame
        does not match expected value 'in' from saed14lvt_c/SAEDLVT14_NR2_MM_16/timing (NDM-032w)
Information: Fixed direction mismatches for block SAEDLVT14_NR2_MM_16 (LM-054)
Warning: Direction 'inout' for port VDD on saed14lvt_c/SAEDLVT14_NR2_MM_1/frame
        does not match expected value 'in' from saed14lvt_c/SAEDLVT14_NR2_MM_1/timing (NDM-032w)
Warning: Direction 'inout' for port VSS on saed14lvt_c/SAEDLVT14_NR2_MM_1/frame
        does not match expected value 'in' from saed14lvt_c/SAEDLVT14_NR2_MM_1/timing (NDM-032w)
Information: Fixed direction mismatches for block SAEDLVT14_NR2_MM_1 (LM-054)
Warning: Direction 'inout' for port VDD on saed14lvt_c/SAEDLVT14_NR2_MM_2/frame
        does not match expected value 'in' from saed14lvt_c/SAEDLVT14_NR2_MM_2/timing (NDM-032w)
Warning: Direction 'inout' for port VSS on saed14lvt_c/SAEDLVT14_NR2_MM_2/frame
        does not match expected value 'in' from saed14lvt_c/SAEDLVT14_NR2_MM_2/timing (NDM-032w)
Information: Fixed direction mismatches for block SAEDLVT14_NR2_MM_2 (LM-054)
Warning: Direction 'inout' for port VDD on saed14lvt_c/SAEDLVT14_NR2_MM_3/frame
        does not match expected value 'in' from saed14lvt_c/SAEDLVT14_NR2_MM_3/timing (NDM-032w)
Warning: Direction 'inout' for port VSS on saed14lvt_c/SAEDLVT14_NR2_MM_3/frame
        does not match expected value 'in' from saed14lvt_c/SAEDLVT14_NR2_MM_3/timing (NDM-032w)
Information: Fixed direction mismatches for block SAEDLVT14_NR2_MM_3 (LM-054)
Warning: Direction 'inout' for port VSS on saed14lvt_c/SAEDLVT14_NR2_MM_4/frame
        does not match expected value 'in' from saed14lvt_c/SAEDLVT14_NR2_MM_4/timing (NDM-032w)
Warning: Direction 'inout' for port VDD on saed14lvt_c/SAEDLVT14_NR2_MM_4/frame
        does not match expected value 'in' from saed14lvt_c/SAEDLVT14_NR2_MM_4/timing (NDM-032w)
Information: Fixed direction mismatches for block SAEDLVT14_NR2_MM_4 (LM-054)
Warning: Direction 'inout' for port VDD on saed14lvt_c/SAEDLVT14_NR2_MM_6/frame
        does not match expected value 'in' from saed14lvt_c/SAEDLVT14_NR2_MM_6/timing (NDM-032w)
Warning: Direction 'inout' for port VSS on saed14lvt_c/SAEDLVT14_NR2_MM_6/frame
        does not match expected value 'in' from saed14lvt_c/SAEDLVT14_NR2_MM_6/timing (NDM-032w)
Information: Fixed direction mismatches for block SAEDLVT14_NR2_MM_6 (LM-054)
Warning: Direction 'inout' for port VDD on saed14lvt_c/SAEDLVT14_NR2_MM_8/frame
        does not match expected value 'in' from saed14lvt_c/SAEDLVT14_NR2_MM_8/timing (NDM-032w)
Warning: Direction 'inout' for port VSS on saed14lvt_c/SAEDLVT14_NR2_MM_8/frame
        does not match expected value 'in' from saed14lvt_c/SAEDLVT14_NR2_MM_8/timing (NDM-032w)
Information: Fixed direction mismatches for block SAEDLVT14_NR2_MM_8 (LM-054)
Warning: Direction 'inout' for port VDD on saed14lvt_c/SAEDLVT14_NR3_0P5/frame
        does not match expected value 'in' from saed14lvt_c/SAEDLVT14_NR3_0P5/timing (NDM-032w)
Warning: Direction 'inout' for port VSS on saed14lvt_c/SAEDLVT14_NR3_0P5/frame
        does not match expected value 'in' from saed14lvt_c/SAEDLVT14_NR3_0P5/timing (NDM-032w)
Information: Fixed direction mismatches for block SAEDLVT14_NR3_0P5 (LM-054)
Warning: Direction 'inout' for port VDD on saed14lvt_c/SAEDLVT14_NR3_0P75/frame
        does not match expected value 'in' from saed14lvt_c/SAEDLVT14_NR3_0P75/timing (NDM-032w)
Warning: Direction 'inout' for port VSS on saed14lvt_c/SAEDLVT14_NR3_0P75/frame
        does not match expected value 'in' from saed14lvt_c/SAEDLVT14_NR3_0P75/timing (NDM-032w)
Information: Fixed direction mismatches for block SAEDLVT14_NR3_0P75 (LM-054)
Warning: Direction 'inout' for port VDD on saed14lvt_c/SAEDLVT14_NR3_1/frame
        does not match expected value 'in' from saed14lvt_c/SAEDLVT14_NR3_1/timing (NDM-032w)
Warning: Direction 'inout' for port VSS on saed14lvt_c/SAEDLVT14_NR3_1/frame
        does not match expected value 'in' from saed14lvt_c/SAEDLVT14_NR3_1/timing (NDM-032w)
Information: Fixed direction mismatches for block SAEDLVT14_NR3_1 (LM-054)
Warning: Direction 'inout' for port VDD on saed14lvt_c/SAEDLVT14_NR3_2/frame
        does not match expected value 'in' from saed14lvt_c/SAEDLVT14_NR3_2/timing (NDM-032w)
Warning: Direction 'inout' for port VSS on saed14lvt_c/SAEDLVT14_NR3_2/frame
        does not match expected value 'in' from saed14lvt_c/SAEDLVT14_NR3_2/timing (NDM-032w)
Information: Fixed direction mismatches for block SAEDLVT14_NR3_2 (LM-054)
Warning: Direction 'inout' for port VDD on saed14lvt_c/SAEDLVT14_NR3_3/frame
        does not match expected value 'in' from saed14lvt_c/SAEDLVT14_NR3_3/timing (NDM-032w)
Warning: Direction 'inout' for port VSS on saed14lvt_c/SAEDLVT14_NR3_3/frame
        does not match expected value 'in' from saed14lvt_c/SAEDLVT14_NR3_3/timing (NDM-032w)
Information: Fixed direction mismatches for block SAEDLVT14_NR3_3 (LM-054)
Warning: Direction 'inout' for port VDD on saed14lvt_c/SAEDLVT14_NR3_4/frame
        does not match expected value 'in' from saed14lvt_c/SAEDLVT14_NR3_4/timing (NDM-032w)
Warning: Direction 'inout' for port VSS on saed14lvt_c/SAEDLVT14_NR3_4/frame
        does not match expected value 'in' from saed14lvt_c/SAEDLVT14_NR3_4/timing (NDM-032w)
Information: Fixed direction mismatches for block SAEDLVT14_NR3_4 (LM-054)
Warning: Direction 'inout' for port VDD on saed14lvt_c/SAEDLVT14_NR3_8/frame
        does not match expected value 'in' from saed14lvt_c/SAEDLVT14_NR3_8/timing (NDM-032w)
Warning: Direction 'inout' for port VSS on saed14lvt_c/SAEDLVT14_NR3_8/frame
        does not match expected value 'in' from saed14lvt_c/SAEDLVT14_NR3_8/timing (NDM-032w)
Information: Fixed direction mismatches for block SAEDLVT14_NR3_8 (LM-054)
Warning: Direction 'inout' for port VDD on saed14lvt_c/SAEDLVT14_NR3B_0P75/frame
        does not match expected value 'in' from saed14lvt_c/SAEDLVT14_NR3B_0P75/timing (NDM-032w)
Warning: Direction 'inout' for port VSS on saed14lvt_c/SAEDLVT14_NR3B_0P75/frame
        does not match expected value 'in' from saed14lvt_c/SAEDLVT14_NR3B_0P75/timing (NDM-032w)
Information: Fixed direction mismatches for block SAEDLVT14_NR3B_0P75 (LM-054)
Warning: Direction 'inout' for port VDD on saed14lvt_c/SAEDLVT14_NR3B_1P5/frame
        does not match expected value 'in' from saed14lvt_c/SAEDLVT14_NR3B_1P5/timing (NDM-032w)
Warning: Direction 'inout' for port VSS on saed14lvt_c/SAEDLVT14_NR3B_1P5/frame
        does not match expected value 'in' from saed14lvt_c/SAEDLVT14_NR3B_1P5/timing (NDM-032w)
Information: Fixed direction mismatches for block SAEDLVT14_NR3B_1P5 (LM-054)
Warning: Direction 'inout' for port VDD on saed14lvt_c/SAEDLVT14_NR3B_1/frame
        does not match expected value 'in' from saed14lvt_c/SAEDLVT14_NR3B_1/timing (NDM-032w)
Warning: Direction 'inout' for port VSS on saed14lvt_c/SAEDLVT14_NR3B_1/frame
        does not match expected value 'in' from saed14lvt_c/SAEDLVT14_NR3B_1/timing (NDM-032w)
Information: Fixed direction mismatches for block SAEDLVT14_NR3B_1 (LM-054)
Warning: Direction 'inout' for port VDD on saed14lvt_c/SAEDLVT14_NR3B_2/frame
        does not match expected value 'in' from saed14lvt_c/SAEDLVT14_NR3B_2/timing (NDM-032w)
Warning: Direction 'inout' for port VSS on saed14lvt_c/SAEDLVT14_NR3B_2/frame
        does not match expected value 'in' from saed14lvt_c/SAEDLVT14_NR3B_2/timing (NDM-032w)
Information: Fixed direction mismatches for block SAEDLVT14_NR3B_2 (LM-054)
Warning: Direction 'inout' for port VDD on saed14lvt_c/SAEDLVT14_NR3B_4/frame
        does not match expected value 'in' from saed14lvt_c/SAEDLVT14_NR3B_4/timing (NDM-032w)
Warning: Direction 'inout' for port VSS on saed14lvt_c/SAEDLVT14_NR3B_4/frame
        does not match expected value 'in' from saed14lvt_c/SAEDLVT14_NR3B_4/timing (NDM-032w)
Information: Fixed direction mismatches for block SAEDLVT14_NR3B_4 (LM-054)
Warning: Direction 'inout' for port VDD on saed14lvt_c/SAEDLVT14_NR3B_U_0P5/frame
        does not match expected value 'in' from saed14lvt_c/SAEDLVT14_NR3B_U_0P5/timing (NDM-032w)
Warning: Direction 'inout' for port VSS on saed14lvt_c/SAEDLVT14_NR3B_U_0P5/frame
        does not match expected value 'in' from saed14lvt_c/SAEDLVT14_NR3B_U_0P5/timing (NDM-032w)
Information: Fixed direction mismatches for block SAEDLVT14_NR3B_U_0P5 (LM-054)
Warning: Direction 'inout' for port VDD on saed14lvt_c/SAEDLVT14_NR3_ECO_1/frame
        does not match expected value 'in' from saed14lvt_c/SAEDLVT14_NR3_ECO_1/timing (NDM-032w)
Warning: Direction 'inout' for port VSS on saed14lvt_c/SAEDLVT14_NR3_ECO_1/frame
        does not match expected value 'in' from saed14lvt_c/SAEDLVT14_NR3_ECO_1/timing (NDM-032w)
Information: Fixed direction mismatches for block SAEDLVT14_NR3_ECO_1 (LM-054)
Warning: Direction 'inout' for port VDD on saed14lvt_c/SAEDLVT14_NR4_0P75/frame
        does not match expected value 'in' from saed14lvt_c/SAEDLVT14_NR4_0P75/timing (NDM-032w)
Warning: Direction 'inout' for port VSS on saed14lvt_c/SAEDLVT14_NR4_0P75/frame
        does not match expected value 'in' from saed14lvt_c/SAEDLVT14_NR4_0P75/timing (NDM-032w)
Information: Fixed direction mismatches for block SAEDLVT14_NR4_0P75 (LM-054)
Warning: Direction 'inout' for port VDD on saed14lvt_c/SAEDLVT14_NR4_2/frame
        does not match expected value 'in' from saed14lvt_c/SAEDLVT14_NR4_2/timing (NDM-032w)
Warning: Direction 'inout' for port VSS on saed14lvt_c/SAEDLVT14_NR4_2/frame
        does not match expected value 'in' from saed14lvt_c/SAEDLVT14_NR4_2/timing (NDM-032w)
Information: Fixed direction mismatches for block SAEDLVT14_NR4_2 (LM-054)
Warning: Direction 'inout' for port VDD on saed14lvt_c/SAEDLVT14_OA211_1/frame
        does not match expected value 'in' from saed14lvt_c/SAEDLVT14_OA211_1/timing (NDM-032w)
Warning: Direction 'inout' for port VSS on saed14lvt_c/SAEDLVT14_OA211_1/frame
        does not match expected value 'in' from saed14lvt_c/SAEDLVT14_OA211_1/timing (NDM-032w)
Information: Fixed direction mismatches for block SAEDLVT14_OA211_1 (LM-054)
Warning: Direction 'inout' for port VSS on saed14lvt_c/SAEDLVT14_OA211_2/frame
        does not match expected value 'in' from saed14lvt_c/SAEDLVT14_OA211_2/timing (NDM-032w)
Warning: Direction 'inout' for port VDD on saed14lvt_c/SAEDLVT14_OA211_2/frame
        does not match expected value 'in' from saed14lvt_c/SAEDLVT14_OA211_2/timing (NDM-032w)
Information: Fixed direction mismatches for block SAEDLVT14_OA211_2 (LM-054)
Warning: Direction 'inout' for port VSS on saed14lvt_c/SAEDLVT14_OA211_4/frame
        does not match expected value 'in' from saed14lvt_c/SAEDLVT14_OA211_4/timing (NDM-032w)
Warning: Direction 'inout' for port VDD on saed14lvt_c/SAEDLVT14_OA211_4/frame
        does not match expected value 'in' from saed14lvt_c/SAEDLVT14_OA211_4/timing (NDM-032w)
Information: Fixed direction mismatches for block SAEDLVT14_OA211_4 (LM-054)
Warning: Direction 'inout' for port VDD on saed14lvt_c/SAEDLVT14_OA21_1/frame
        does not match expected value 'in' from saed14lvt_c/SAEDLVT14_OA21_1/timing (NDM-032w)
Warning: Direction 'inout' for port VSS on saed14lvt_c/SAEDLVT14_OA21_1/frame
        does not match expected value 'in' from saed14lvt_c/SAEDLVT14_OA21_1/timing (NDM-032w)
Information: Fixed direction mismatches for block SAEDLVT14_OA21_1 (LM-054)
Warning: Direction 'inout' for port VDD on saed14lvt_c/SAEDLVT14_OA211_U_0P5/frame
        does not match expected value 'in' from saed14lvt_c/SAEDLVT14_OA211_U_0P5/timing (NDM-032w)
Warning: Direction 'inout' for port VSS on saed14lvt_c/SAEDLVT14_OA211_U_0P5/frame
        does not match expected value 'in' from saed14lvt_c/SAEDLVT14_OA211_U_0P5/timing (NDM-032w)
Information: Fixed direction mismatches for block SAEDLVT14_OA211_U_0P5 (LM-054)
Warning: Direction 'inout' for port VDD on saed14lvt_c/SAEDLVT14_OA21_2/frame
        does not match expected value 'in' from saed14lvt_c/SAEDLVT14_OA21_2/timing (NDM-032w)
Warning: Direction 'inout' for port VSS on saed14lvt_c/SAEDLVT14_OA21_2/frame
        does not match expected value 'in' from saed14lvt_c/SAEDLVT14_OA21_2/timing (NDM-032w)
Information: Fixed direction mismatches for block SAEDLVT14_OA21_2 (LM-054)
Warning: Direction 'inout' for port VDD on saed14lvt_c/SAEDLVT14_OA21_4/frame
        does not match expected value 'in' from saed14lvt_c/SAEDLVT14_OA21_4/timing (NDM-032w)
Warning: Direction 'inout' for port VSS on saed14lvt_c/SAEDLVT14_OA21_4/frame
        does not match expected value 'in' from saed14lvt_c/SAEDLVT14_OA21_4/timing (NDM-032w)
Information: Fixed direction mismatches for block SAEDLVT14_OA21_4 (LM-054)
Warning: Direction 'inout' for port VDD on saed14lvt_c/SAEDLVT14_OA21B_1/frame
        does not match expected value 'in' from saed14lvt_c/SAEDLVT14_OA21B_1/timing (NDM-032w)
Warning: Direction 'inout' for port VSS on saed14lvt_c/SAEDLVT14_OA21B_1/frame
        does not match expected value 'in' from saed14lvt_c/SAEDLVT14_OA21B_1/timing (NDM-032w)
Information: Fixed direction mismatches for block SAEDLVT14_OA21B_1 (LM-054)
Warning: Direction 'inout' for port VDD on saed14lvt_c/SAEDLVT14_OA21B_2/frame
        does not match expected value 'in' from saed14lvt_c/SAEDLVT14_OA21B_2/timing (NDM-032w)
Warning: Direction 'inout' for port VSS on saed14lvt_c/SAEDLVT14_OA21B_2/frame
        does not match expected value 'in' from saed14lvt_c/SAEDLVT14_OA21B_2/timing (NDM-032w)
Information: Fixed direction mismatches for block SAEDLVT14_OA21B_2 (LM-054)
Warning: Direction 'inout' for port VDD on saed14lvt_c/SAEDLVT14_OA21B_4/frame
        does not match expected value 'in' from saed14lvt_c/SAEDLVT14_OA21B_4/timing (NDM-032w)
Warning: Direction 'inout' for port VSS on saed14lvt_c/SAEDLVT14_OA21B_4/frame
        does not match expected value 'in' from saed14lvt_c/SAEDLVT14_OA21B_4/timing (NDM-032w)
Information: Fixed direction mismatches for block SAEDLVT14_OA21B_4 (LM-054)
Warning: Direction 'inout' for port VDD on saed14lvt_c/SAEDLVT14_OA21B_U_0P5/frame
        does not match expected value 'in' from saed14lvt_c/SAEDLVT14_OA21B_U_0P5/timing (NDM-032w)
Warning: Direction 'inout' for port VSS on saed14lvt_c/SAEDLVT14_OA21B_U_0P5/frame
        does not match expected value 'in' from saed14lvt_c/SAEDLVT14_OA21B_U_0P5/timing (NDM-032w)
Information: Fixed direction mismatches for block SAEDLVT14_OA21B_U_0P5 (LM-054)
Warning: Direction 'inout' for port VDD on saed14lvt_c/SAEDLVT14_OA21_MM_1/frame
        does not match expected value 'in' from saed14lvt_c/SAEDLVT14_OA21_MM_1/timing (NDM-032w)
Warning: Direction 'inout' for port VSS on saed14lvt_c/SAEDLVT14_OA21_MM_1/frame
        does not match expected value 'in' from saed14lvt_c/SAEDLVT14_OA21_MM_1/timing (NDM-032w)
Information: Fixed direction mismatches for block SAEDLVT14_OA21_MM_1 (LM-054)
Warning: Direction 'inout' for port VDD on saed14lvt_c/SAEDLVT14_OA21_MM_2/frame
        does not match expected value 'in' from saed14lvt_c/SAEDLVT14_OA21_MM_2/timing (NDM-032w)
Warning: Direction 'inout' for port VSS on saed14lvt_c/SAEDLVT14_OA21_MM_2/frame
        does not match expected value 'in' from saed14lvt_c/SAEDLVT14_OA21_MM_2/timing (NDM-032w)
Information: Fixed direction mismatches for block SAEDLVT14_OA21_MM_2 (LM-054)
Warning: Direction 'inout' for port VDD on saed14lvt_c/SAEDLVT14_OA21_MM_6/frame
        does not match expected value 'in' from saed14lvt_c/SAEDLVT14_OA21_MM_6/timing (NDM-032w)
Warning: Direction 'inout' for port VSS on saed14lvt_c/SAEDLVT14_OA21_MM_6/frame
        does not match expected value 'in' from saed14lvt_c/SAEDLVT14_OA21_MM_6/timing (NDM-032w)
Information: Fixed direction mismatches for block SAEDLVT14_OA21_MM_6 (LM-054)
Warning: Direction 'inout' for port VDD on saed14lvt_c/SAEDLVT14_OA21_U_0P5/frame
        does not match expected value 'in' from saed14lvt_c/SAEDLVT14_OA21_U_0P5/timing (NDM-032w)
Warning: Direction 'inout' for port VSS on saed14lvt_c/SAEDLVT14_OA21_U_0P5/frame
        does not match expected value 'in' from saed14lvt_c/SAEDLVT14_OA21_U_0P5/timing (NDM-032w)
Information: Fixed direction mismatches for block SAEDLVT14_OA21_U_0P5 (LM-054)
Warning: Direction 'inout' for port VDD on saed14lvt_c/SAEDLVT14_OA22_0P75/frame
        does not match expected value 'in' from saed14lvt_c/SAEDLVT14_OA22_0P75/timing (NDM-032w)
Warning: Direction 'inout' for port VSS on saed14lvt_c/SAEDLVT14_OA22_0P75/frame
        does not match expected value 'in' from saed14lvt_c/SAEDLVT14_OA22_0P75/timing (NDM-032w)
Information: Fixed direction mismatches for block SAEDLVT14_OA22_0P75 (LM-054)
Warning: Direction 'inout' for port VDD on saed14lvt_c/SAEDLVT14_OA221_1/frame
        does not match expected value 'in' from saed14lvt_c/SAEDLVT14_OA221_1/timing (NDM-032w)
Warning: Direction 'inout' for port VSS on saed14lvt_c/SAEDLVT14_OA221_1/frame
        does not match expected value 'in' from saed14lvt_c/SAEDLVT14_OA221_1/timing (NDM-032w)
Information: Fixed direction mismatches for block SAEDLVT14_OA221_1 (LM-054)
Warning: Direction 'inout' for port VDD on saed14lvt_c/SAEDLVT14_OA221_2/frame
        does not match expected value 'in' from saed14lvt_c/SAEDLVT14_OA221_2/timing (NDM-032w)
Warning: Direction 'inout' for port VSS on saed14lvt_c/SAEDLVT14_OA221_2/frame
        does not match expected value 'in' from saed14lvt_c/SAEDLVT14_OA221_2/timing (NDM-032w)
Information: Fixed direction mismatches for block SAEDLVT14_OA221_2 (LM-054)
Warning: Direction 'inout' for port VDD on saed14lvt_c/SAEDLVT14_OA221_4/frame
        does not match expected value 'in' from saed14lvt_c/SAEDLVT14_OA221_4/timing (NDM-032w)
Warning: Direction 'inout' for port VSS on saed14lvt_c/SAEDLVT14_OA221_4/frame
        does not match expected value 'in' from saed14lvt_c/SAEDLVT14_OA221_4/timing (NDM-032w)
Information: Fixed direction mismatches for block SAEDLVT14_OA221_4 (LM-054)
Warning: Direction 'inout' for port VDD on saed14lvt_c/SAEDLVT14_OA22_1/frame
        does not match expected value 'in' from saed14lvt_c/SAEDLVT14_OA22_1/timing (NDM-032w)
Warning: Direction 'inout' for port VSS on saed14lvt_c/SAEDLVT14_OA22_1/frame
        does not match expected value 'in' from saed14lvt_c/SAEDLVT14_OA22_1/timing (NDM-032w)
Information: Fixed direction mismatches for block SAEDLVT14_OA22_1 (LM-054)
Warning: Direction 'inout' for port VDD on saed14lvt_c/SAEDLVT14_OA221_U_0P5/frame
        does not match expected value 'in' from saed14lvt_c/SAEDLVT14_OA221_U_0P5/timing (NDM-032w)
Warning: Direction 'inout' for port VSS on saed14lvt_c/SAEDLVT14_OA221_U_0P5/frame
        does not match expected value 'in' from saed14lvt_c/SAEDLVT14_OA221_U_0P5/timing (NDM-032w)
Information: Fixed direction mismatches for block SAEDLVT14_OA221_U_0P5 (LM-054)
Warning: Direction 'inout' for port VDD on saed14lvt_c/SAEDLVT14_OA222_1/frame
        does not match expected value 'in' from saed14lvt_c/SAEDLVT14_OA222_1/timing (NDM-032w)
Warning: Direction 'inout' for port VSS on saed14lvt_c/SAEDLVT14_OA222_1/frame
        does not match expected value 'in' from saed14lvt_c/SAEDLVT14_OA222_1/timing (NDM-032w)
Information: Fixed direction mismatches for block SAEDLVT14_OA222_1 (LM-054)
Warning: Direction 'inout' for port VDD on saed14lvt_c/SAEDLVT14_OA222_2/frame
        does not match expected value 'in' from saed14lvt_c/SAEDLVT14_OA222_2/timing (NDM-032w)
Warning: Direction 'inout' for port VSS on saed14lvt_c/SAEDLVT14_OA222_2/frame
        does not match expected value 'in' from saed14lvt_c/SAEDLVT14_OA222_2/timing (NDM-032w)
Information: Fixed direction mismatches for block SAEDLVT14_OA222_2 (LM-054)
Warning: Direction 'inout' for port VDD on saed14lvt_c/SAEDLVT14_OA222_4/frame
        does not match expected value 'in' from saed14lvt_c/SAEDLVT14_OA222_4/timing (NDM-032w)
Warning: Direction 'inout' for port VSS on saed14lvt_c/SAEDLVT14_OA222_4/frame
        does not match expected value 'in' from saed14lvt_c/SAEDLVT14_OA222_4/timing (NDM-032w)
Information: Fixed direction mismatches for block SAEDLVT14_OA222_4 (LM-054)
Warning: Direction 'inout' for port VDD on saed14lvt_c/SAEDLVT14_OA22_2/frame
        does not match expected value 'in' from saed14lvt_c/SAEDLVT14_OA22_2/timing (NDM-032w)
Warning: Direction 'inout' for port VSS on saed14lvt_c/SAEDLVT14_OA22_2/frame
        does not match expected value 'in' from saed14lvt_c/SAEDLVT14_OA22_2/timing (NDM-032w)
Information: Fixed direction mismatches for block SAEDLVT14_OA22_2 (LM-054)
Warning: Direction 'inout' for port VDD on saed14lvt_c/SAEDLVT14_OA222_U_0P5/frame
        does not match expected value 'in' from saed14lvt_c/SAEDLVT14_OA222_U_0P5/timing (NDM-032w)
Warning: Direction 'inout' for port VSS on saed14lvt_c/SAEDLVT14_OA222_U_0P5/frame
        does not match expected value 'in' from saed14lvt_c/SAEDLVT14_OA222_U_0P5/timing (NDM-032w)
Information: Fixed direction mismatches for block SAEDLVT14_OA222_U_0P5 (LM-054)
Warning: Direction 'inout' for port VDD on saed14lvt_c/SAEDLVT14_OA22_4/frame
        does not match expected value 'in' from saed14lvt_c/SAEDLVT14_OA22_4/timing (NDM-032w)
Warning: Direction 'inout' for port VSS on saed14lvt_c/SAEDLVT14_OA22_4/frame
        does not match expected value 'in' from saed14lvt_c/SAEDLVT14_OA22_4/timing (NDM-032w)
Information: Fixed direction mismatches for block SAEDLVT14_OA22_4 (LM-054)
Warning: Direction 'inout' for port VDD on saed14lvt_c/SAEDLVT14_OA22_U_0P5/frame
        does not match expected value 'in' from saed14lvt_c/SAEDLVT14_OA22_U_0P5/timing (NDM-032w)
Warning: Direction 'inout' for port VSS on saed14lvt_c/SAEDLVT14_OA22_U_0P5/frame
        does not match expected value 'in' from saed14lvt_c/SAEDLVT14_OA22_U_0P5/timing (NDM-032w)
Information: Fixed direction mismatches for block SAEDLVT14_OA22_U_0P5 (LM-054)
Warning: Direction 'inout' for port VDD on saed14lvt_c/SAEDLVT14_OA2BB2_0P5/frame
        does not match expected value 'in' from saed14lvt_c/SAEDLVT14_OA2BB2_0P5/timing (NDM-032w)
Warning: Direction 'inout' for port VSS on saed14lvt_c/SAEDLVT14_OA2BB2_0P5/frame
        does not match expected value 'in' from saed14lvt_c/SAEDLVT14_OA2BB2_0P5/timing (NDM-032w)
Information: Fixed direction mismatches for block SAEDLVT14_OA2BB2_0P5 (LM-054)
Warning: Direction 'inout' for port VDD on saed14lvt_c/SAEDLVT14_OA2BB2_1/frame
        does not match expected value 'in' from saed14lvt_c/SAEDLVT14_OA2BB2_1/timing (NDM-032w)
Warning: Direction 'inout' for port VSS on saed14lvt_c/SAEDLVT14_OA2BB2_1/frame
        does not match expected value 'in' from saed14lvt_c/SAEDLVT14_OA2BB2_1/timing (NDM-032w)
Information: Fixed direction mismatches for block SAEDLVT14_OA2BB2_1 (LM-054)
Warning: Direction 'inout' for port VSS on saed14lvt_c/SAEDLVT14_OA2BB2_2/frame
        does not match expected value 'in' from saed14lvt_c/SAEDLVT14_OA2BB2_2/timing (NDM-032w)
Warning: Direction 'inout' for port VDD on saed14lvt_c/SAEDLVT14_OA2BB2_2/frame
        does not match expected value 'in' from saed14lvt_c/SAEDLVT14_OA2BB2_2/timing (NDM-032w)
Information: Fixed direction mismatches for block SAEDLVT14_OA2BB2_2 (LM-054)
Warning: Direction 'inout' for port VSS on saed14lvt_c/SAEDLVT14_OA2BB2_4/frame
        does not match expected value 'in' from saed14lvt_c/SAEDLVT14_OA2BB2_4/timing (NDM-032w)
Warning: Direction 'inout' for port VDD on saed14lvt_c/SAEDLVT14_OA2BB2_4/frame
        does not match expected value 'in' from saed14lvt_c/SAEDLVT14_OA2BB2_4/timing (NDM-032w)
Information: Fixed direction mismatches for block SAEDLVT14_OA2BB2_4 (LM-054)
Warning: Direction 'inout' for port VSS on saed14lvt_c/SAEDLVT14_OA2BB2_V1_0P5/frame
        does not match expected value 'in' from saed14lvt_c/SAEDLVT14_OA2BB2_V1_0P5/timing (NDM-032w)
Warning: Direction 'inout' for port VDD on saed14lvt_c/SAEDLVT14_OA2BB2_V1_0P5/frame
        does not match expected value 'in' from saed14lvt_c/SAEDLVT14_OA2BB2_V1_0P5/timing (NDM-032w)
Information: Fixed direction mismatches for block SAEDLVT14_OA2BB2_V1_0P5 (LM-054)
Warning: Direction 'inout' for port VSS on saed14lvt_c/SAEDLVT14_OA2BB2_V1_0P75/frame
        does not match expected value 'in' from saed14lvt_c/SAEDLVT14_OA2BB2_V1_0P75/timing (NDM-032w)
Warning: Direction 'inout' for port VDD on saed14lvt_c/SAEDLVT14_OA2BB2_V1_0P75/frame
        does not match expected value 'in' from saed14lvt_c/SAEDLVT14_OA2BB2_V1_0P75/timing (NDM-032w)
Information: Fixed direction mismatches for block SAEDLVT14_OA2BB2_V1_0P75 (LM-054)
Warning: Direction 'inout' for port VSS on saed14lvt_c/SAEDLVT14_OA2BB2_V1_1/frame
        does not match expected value 'in' from saed14lvt_c/SAEDLVT14_OA2BB2_V1_1/timing (NDM-032w)
Warning: Direction 'inout' for port VDD on saed14lvt_c/SAEDLVT14_OA2BB2_V1_1/frame
        does not match expected value 'in' from saed14lvt_c/SAEDLVT14_OA2BB2_V1_1/timing (NDM-032w)
Information: Fixed direction mismatches for block SAEDLVT14_OA2BB2_V1_1 (LM-054)
Warning: Direction 'inout' for port VDD on saed14lvt_c/SAEDLVT14_OA2BB2_V1_2/frame
        does not match expected value 'in' from saed14lvt_c/SAEDLVT14_OA2BB2_V1_2/timing (NDM-032w)
Warning: Direction 'inout' for port VSS on saed14lvt_c/SAEDLVT14_OA2BB2_V1_2/frame
        does not match expected value 'in' from saed14lvt_c/SAEDLVT14_OA2BB2_V1_2/timing (NDM-032w)
Information: Fixed direction mismatches for block SAEDLVT14_OA2BB2_V1_2 (LM-054)
Warning: Direction 'inout' for port VSS on saed14lvt_c/SAEDLVT14_OA2BB2_V1_4/frame
        does not match expected value 'in' from saed14lvt_c/SAEDLVT14_OA2BB2_V1_4/timing (NDM-032w)
Warning: Direction 'inout' for port VDD on saed14lvt_c/SAEDLVT14_OA2BB2_V1_4/frame
        does not match expected value 'in' from saed14lvt_c/SAEDLVT14_OA2BB2_V1_4/timing (NDM-032w)
Information: Fixed direction mismatches for block SAEDLVT14_OA2BB2_V1_4 (LM-054)
Warning: Direction 'inout' for port VSS on saed14lvt_c/SAEDLVT14_OA31_1P5/frame
        does not match expected value 'in' from saed14lvt_c/SAEDLVT14_OA31_1P5/timing (NDM-032w)
Warning: Direction 'inout' for port VDD on saed14lvt_c/SAEDLVT14_OA31_1P5/frame
        does not match expected value 'in' from saed14lvt_c/SAEDLVT14_OA31_1P5/timing (NDM-032w)
Information: Fixed direction mismatches for block SAEDLVT14_OA31_1P5 (LM-054)
Warning: Direction 'inout' for port VDD on saed14lvt_c/SAEDLVT14_OA31_1/frame
        does not match expected value 'in' from saed14lvt_c/SAEDLVT14_OA31_1/timing (NDM-032w)
Warning: Direction 'inout' for port VSS on saed14lvt_c/SAEDLVT14_OA31_1/frame
        does not match expected value 'in' from saed14lvt_c/SAEDLVT14_OA31_1/timing (NDM-032w)
Information: Fixed direction mismatches for block SAEDLVT14_OA31_1 (LM-054)
Warning: Direction 'inout' for port VSS on saed14lvt_c/SAEDLVT14_OA31_2/frame
        does not match expected value 'in' from saed14lvt_c/SAEDLVT14_OA31_2/timing (NDM-032w)
Warning: Direction 'inout' for port VDD on saed14lvt_c/SAEDLVT14_OA31_2/frame
        does not match expected value 'in' from saed14lvt_c/SAEDLVT14_OA31_2/timing (NDM-032w)
Information: Fixed direction mismatches for block SAEDLVT14_OA31_2 (LM-054)
Warning: Direction 'inout' for port VSS on saed14lvt_c/SAEDLVT14_OA31_4/frame
        does not match expected value 'in' from saed14lvt_c/SAEDLVT14_OA31_4/timing (NDM-032w)
Warning: Direction 'inout' for port VDD on saed14lvt_c/SAEDLVT14_OA31_4/frame
        does not match expected value 'in' from saed14lvt_c/SAEDLVT14_OA31_4/timing (NDM-032w)
Information: Fixed direction mismatches for block SAEDLVT14_OA31_4 (LM-054)
Warning: Direction 'inout' for port VDD on saed14lvt_c/SAEDLVT14_OA31_U_0P5/frame
        does not match expected value 'in' from saed14lvt_c/SAEDLVT14_OA31_U_0P5/timing (NDM-032w)
Warning: Direction 'inout' for port VSS on saed14lvt_c/SAEDLVT14_OA31_U_0P5/frame
        does not match expected value 'in' from saed14lvt_c/SAEDLVT14_OA31_U_0P5/timing (NDM-032w)
Information: Fixed direction mismatches for block SAEDLVT14_OA31_U_0P5 (LM-054)
Warning: Direction 'inout' for port VSS on saed14lvt_c/SAEDLVT14_OA32_0P75/frame
        does not match expected value 'in' from saed14lvt_c/SAEDLVT14_OA32_0P75/timing (NDM-032w)
Warning: Direction 'inout' for port VDD on saed14lvt_c/SAEDLVT14_OA32_0P75/frame
        does not match expected value 'in' from saed14lvt_c/SAEDLVT14_OA32_0P75/timing (NDM-032w)
Information: Fixed direction mismatches for block SAEDLVT14_OA32_0P75 (LM-054)
Warning: Direction 'inout' for port VSS on saed14lvt_c/SAEDLVT14_OA32_1/frame
        does not match expected value 'in' from saed14lvt_c/SAEDLVT14_OA32_1/timing (NDM-032w)
Warning: Direction 'inout' for port VDD on saed14lvt_c/SAEDLVT14_OA32_1/frame
        does not match expected value 'in' from saed14lvt_c/SAEDLVT14_OA32_1/timing (NDM-032w)
Information: Fixed direction mismatches for block SAEDLVT14_OA32_1 (LM-054)
Warning: Direction 'inout' for port VSS on saed14lvt_c/SAEDLVT14_OA32_2/frame
        does not match expected value 'in' from saed14lvt_c/SAEDLVT14_OA32_2/timing (NDM-032w)
Warning: Direction 'inout' for port VDD on saed14lvt_c/SAEDLVT14_OA32_2/frame
        does not match expected value 'in' from saed14lvt_c/SAEDLVT14_OA32_2/timing (NDM-032w)
Information: Fixed direction mismatches for block SAEDLVT14_OA32_2 (LM-054)
Warning: Direction 'inout' for port VSS on saed14lvt_c/SAEDLVT14_OA32_4/frame
        does not match expected value 'in' from saed14lvt_c/SAEDLVT14_OA32_4/timing (NDM-032w)
Warning: Direction 'inout' for port VDD on saed14lvt_c/SAEDLVT14_OA32_4/frame
        does not match expected value 'in' from saed14lvt_c/SAEDLVT14_OA32_4/timing (NDM-032w)
Information: Fixed direction mismatches for block SAEDLVT14_OA32_4 (LM-054)
Warning: Direction 'inout' for port VDD on saed14lvt_c/SAEDLVT14_OA32_U_0P5/frame
        does not match expected value 'in' from saed14lvt_c/SAEDLVT14_OA32_U_0P5/timing (NDM-032w)
Warning: Direction 'inout' for port VSS on saed14lvt_c/SAEDLVT14_OA32_U_0P5/frame
        does not match expected value 'in' from saed14lvt_c/SAEDLVT14_OA32_U_0P5/timing (NDM-032w)
Information: Fixed direction mismatches for block SAEDLVT14_OA32_U_0P5 (LM-054)
Warning: Direction 'inout' for port VDD on saed14lvt_c/SAEDLVT14_OA33_1/frame
        does not match expected value 'in' from saed14lvt_c/SAEDLVT14_OA33_1/timing (NDM-032w)
Warning: Direction 'inout' for port VSS on saed14lvt_c/SAEDLVT14_OA33_1/frame
        does not match expected value 'in' from saed14lvt_c/SAEDLVT14_OA33_1/timing (NDM-032w)
Information: Fixed direction mismatches for block SAEDLVT14_OA33_1 (LM-054)
Warning: Direction 'inout' for port VSS on saed14lvt_c/SAEDLVT14_OA33_2/frame
        does not match expected value 'in' from saed14lvt_c/SAEDLVT14_OA33_2/timing (NDM-032w)
Warning: Direction 'inout' for port VDD on saed14lvt_c/SAEDLVT14_OA33_2/frame
        does not match expected value 'in' from saed14lvt_c/SAEDLVT14_OA33_2/timing (NDM-032w)
Information: Fixed direction mismatches for block SAEDLVT14_OA33_2 (LM-054)
Warning: Direction 'inout' for port VDD on saed14lvt_c/SAEDLVT14_OA33_4/frame
        does not match expected value 'in' from saed14lvt_c/SAEDLVT14_OA33_4/timing (NDM-032w)
Warning: Direction 'inout' for port VSS on saed14lvt_c/SAEDLVT14_OA33_4/frame
        does not match expected value 'in' from saed14lvt_c/SAEDLVT14_OA33_4/timing (NDM-032w)
Information: Fixed direction mismatches for block SAEDLVT14_OA33_4 (LM-054)
Warning: Direction 'inout' for port VSS on saed14lvt_c/SAEDLVT14_OA33_U_0P5/frame
        does not match expected value 'in' from saed14lvt_c/SAEDLVT14_OA33_U_0P5/timing (NDM-032w)
Warning: Direction 'inout' for port VDD on saed14lvt_c/SAEDLVT14_OA33_U_0P5/frame
        does not match expected value 'in' from saed14lvt_c/SAEDLVT14_OA33_U_0P5/timing (NDM-032w)
Information: Fixed direction mismatches for block SAEDLVT14_OA33_U_0P5 (LM-054)
Warning: Direction 'inout' for port VDD on saed14lvt_c/SAEDLVT14_OAI21_0P5/frame
        does not match expected value 'in' from saed14lvt_c/SAEDLVT14_OAI21_0P5/timing (NDM-032w)
Warning: Direction 'inout' for port VSS on saed14lvt_c/SAEDLVT14_OAI21_0P5/frame
        does not match expected value 'in' from saed14lvt_c/SAEDLVT14_OAI21_0P5/timing (NDM-032w)
Information: Fixed direction mismatches for block SAEDLVT14_OAI21_0P5 (LM-054)
Warning: Direction 'inout' for port VDD on saed14lvt_c/SAEDLVT14_OAI21_0P75/frame
        does not match expected value 'in' from saed14lvt_c/SAEDLVT14_OAI21_0P75/timing (NDM-032w)
Warning: Direction 'inout' for port VSS on saed14lvt_c/SAEDLVT14_OAI21_0P75/frame
        does not match expected value 'in' from saed14lvt_c/SAEDLVT14_OAI21_0P75/timing (NDM-032w)
Information: Fixed direction mismatches for block SAEDLVT14_OAI21_0P75 (LM-054)
Warning: Direction 'inout' for port VSS on saed14lvt_c/SAEDLVT14_OAI211_0P5/frame
        does not match expected value 'in' from saed14lvt_c/SAEDLVT14_OAI211_0P5/timing (NDM-032w)
Warning: Direction 'inout' for port VDD on saed14lvt_c/SAEDLVT14_OAI211_0P5/frame
        does not match expected value 'in' from saed14lvt_c/SAEDLVT14_OAI211_0P5/timing (NDM-032w)
Information: Fixed direction mismatches for block SAEDLVT14_OAI211_0P5 (LM-054)
Warning: Direction 'inout' for port VDD on saed14lvt_c/SAEDLVT14_OAI211_1/frame
        does not match expected value 'in' from saed14lvt_c/SAEDLVT14_OAI211_1/timing (NDM-032w)
Warning: Direction 'inout' for port VSS on saed14lvt_c/SAEDLVT14_OAI211_1/frame
        does not match expected value 'in' from saed14lvt_c/SAEDLVT14_OAI211_1/timing (NDM-032w)
Information: Fixed direction mismatches for block SAEDLVT14_OAI211_1 (LM-054)
Warning: Direction 'inout' for port VDD on saed14lvt_c/SAEDLVT14_OAI211_2/frame
        does not match expected value 'in' from saed14lvt_c/SAEDLVT14_OAI211_2/timing (NDM-032w)
Warning: Direction 'inout' for port VSS on saed14lvt_c/SAEDLVT14_OAI211_2/frame
        does not match expected value 'in' from saed14lvt_c/SAEDLVT14_OAI211_2/timing (NDM-032w)
Information: Fixed direction mismatches for block SAEDLVT14_OAI211_2 (LM-054)
Warning: Direction 'inout' for port VSS on saed14lvt_c/SAEDLVT14_OAI211_4/frame
        does not match expected value 'in' from saed14lvt_c/SAEDLVT14_OAI211_4/timing (NDM-032w)
Warning: Direction 'inout' for port VDD on saed14lvt_c/SAEDLVT14_OAI211_4/frame
        does not match expected value 'in' from saed14lvt_c/SAEDLVT14_OAI211_4/timing (NDM-032w)
Information: Fixed direction mismatches for block SAEDLVT14_OAI211_4 (LM-054)
Warning: Direction 'inout' for port VDD on saed14lvt_c/SAEDLVT14_OAI21_1P5/frame
        does not match expected value 'in' from saed14lvt_c/SAEDLVT14_OAI21_1P5/timing (NDM-032w)
Warning: Direction 'inout' for port VSS on saed14lvt_c/SAEDLVT14_OAI21_1P5/frame
        does not match expected value 'in' from saed14lvt_c/SAEDLVT14_OAI21_1P5/timing (NDM-032w)
Information: Fixed direction mismatches for block SAEDLVT14_OAI21_1P5 (LM-054)
Warning: Direction 'inout' for port VDD on saed14lvt_c/SAEDLVT14_OAI21_1/frame
        does not match expected value 'in' from saed14lvt_c/SAEDLVT14_OAI21_1/timing (NDM-032w)
Warning: Direction 'inout' for port VSS on saed14lvt_c/SAEDLVT14_OAI21_1/frame
        does not match expected value 'in' from saed14lvt_c/SAEDLVT14_OAI21_1/timing (NDM-032w)
Information: Fixed direction mismatches for block SAEDLVT14_OAI21_1 (LM-054)
Warning: Direction 'inout' for port VDD on saed14lvt_c/SAEDLVT14_OAI21_2/frame
        does not match expected value 'in' from saed14lvt_c/SAEDLVT14_OAI21_2/timing (NDM-032w)
Warning: Direction 'inout' for port VSS on saed14lvt_c/SAEDLVT14_OAI21_2/frame
        does not match expected value 'in' from saed14lvt_c/SAEDLVT14_OAI21_2/timing (NDM-032w)
Information: Fixed direction mismatches for block SAEDLVT14_OAI21_2 (LM-054)
Warning: Direction 'inout' for port VDD on saed14lvt_c/SAEDLVT14_OAI21_3/frame
        does not match expected value 'in' from saed14lvt_c/SAEDLVT14_OAI21_3/timing (NDM-032w)
Warning: Direction 'inout' for port VSS on saed14lvt_c/SAEDLVT14_OAI21_3/frame
        does not match expected value 'in' from saed14lvt_c/SAEDLVT14_OAI21_3/timing (NDM-032w)
Information: Fixed direction mismatches for block SAEDLVT14_OAI21_3 (LM-054)
Warning: Direction 'inout' for port VSS on saed14lvt_c/SAEDLVT14_OAI21_4/frame
        does not match expected value 'in' from saed14lvt_c/SAEDLVT14_OAI21_4/timing (NDM-032w)
Warning: Direction 'inout' for port VDD on saed14lvt_c/SAEDLVT14_OAI21_4/frame
        does not match expected value 'in' from saed14lvt_c/SAEDLVT14_OAI21_4/timing (NDM-032w)
Information: Fixed direction mismatches for block SAEDLVT14_OAI21_4 (LM-054)
Warning: Direction 'inout' for port VDD on saed14lvt_c/SAEDLVT14_OAI21_V1_4/frame
        does not match expected value 'in' from saed14lvt_c/SAEDLVT14_OAI21_V1_4/timing (NDM-032w)
Warning: Direction 'inout' for port VSS on saed14lvt_c/SAEDLVT14_OAI21_V1_4/frame
        does not match expected value 'in' from saed14lvt_c/SAEDLVT14_OAI21_V1_4/timing (NDM-032w)
Information: Fixed direction mismatches for block SAEDLVT14_OAI21_V1_4 (LM-054)
Warning: Direction 'inout' for port VSS on saed14lvt_c/SAEDLVT14_OAI21_V1_6/frame
        does not match expected value 'in' from saed14lvt_c/SAEDLVT14_OAI21_V1_6/timing (NDM-032w)
Warning: Direction 'inout' for port VDD on saed14lvt_c/SAEDLVT14_OAI21_V1_6/frame
        does not match expected value 'in' from saed14lvt_c/SAEDLVT14_OAI21_V1_6/timing (NDM-032w)
Information: Fixed direction mismatches for block SAEDLVT14_OAI21_V1_6 (LM-054)
Warning: Direction 'inout' for port VSS on saed14lvt_c/SAEDLVT14_OAI21_V1_8/frame
        does not match expected value 'in' from saed14lvt_c/SAEDLVT14_OAI21_V1_8/timing (NDM-032w)
Warning: Direction 'inout' for port VDD on saed14lvt_c/SAEDLVT14_OAI21_V1_8/frame
        does not match expected value 'in' from saed14lvt_c/SAEDLVT14_OAI21_V1_8/timing (NDM-032w)
Information: Fixed direction mismatches for block SAEDLVT14_OAI21_V1_8 (LM-054)
Warning: Direction 'inout' for port VDD on saed14lvt_c/SAEDLVT14_OAI22_0P5/frame
        does not match expected value 'in' from saed14lvt_c/SAEDLVT14_OAI22_0P5/timing (NDM-032w)
Warning: Direction 'inout' for port VSS on saed14lvt_c/SAEDLVT14_OAI22_0P5/frame
        does not match expected value 'in' from saed14lvt_c/SAEDLVT14_OAI22_0P5/timing (NDM-032w)
Information: Fixed direction mismatches for block SAEDLVT14_OAI22_0P5 (LM-054)
Warning: Direction 'inout' for port VDD on saed14lvt_c/SAEDLVT14_OAI22_0P75/frame
        does not match expected value 'in' from saed14lvt_c/SAEDLVT14_OAI22_0P75/timing (NDM-032w)
Warning: Direction 'inout' for port VSS on saed14lvt_c/SAEDLVT14_OAI22_0P75/frame
        does not match expected value 'in' from saed14lvt_c/SAEDLVT14_OAI22_0P75/timing (NDM-032w)
Information: Fixed direction mismatches for block SAEDLVT14_OAI22_0P75 (LM-054)
Warning: Direction 'inout' for port VDD on saed14lvt_c/SAEDLVT14_OAI221_0P5/frame
        does not match expected value 'in' from saed14lvt_c/SAEDLVT14_OAI221_0P5/timing (NDM-032w)
Warning: Direction 'inout' for port VSS on saed14lvt_c/SAEDLVT14_OAI221_0P5/frame
        does not match expected value 'in' from saed14lvt_c/SAEDLVT14_OAI221_0P5/timing (NDM-032w)
Information: Fixed direction mismatches for block SAEDLVT14_OAI221_0P5 (LM-054)
Warning: Direction 'inout' for port VDD on saed14lvt_c/SAEDLVT14_OAI221_1/frame
        does not match expected value 'in' from saed14lvt_c/SAEDLVT14_OAI221_1/timing (NDM-032w)
Warning: Direction 'inout' for port VSS on saed14lvt_c/SAEDLVT14_OAI221_1/frame
        does not match expected value 'in' from saed14lvt_c/SAEDLVT14_OAI221_1/timing (NDM-032w)
Information: Fixed direction mismatches for block SAEDLVT14_OAI221_1 (LM-054)
Warning: Direction 'inout' for port VDD on saed14lvt_c/SAEDLVT14_OAI221_2/frame
        does not match expected value 'in' from saed14lvt_c/SAEDLVT14_OAI221_2/timing (NDM-032w)
Warning: Direction 'inout' for port VSS on saed14lvt_c/SAEDLVT14_OAI221_2/frame
        does not match expected value 'in' from saed14lvt_c/SAEDLVT14_OAI221_2/timing (NDM-032w)
Information: Fixed direction mismatches for block SAEDLVT14_OAI221_2 (LM-054)
Warning: Direction 'inout' for port VDD on saed14lvt_c/SAEDLVT14_OAI221_4/frame
        does not match expected value 'in' from saed14lvt_c/SAEDLVT14_OAI221_4/timing (NDM-032w)
Warning: Direction 'inout' for port VSS on saed14lvt_c/SAEDLVT14_OAI221_4/frame
        does not match expected value 'in' from saed14lvt_c/SAEDLVT14_OAI221_4/timing (NDM-032w)
Information: Fixed direction mismatches for block SAEDLVT14_OAI221_4 (LM-054)
Warning: Direction 'inout' for port VDD on saed14lvt_c/SAEDLVT14_OAI22_1P5/frame
        does not match expected value 'in' from saed14lvt_c/SAEDLVT14_OAI22_1P5/timing (NDM-032w)
Warning: Direction 'inout' for port VSS on saed14lvt_c/SAEDLVT14_OAI22_1P5/frame
        does not match expected value 'in' from saed14lvt_c/SAEDLVT14_OAI22_1P5/timing (NDM-032w)
Information: Fixed direction mismatches for block SAEDLVT14_OAI22_1P5 (LM-054)
Warning: Direction 'inout' for port VDD on saed14lvt_c/SAEDLVT14_OAI22_1/frame
        does not match expected value 'in' from saed14lvt_c/SAEDLVT14_OAI22_1/timing (NDM-032w)
Warning: Direction 'inout' for port VSS on saed14lvt_c/SAEDLVT14_OAI22_1/frame
        does not match expected value 'in' from saed14lvt_c/SAEDLVT14_OAI22_1/timing (NDM-032w)
Information: Fixed direction mismatches for block SAEDLVT14_OAI22_1 (LM-054)
Warning: Direction 'inout' for port VDD on saed14lvt_c/SAEDLVT14_OAI222_0P5/frame
        does not match expected value 'in' from saed14lvt_c/SAEDLVT14_OAI222_0P5/timing (NDM-032w)
Warning: Direction 'inout' for port VSS on saed14lvt_c/SAEDLVT14_OAI222_0P5/frame
        does not match expected value 'in' from saed14lvt_c/SAEDLVT14_OAI222_0P5/timing (NDM-032w)
Information: Fixed direction mismatches for block SAEDLVT14_OAI222_0P5 (LM-054)
Warning: Direction 'inout' for port VDD on saed14lvt_c/SAEDLVT14_OAI222_1/frame
        does not match expected value 'in' from saed14lvt_c/SAEDLVT14_OAI222_1/timing (NDM-032w)
Warning: Direction 'inout' for port VSS on saed14lvt_c/SAEDLVT14_OAI222_1/frame
        does not match expected value 'in' from saed14lvt_c/SAEDLVT14_OAI222_1/timing (NDM-032w)
Information: Fixed direction mismatches for block SAEDLVT14_OAI222_1 (LM-054)
Warning: Direction 'inout' for port VDD on saed14lvt_c/SAEDLVT14_OAI222_2/frame
        does not match expected value 'in' from saed14lvt_c/SAEDLVT14_OAI222_2/timing (NDM-032w)
Warning: Direction 'inout' for port VSS on saed14lvt_c/SAEDLVT14_OAI222_2/frame
        does not match expected value 'in' from saed14lvt_c/SAEDLVT14_OAI222_2/timing (NDM-032w)
Information: Fixed direction mismatches for block SAEDLVT14_OAI222_2 (LM-054)
Warning: Direction 'inout' for port VDD on saed14lvt_c/SAEDLVT14_OAI222_4/frame
        does not match expected value 'in' from saed14lvt_c/SAEDLVT14_OAI222_4/timing (NDM-032w)
Warning: Direction 'inout' for port VSS on saed14lvt_c/SAEDLVT14_OAI222_4/frame
        does not match expected value 'in' from saed14lvt_c/SAEDLVT14_OAI222_4/timing (NDM-032w)
Information: Fixed direction mismatches for block SAEDLVT14_OAI222_4 (LM-054)
Warning: Direction 'inout' for port VSS on saed14lvt_c/SAEDLVT14_OAI22_2/frame
        does not match expected value 'in' from saed14lvt_c/SAEDLVT14_OAI22_2/timing (NDM-032w)
Warning: Direction 'inout' for port VDD on saed14lvt_c/SAEDLVT14_OAI22_2/frame
        does not match expected value 'in' from saed14lvt_c/SAEDLVT14_OAI22_2/timing (NDM-032w)
Information: Fixed direction mismatches for block SAEDLVT14_OAI22_2 (LM-054)
Warning: Direction 'inout' for port VSS on saed14lvt_c/SAEDLVT14_OAI22_3/frame
        does not match expected value 'in' from saed14lvt_c/SAEDLVT14_OAI22_3/timing (NDM-032w)
Warning: Direction 'inout' for port VDD on saed14lvt_c/SAEDLVT14_OAI22_3/frame
        does not match expected value 'in' from saed14lvt_c/SAEDLVT14_OAI22_3/timing (NDM-032w)
Information: Fixed direction mismatches for block SAEDLVT14_OAI22_3 (LM-054)
Warning: Direction 'inout' for port VDD on saed14lvt_c/SAEDLVT14_OAI22_4/frame
        does not match expected value 'in' from saed14lvt_c/SAEDLVT14_OAI22_4/timing (NDM-032w)
Warning: Direction 'inout' for port VSS on saed14lvt_c/SAEDLVT14_OAI22_4/frame
        does not match expected value 'in' from saed14lvt_c/SAEDLVT14_OAI22_4/timing (NDM-032w)
Information: Fixed direction mismatches for block SAEDLVT14_OAI22_4 (LM-054)
Warning: Direction 'inout' for port VDD on saed14lvt_c/SAEDLVT14_OAI31_0P5/frame
        does not match expected value 'in' from saed14lvt_c/SAEDLVT14_OAI31_0P5/timing (NDM-032w)
Warning: Direction 'inout' for port VSS on saed14lvt_c/SAEDLVT14_OAI31_0P5/frame
        does not match expected value 'in' from saed14lvt_c/SAEDLVT14_OAI31_0P5/timing (NDM-032w)
Information: Fixed direction mismatches for block SAEDLVT14_OAI31_0P5 (LM-054)
Warning: Direction 'inout' for port VDD on saed14lvt_c/SAEDLVT14_OAI31_0P75/frame
        does not match expected value 'in' from saed14lvt_c/SAEDLVT14_OAI31_0P75/timing (NDM-032w)
Warning: Direction 'inout' for port VSS on saed14lvt_c/SAEDLVT14_OAI31_0P75/frame
        does not match expected value 'in' from saed14lvt_c/SAEDLVT14_OAI31_0P75/timing (NDM-032w)
Information: Fixed direction mismatches for block SAEDLVT14_OAI31_0P75 (LM-054)
Warning: Direction 'inout' for port VSS on saed14lvt_c/SAEDLVT14_OAI311_0P5/frame
        does not match expected value 'in' from saed14lvt_c/SAEDLVT14_OAI311_0P5/timing (NDM-032w)
Warning: Direction 'inout' for port VDD on saed14lvt_c/SAEDLVT14_OAI311_0P5/frame
        does not match expected value 'in' from saed14lvt_c/SAEDLVT14_OAI311_0P5/timing (NDM-032w)
Information: Fixed direction mismatches for block SAEDLVT14_OAI311_0P5 (LM-054)
Warning: Direction 'inout' for port VDD on saed14lvt_c/SAEDLVT14_OAI311_0P75/frame
        does not match expected value 'in' from saed14lvt_c/SAEDLVT14_OAI311_0P75/timing (NDM-032w)
Warning: Direction 'inout' for port VSS on saed14lvt_c/SAEDLVT14_OAI311_0P75/frame
        does not match expected value 'in' from saed14lvt_c/SAEDLVT14_OAI311_0P75/timing (NDM-032w)
Information: Fixed direction mismatches for block SAEDLVT14_OAI311_0P75 (LM-054)
Warning: Direction 'inout' for port VSS on saed14lvt_c/SAEDLVT14_OAI311_1/frame
        does not match expected value 'in' from saed14lvt_c/SAEDLVT14_OAI311_1/timing (NDM-032w)
Warning: Direction 'inout' for port VDD on saed14lvt_c/SAEDLVT14_OAI311_1/frame
        does not match expected value 'in' from saed14lvt_c/SAEDLVT14_OAI311_1/timing (NDM-032w)
Information: Fixed direction mismatches for block SAEDLVT14_OAI311_1 (LM-054)
Warning: Direction 'inout' for port VDD on saed14lvt_c/SAEDLVT14_OAI311_2/frame
        does not match expected value 'in' from saed14lvt_c/SAEDLVT14_OAI311_2/timing (NDM-032w)
Warning: Direction 'inout' for port VSS on saed14lvt_c/SAEDLVT14_OAI311_2/frame
        does not match expected value 'in' from saed14lvt_c/SAEDLVT14_OAI311_2/timing (NDM-032w)
Information: Fixed direction mismatches for block SAEDLVT14_OAI311_2 (LM-054)
Warning: Direction 'inout' for port VDD on saed14lvt_c/SAEDLVT14_OAI311_4/frame
        does not match expected value 'in' from saed14lvt_c/SAEDLVT14_OAI311_4/timing (NDM-032w)
Warning: Direction 'inout' for port VSS on saed14lvt_c/SAEDLVT14_OAI311_4/frame
        does not match expected value 'in' from saed14lvt_c/SAEDLVT14_OAI311_4/timing (NDM-032w)
Information: Fixed direction mismatches for block SAEDLVT14_OAI311_4 (LM-054)
Warning: Direction 'inout' for port VDD on saed14lvt_c/SAEDLVT14_OAI31_1/frame
        does not match expected value 'in' from saed14lvt_c/SAEDLVT14_OAI31_1/timing (NDM-032w)
Warning: Direction 'inout' for port VSS on saed14lvt_c/SAEDLVT14_OAI31_1/frame
        does not match expected value 'in' from saed14lvt_c/SAEDLVT14_OAI31_1/timing (NDM-032w)
Information: Fixed direction mismatches for block SAEDLVT14_OAI31_1 (LM-054)
Warning: Direction 'inout' for port VDD on saed14lvt_c/SAEDLVT14_OAI31_2/frame
        does not match expected value 'in' from saed14lvt_c/SAEDLVT14_OAI31_2/timing (NDM-032w)
Warning: Direction 'inout' for port VSS on saed14lvt_c/SAEDLVT14_OAI31_2/frame
        does not match expected value 'in' from saed14lvt_c/SAEDLVT14_OAI31_2/timing (NDM-032w)
Information: Fixed direction mismatches for block SAEDLVT14_OAI31_2 (LM-054)
Warning: Direction 'inout' for port VSS on saed14lvt_c/SAEDLVT14_OAI31_4/frame
        does not match expected value 'in' from saed14lvt_c/SAEDLVT14_OAI31_4/timing (NDM-032w)
Warning: Direction 'inout' for port VDD on saed14lvt_c/SAEDLVT14_OAI31_4/frame
        does not match expected value 'in' from saed14lvt_c/SAEDLVT14_OAI31_4/timing (NDM-032w)
Information: Fixed direction mismatches for block SAEDLVT14_OAI31_4 (LM-054)
Warning: Direction 'inout' for port VSS on saed14lvt_c/SAEDLVT14_OAI32_0P5/frame
        does not match expected value 'in' from saed14lvt_c/SAEDLVT14_OAI32_0P5/timing (NDM-032w)
Warning: Direction 'inout' for port VDD on saed14lvt_c/SAEDLVT14_OAI32_0P5/frame
        does not match expected value 'in' from saed14lvt_c/SAEDLVT14_OAI32_0P5/timing (NDM-032w)
Information: Fixed direction mismatches for block SAEDLVT14_OAI32_0P5 (LM-054)
Warning: Direction 'inout' for port VDD on saed14lvt_c/SAEDLVT14_OAI32_0P75/frame
        does not match expected value 'in' from saed14lvt_c/SAEDLVT14_OAI32_0P75/timing (NDM-032w)
Warning: Direction 'inout' for port VSS on saed14lvt_c/SAEDLVT14_OAI32_0P75/frame
        does not match expected value 'in' from saed14lvt_c/SAEDLVT14_OAI32_0P75/timing (NDM-032w)
Information: Fixed direction mismatches for block SAEDLVT14_OAI32_0P75 (LM-054)
Warning: Direction 'inout' for port VDD on saed14lvt_c/SAEDLVT14_OAI32_1/frame
        does not match expected value 'in' from saed14lvt_c/SAEDLVT14_OAI32_1/timing (NDM-032w)
Warning: Direction 'inout' for port VSS on saed14lvt_c/SAEDLVT14_OAI32_1/frame
        does not match expected value 'in' from saed14lvt_c/SAEDLVT14_OAI32_1/timing (NDM-032w)
Information: Fixed direction mismatches for block SAEDLVT14_OAI32_1 (LM-054)
Warning: Direction 'inout' for port VSS on saed14lvt_c/SAEDLVT14_OAI32_2/frame
        does not match expected value 'in' from saed14lvt_c/SAEDLVT14_OAI32_2/timing (NDM-032w)
Warning: Direction 'inout' for port VDD on saed14lvt_c/SAEDLVT14_OAI32_2/frame
        does not match expected value 'in' from saed14lvt_c/SAEDLVT14_OAI32_2/timing (NDM-032w)
Information: Fixed direction mismatches for block SAEDLVT14_OAI32_2 (LM-054)
Warning: Direction 'inout' for port VDD on saed14lvt_c/SAEDLVT14_OAI32_4/frame
        does not match expected value 'in' from saed14lvt_c/SAEDLVT14_OAI32_4/timing (NDM-032w)
Warning: Direction 'inout' for port VSS on saed14lvt_c/SAEDLVT14_OAI32_4/frame
        does not match expected value 'in' from saed14lvt_c/SAEDLVT14_OAI32_4/timing (NDM-032w)
Information: Fixed direction mismatches for block SAEDLVT14_OAI32_4 (LM-054)
Warning: Direction 'inout' for port VSS on saed14lvt_c/SAEDLVT14_OAI33_0P5/frame
        does not match expected value 'in' from saed14lvt_c/SAEDLVT14_OAI33_0P5/timing (NDM-032w)
Warning: Direction 'inout' for port VDD on saed14lvt_c/SAEDLVT14_OAI33_0P5/frame
        does not match expected value 'in' from saed14lvt_c/SAEDLVT14_OAI33_0P5/timing (NDM-032w)
Information: Fixed direction mismatches for block SAEDLVT14_OAI33_0P5 (LM-054)
Warning: Direction 'inout' for port VDD on saed14lvt_c/SAEDLVT14_OAI33_0P75/frame
        does not match expected value 'in' from saed14lvt_c/SAEDLVT14_OAI33_0P75/timing (NDM-032w)
Warning: Direction 'inout' for port VSS on saed14lvt_c/SAEDLVT14_OAI33_0P75/frame
        does not match expected value 'in' from saed14lvt_c/SAEDLVT14_OAI33_0P75/timing (NDM-032w)
Information: Fixed direction mismatches for block SAEDLVT14_OAI33_0P75 (LM-054)
Warning: Direction 'inout' for port VSS on saed14lvt_c/SAEDLVT14_OAI33_1/frame
        does not match expected value 'in' from saed14lvt_c/SAEDLVT14_OAI33_1/timing (NDM-032w)
Warning: Direction 'inout' for port VDD on saed14lvt_c/SAEDLVT14_OAI33_1/frame
        does not match expected value 'in' from saed14lvt_c/SAEDLVT14_OAI33_1/timing (NDM-032w)
Information: Fixed direction mismatches for block SAEDLVT14_OAI33_1 (LM-054)
Warning: Direction 'inout' for port VSS on saed14lvt_c/SAEDLVT14_OAI33_2/frame
        does not match expected value 'in' from saed14lvt_c/SAEDLVT14_OAI33_2/timing (NDM-032w)
Warning: Direction 'inout' for port VDD on saed14lvt_c/SAEDLVT14_OAI33_2/frame
        does not match expected value 'in' from saed14lvt_c/SAEDLVT14_OAI33_2/timing (NDM-032w)
Information: Fixed direction mismatches for block SAEDLVT14_OAI33_2 (LM-054)
Warning: Direction 'inout' for port VSS on saed14lvt_c/SAEDLVT14_OAI33_4/frame
        does not match expected value 'in' from saed14lvt_c/SAEDLVT14_OAI33_4/timing (NDM-032w)
Warning: Direction 'inout' for port VDD on saed14lvt_c/SAEDLVT14_OAI33_4/frame
        does not match expected value 'in' from saed14lvt_c/SAEDLVT14_OAI33_4/timing (NDM-032w)
Information: Fixed direction mismatches for block SAEDLVT14_OAI33_4 (LM-054)
Warning: Direction 'inout' for port VDD on saed14lvt_c/SAEDLVT14_OR2_0P5/frame
        does not match expected value 'in' from saed14lvt_c/SAEDLVT14_OR2_0P5/timing (NDM-032w)
Warning: Direction 'inout' for port VSS on saed14lvt_c/SAEDLVT14_OR2_0P5/frame
        does not match expected value 'in' from saed14lvt_c/SAEDLVT14_OR2_0P5/timing (NDM-032w)
Information: Fixed direction mismatches for block SAEDLVT14_OR2_0P5 (LM-054)
Warning: Direction 'inout' for port VDD on saed14lvt_c/SAEDLVT14_OR2_0P75/frame
        does not match expected value 'in' from saed14lvt_c/SAEDLVT14_OR2_0P75/timing (NDM-032w)
Warning: Direction 'inout' for port VSS on saed14lvt_c/SAEDLVT14_OR2_0P75/frame
        does not match expected value 'in' from saed14lvt_c/SAEDLVT14_OR2_0P75/timing (NDM-032w)
Information: Fixed direction mismatches for block SAEDLVT14_OR2_0P75 (LM-054)
Warning: Direction 'inout' for port VDD on saed14lvt_c/SAEDLVT14_OR2_1/frame
        does not match expected value 'in' from saed14lvt_c/SAEDLVT14_OR2_1/timing (NDM-032w)
Warning: Direction 'inout' for port VSS on saed14lvt_c/SAEDLVT14_OR2_1/frame
        does not match expected value 'in' from saed14lvt_c/SAEDLVT14_OR2_1/timing (NDM-032w)
Information: Fixed direction mismatches for block SAEDLVT14_OR2_1 (LM-054)
Warning: Direction 'inout' for port VDD on saed14lvt_c/SAEDLVT14_OR2_2/frame
        does not match expected value 'in' from saed14lvt_c/SAEDLVT14_OR2_2/timing (NDM-032w)
Warning: Direction 'inout' for port VSS on saed14lvt_c/SAEDLVT14_OR2_2/frame
        does not match expected value 'in' from saed14lvt_c/SAEDLVT14_OR2_2/timing (NDM-032w)
Information: Fixed direction mismatches for block SAEDLVT14_OR2_2 (LM-054)
Warning: Direction 'inout' for port VDD on saed14lvt_c/SAEDLVT14_OR2_4/frame
        does not match expected value 'in' from saed14lvt_c/SAEDLVT14_OR2_4/timing (NDM-032w)
Warning: Direction 'inout' for port VSS on saed14lvt_c/SAEDLVT14_OR2_4/frame
        does not match expected value 'in' from saed14lvt_c/SAEDLVT14_OR2_4/timing (NDM-032w)
Information: Fixed direction mismatches for block SAEDLVT14_OR2_4 (LM-054)
Warning: Direction 'inout' for port VDD on saed14lvt_c/SAEDLVT14_OR2_ECO_2/frame
        does not match expected value 'in' from saed14lvt_c/SAEDLVT14_OR2_ECO_2/timing (NDM-032w)
Warning: Direction 'inout' for port VSS on saed14lvt_c/SAEDLVT14_OR2_ECO_2/frame
        does not match expected value 'in' from saed14lvt_c/SAEDLVT14_OR2_ECO_2/timing (NDM-032w)
Information: Fixed direction mismatches for block SAEDLVT14_OR2_ECO_2 (LM-054)
Warning: Direction 'inout' for port VSS on saed14lvt_c/SAEDLVT14_OR2_ISO_1/frame
        does not match expected value 'in' from saed14lvt_c/SAEDLVT14_OR2_ISO_1/timing (NDM-032w)
Warning: Direction 'inout' for port VDD on saed14lvt_c/SAEDLVT14_OR2_ISO_1/frame
        does not match expected value 'in' from saed14lvt_c/SAEDLVT14_OR2_ISO_1/timing (NDM-032w)
Information: Fixed direction mismatches for block SAEDLVT14_OR2_ISO_1 (LM-054)
Warning: Direction 'inout' for port VDD on saed14lvt_c/SAEDLVT14_OR2_ISO_4/frame
        does not match expected value 'in' from saed14lvt_c/SAEDLVT14_OR2_ISO_4/timing (NDM-032w)
Warning: Direction 'inout' for port VSS on saed14lvt_c/SAEDLVT14_OR2_ISO_4/frame
        does not match expected value 'in' from saed14lvt_c/SAEDLVT14_OR2_ISO_4/timing (NDM-032w)
Information: Fixed direction mismatches for block SAEDLVT14_OR2_ISO_4 (LM-054)
Warning: Direction 'inout' for port VDD on saed14lvt_c/SAEDLVT14_OR2_MM_0P5/frame
        does not match expected value 'in' from saed14lvt_c/SAEDLVT14_OR2_MM_0P5/timing (NDM-032w)
Warning: Direction 'inout' for port VSS on saed14lvt_c/SAEDLVT14_OR2_MM_0P5/frame
        does not match expected value 'in' from saed14lvt_c/SAEDLVT14_OR2_MM_0P5/timing (NDM-032w)
Information: Fixed direction mismatches for block SAEDLVT14_OR2_MM_0P5 (LM-054)
Warning: Direction 'inout' for port VSS on saed14lvt_c/SAEDLVT14_OR2_MM_0P75/frame
        does not match expected value 'in' from saed14lvt_c/SAEDLVT14_OR2_MM_0P75/timing (NDM-032w)
Warning: Direction 'inout' for port VDD on saed14lvt_c/SAEDLVT14_OR2_MM_0P75/frame
        does not match expected value 'in' from saed14lvt_c/SAEDLVT14_OR2_MM_0P75/timing (NDM-032w)
Information: Fixed direction mismatches for block SAEDLVT14_OR2_MM_0P75 (LM-054)
Warning: Direction 'inout' for port VDD on saed14lvt_c/SAEDLVT14_OR2_MM_12/frame
        does not match expected value 'in' from saed14lvt_c/SAEDLVT14_OR2_MM_12/timing (NDM-032w)
Warning: Direction 'inout' for port VSS on saed14lvt_c/SAEDLVT14_OR2_MM_12/frame
        does not match expected value 'in' from saed14lvt_c/SAEDLVT14_OR2_MM_12/timing (NDM-032w)
Information: Fixed direction mismatches for block SAEDLVT14_OR2_MM_12 (LM-054)
Warning: Direction 'inout' for port VDD on saed14lvt_c/SAEDLVT14_OR2_MM_16/frame
        does not match expected value 'in' from saed14lvt_c/SAEDLVT14_OR2_MM_16/timing (NDM-032w)
Warning: Direction 'inout' for port VSS on saed14lvt_c/SAEDLVT14_OR2_MM_16/frame
        does not match expected value 'in' from saed14lvt_c/SAEDLVT14_OR2_MM_16/timing (NDM-032w)
Information: Fixed direction mismatches for block SAEDLVT14_OR2_MM_16 (LM-054)
Warning: Direction 'inout' for port VDD on saed14lvt_c/SAEDLVT14_OR2_MM_1P5/frame
        does not match expected value 'in' from saed14lvt_c/SAEDLVT14_OR2_MM_1P5/timing (NDM-032w)
Warning: Direction 'inout' for port VSS on saed14lvt_c/SAEDLVT14_OR2_MM_1P5/frame
        does not match expected value 'in' from saed14lvt_c/SAEDLVT14_OR2_MM_1P5/timing (NDM-032w)
Information: Fixed direction mismatches for block SAEDLVT14_OR2_MM_1P5 (LM-054)
Warning: Direction 'inout' for port VSS on saed14lvt_c/SAEDLVT14_OR2_MM_1/frame
        does not match expected value 'in' from saed14lvt_c/SAEDLVT14_OR2_MM_1/timing (NDM-032w)
Warning: Direction 'inout' for port VDD on saed14lvt_c/SAEDLVT14_OR2_MM_1/frame
        does not match expected value 'in' from saed14lvt_c/SAEDLVT14_OR2_MM_1/timing (NDM-032w)
Information: Fixed direction mismatches for block SAEDLVT14_OR2_MM_1 (LM-054)
Warning: Direction 'inout' for port VDD on saed14lvt_c/SAEDLVT14_OR2_MM_20/frame
        does not match expected value 'in' from saed14lvt_c/SAEDLVT14_OR2_MM_20/timing (NDM-032w)
Warning: Direction 'inout' for port VSS on saed14lvt_c/SAEDLVT14_OR2_MM_20/frame
        does not match expected value 'in' from saed14lvt_c/SAEDLVT14_OR2_MM_20/timing (NDM-032w)
Information: Fixed direction mismatches for block SAEDLVT14_OR2_MM_20 (LM-054)
Warning: Direction 'inout' for port VDD on saed14lvt_c/SAEDLVT14_OR2_MM_2/frame
        does not match expected value 'in' from saed14lvt_c/SAEDLVT14_OR2_MM_2/timing (NDM-032w)
Warning: Direction 'inout' for port VSS on saed14lvt_c/SAEDLVT14_OR2_MM_2/frame
        does not match expected value 'in' from saed14lvt_c/SAEDLVT14_OR2_MM_2/timing (NDM-032w)
Information: Fixed direction mismatches for block SAEDLVT14_OR2_MM_2 (LM-054)
Warning: Direction 'inout' for port VDD on saed14lvt_c/SAEDLVT14_OR2_MM_3/frame
        does not match expected value 'in' from saed14lvt_c/SAEDLVT14_OR2_MM_3/timing (NDM-032w)
Warning: Direction 'inout' for port VSS on saed14lvt_c/SAEDLVT14_OR2_MM_3/frame
        does not match expected value 'in' from saed14lvt_c/SAEDLVT14_OR2_MM_3/timing (NDM-032w)
Information: Fixed direction mismatches for block SAEDLVT14_OR2_MM_3 (LM-054)
Warning: Direction 'inout' for port VDD on saed14lvt_c/SAEDLVT14_OR2_MM_4/frame
        does not match expected value 'in' from saed14lvt_c/SAEDLVT14_OR2_MM_4/timing (NDM-032w)
Warning: Direction 'inout' for port VSS on saed14lvt_c/SAEDLVT14_OR2_MM_4/frame
        does not match expected value 'in' from saed14lvt_c/SAEDLVT14_OR2_MM_4/timing (NDM-032w)
Information: Fixed direction mismatches for block SAEDLVT14_OR2_MM_4 (LM-054)
Warning: Direction 'inout' for port VDD on saed14lvt_c/SAEDLVT14_OR2_MM_6/frame
        does not match expected value 'in' from saed14lvt_c/SAEDLVT14_OR2_MM_6/timing (NDM-032w)
Warning: Direction 'inout' for port VSS on saed14lvt_c/SAEDLVT14_OR2_MM_6/frame
        does not match expected value 'in' from saed14lvt_c/SAEDLVT14_OR2_MM_6/timing (NDM-032w)
Information: Fixed direction mismatches for block SAEDLVT14_OR2_MM_6 (LM-054)
Warning: Direction 'inout' for port VDD on saed14lvt_c/SAEDLVT14_OR2_MM_8/frame
        does not match expected value 'in' from saed14lvt_c/SAEDLVT14_OR2_MM_8/timing (NDM-032w)
Warning: Direction 'inout' for port VSS on saed14lvt_c/SAEDLVT14_OR2_MM_8/frame
        does not match expected value 'in' from saed14lvt_c/SAEDLVT14_OR2_MM_8/timing (NDM-032w)
Information: Fixed direction mismatches for block SAEDLVT14_OR2_MM_8 (LM-054)
Warning: Direction 'inout' for port VSS on saed14lvt_c/SAEDLVT14_OR3_0P5/frame
        does not match expected value 'in' from saed14lvt_c/SAEDLVT14_OR3_0P5/timing (NDM-032w)
Warning: Direction 'inout' for port VDD on saed14lvt_c/SAEDLVT14_OR3_0P5/frame
        does not match expected value 'in' from saed14lvt_c/SAEDLVT14_OR3_0P5/timing (NDM-032w)
Information: Fixed direction mismatches for block SAEDLVT14_OR3_0P5 (LM-054)
Warning: Direction 'inout' for port VDD on saed14lvt_c/SAEDLVT14_OR3_0P75/frame
        does not match expected value 'in' from saed14lvt_c/SAEDLVT14_OR3_0P75/timing (NDM-032w)
Warning: Direction 'inout' for port VSS on saed14lvt_c/SAEDLVT14_OR3_0P75/frame
        does not match expected value 'in' from saed14lvt_c/SAEDLVT14_OR3_0P75/timing (NDM-032w)
Information: Fixed direction mismatches for block SAEDLVT14_OR3_0P75 (LM-054)
Warning: Direction 'inout' for port VDD on saed14lvt_c/SAEDLVT14_OR3_1/frame
        does not match expected value 'in' from saed14lvt_c/SAEDLVT14_OR3_1/timing (NDM-032w)
Warning: Direction 'inout' for port VSS on saed14lvt_c/SAEDLVT14_OR3_1/frame
        does not match expected value 'in' from saed14lvt_c/SAEDLVT14_OR3_1/timing (NDM-032w)
Information: Fixed direction mismatches for block SAEDLVT14_OR3_1 (LM-054)
Warning: Direction 'inout' for port VDD on saed14lvt_c/SAEDLVT14_OR3_2/frame
        does not match expected value 'in' from saed14lvt_c/SAEDLVT14_OR3_2/timing (NDM-032w)
Warning: Direction 'inout' for port VSS on saed14lvt_c/SAEDLVT14_OR3_2/frame
        does not match expected value 'in' from saed14lvt_c/SAEDLVT14_OR3_2/timing (NDM-032w)
Information: Fixed direction mismatches for block SAEDLVT14_OR3_2 (LM-054)
Warning: Direction 'inout' for port VDD on saed14lvt_c/SAEDLVT14_OR3_4/frame
        does not match expected value 'in' from saed14lvt_c/SAEDLVT14_OR3_4/timing (NDM-032w)
Warning: Direction 'inout' for port VSS on saed14lvt_c/SAEDLVT14_OR3_4/frame
        does not match expected value 'in' from saed14lvt_c/SAEDLVT14_OR3_4/timing (NDM-032w)
Information: Fixed direction mismatches for block SAEDLVT14_OR3_4 (LM-054)
Warning: Direction 'inout' for port VDD on saed14lvt_c/SAEDLVT14_OR4_1/frame
        does not match expected value 'in' from saed14lvt_c/SAEDLVT14_OR4_1/timing (NDM-032w)
Warning: Direction 'inout' for port VSS on saed14lvt_c/SAEDLVT14_OR4_1/frame
        does not match expected value 'in' from saed14lvt_c/SAEDLVT14_OR4_1/timing (NDM-032w)
Information: Fixed direction mismatches for block SAEDLVT14_OR4_1 (LM-054)
Warning: Direction 'inout' for port VDD on saed14lvt_c/SAEDLVT14_OR4_2/frame
        does not match expected value 'in' from saed14lvt_c/SAEDLVT14_OR4_2/timing (NDM-032w)
Warning: Direction 'inout' for port VSS on saed14lvt_c/SAEDLVT14_OR4_2/frame
        does not match expected value 'in' from saed14lvt_c/SAEDLVT14_OR4_2/timing (NDM-032w)
Information: Fixed direction mismatches for block SAEDLVT14_OR4_2 (LM-054)
Warning: Direction 'inout' for port VDD on saed14lvt_c/SAEDLVT14_FDNQ_V3_1/frame
        does not match expected value 'in' from saed14lvt_c/SAEDLVT14_FDNQ_V3_1/timing (NDM-032w)
Warning: Direction 'inout' for port VSS on saed14lvt_c/SAEDLVT14_FDNQ_V3_1/frame
        does not match expected value 'in' from saed14lvt_c/SAEDLVT14_FDNQ_V3_1/timing (NDM-032w)
Information: Fixed direction mismatches for block SAEDLVT14_FDNQ_V3_1 (LM-054)
Warning: Direction 'inout' for port VSS on saed14lvt_c/SAEDLVT14_FDNQ_V3_2/frame
        does not match expected value 'in' from saed14lvt_c/SAEDLVT14_FDNQ_V3_2/timing (NDM-032w)
Warning: Direction 'inout' for port VDD on saed14lvt_c/SAEDLVT14_FDNQ_V3_2/frame
        does not match expected value 'in' from saed14lvt_c/SAEDLVT14_FDNQ_V3_2/timing (NDM-032w)
Information: Fixed direction mismatches for block SAEDLVT14_FDNQ_V3_2 (LM-054)
Warning: Direction 'inout' for port VSS on saed14lvt_c/SAEDLVT14_FDNQ_V3_4/frame
        does not match expected value 'in' from saed14lvt_c/SAEDLVT14_FDNQ_V3_4/timing (NDM-032w)
Warning: Direction 'inout' for port VDD on saed14lvt_c/SAEDLVT14_FDNQ_V3_4/frame
        does not match expected value 'in' from saed14lvt_c/SAEDLVT14_FDNQ_V3_4/timing (NDM-032w)
Information: Fixed direction mismatches for block SAEDLVT14_FDNQ_V3_4 (LM-054)
Warning: Direction 'inout' for port VDD on saed14lvt_c/SAEDLVT14_FDN_V2_0P5/frame
        does not match expected value 'in' from saed14lvt_c/SAEDLVT14_FDN_V2_0P5/timing (NDM-032w)
Warning: Direction 'inout' for port VSS on saed14lvt_c/SAEDLVT14_FDN_V2_0P5/frame
        does not match expected value 'in' from saed14lvt_c/SAEDLVT14_FDN_V2_0P5/timing (NDM-032w)
Information: Fixed direction mismatches for block SAEDLVT14_FDN_V2_0P5 (LM-054)
Warning: Direction 'inout' for port VDD on saed14lvt_c/SAEDLVT14_FDN_V2_1/frame
        does not match expected value 'in' from saed14lvt_c/SAEDLVT14_FDN_V2_1/timing (NDM-032w)
Warning: Direction 'inout' for port VSS on saed14lvt_c/SAEDLVT14_FDN_V2_1/frame
        does not match expected value 'in' from saed14lvt_c/SAEDLVT14_FDN_V2_1/timing (NDM-032w)
Information: Fixed direction mismatches for block SAEDLVT14_FDN_V2_1 (LM-054)
Warning: Direction 'inout' for port VDD on saed14lvt_c/SAEDLVT14_FDN_V2_2/frame
        does not match expected value 'in' from saed14lvt_c/SAEDLVT14_FDN_V2_2/timing (NDM-032w)
Warning: Direction 'inout' for port VSS on saed14lvt_c/SAEDLVT14_FDN_V2_2/frame
        does not match expected value 'in' from saed14lvt_c/SAEDLVT14_FDN_V2_2/timing (NDM-032w)
Information: Fixed direction mismatches for block SAEDLVT14_FDN_V2_2 (LM-054)
Warning: Direction 'inout' for port VDD on saed14lvt_c/SAEDLVT14_FDN_V2_4/frame
        does not match expected value 'in' from saed14lvt_c/SAEDLVT14_FDN_V2_4/timing (NDM-032w)
Warning: Direction 'inout' for port VSS on saed14lvt_c/SAEDLVT14_FDN_V2_4/frame
        does not match expected value 'in' from saed14lvt_c/SAEDLVT14_FDN_V2_4/timing (NDM-032w)
Information: Fixed direction mismatches for block SAEDLVT14_FDN_V2_4 (LM-054)
Warning: Direction 'inout' for port VDD on saed14lvt_c/SAEDLVT14_FDPCBQ_V2_0P5/frame
        does not match expected value 'in' from saed14lvt_c/SAEDLVT14_FDPCBQ_V2_0P5/timing (NDM-032w)
Warning: Direction 'inout' for port VSS on saed14lvt_c/SAEDLVT14_FDPCBQ_V2_0P5/frame
        does not match expected value 'in' from saed14lvt_c/SAEDLVT14_FDPCBQ_V2_0P5/timing (NDM-032w)
Information: Fixed direction mismatches for block SAEDLVT14_FDPCBQ_V2_0P5 (LM-054)
Warning: Direction 'inout' for port VDD on saed14lvt_c/SAEDLVT14_FDPCBQ_V2_1/frame
        does not match expected value 'in' from saed14lvt_c/SAEDLVT14_FDPCBQ_V2_1/timing (NDM-032w)
Warning: Direction 'inout' for port VSS on saed14lvt_c/SAEDLVT14_FDPCBQ_V2_1/frame
        does not match expected value 'in' from saed14lvt_c/SAEDLVT14_FDPCBQ_V2_1/timing (NDM-032w)
Information: Fixed direction mismatches for block SAEDLVT14_FDPCBQ_V2_1 (LM-054)
Warning: Direction 'inout' for port VDD on saed14lvt_c/SAEDLVT14_FDPCBQ_V2_2/frame
        does not match expected value 'in' from saed14lvt_c/SAEDLVT14_FDPCBQ_V2_2/timing (NDM-032w)
Warning: Direction 'inout' for port VSS on saed14lvt_c/SAEDLVT14_FDPCBQ_V2_2/frame
        does not match expected value 'in' from saed14lvt_c/SAEDLVT14_FDPCBQ_V2_2/timing (NDM-032w)
Information: Fixed direction mismatches for block SAEDLVT14_FDPCBQ_V2_2 (LM-054)
Warning: Direction 'inout' for port VDD on saed14lvt_c/SAEDLVT14_FDPCBQ_V2_4/frame
        does not match expected value 'in' from saed14lvt_c/SAEDLVT14_FDPCBQ_V2_4/timing (NDM-032w)
Warning: Direction 'inout' for port VSS on saed14lvt_c/SAEDLVT14_FDPCBQ_V2_4/frame
        does not match expected value 'in' from saed14lvt_c/SAEDLVT14_FDPCBQ_V2_4/timing (NDM-032w)
Information: Fixed direction mismatches for block SAEDLVT14_FDPCBQ_V2_4 (LM-054)
Warning: Direction 'inout' for port VSS on saed14lvt_c/SAEDLVT14_FDPCBQ_V2LP_0P5/frame
        does not match expected value 'in' from saed14lvt_c/SAEDLVT14_FDPCBQ_V2LP_0P5/timing (NDM-032w)
Warning: Direction 'inout' for port VDD on saed14lvt_c/SAEDLVT14_FDPCBQ_V2LP_0P5/frame
        does not match expected value 'in' from saed14lvt_c/SAEDLVT14_FDPCBQ_V2LP_0P5/timing (NDM-032w)
Information: Fixed direction mismatches for block SAEDLVT14_FDPCBQ_V2LP_0P5 (LM-054)
Warning: Direction 'inout' for port VDD on saed14lvt_c/SAEDLVT14_FDPCBQ_V2LP_1/frame
        does not match expected value 'in' from saed14lvt_c/SAEDLVT14_FDPCBQ_V2LP_1/timing (NDM-032w)
Warning: Direction 'inout' for port VSS on saed14lvt_c/SAEDLVT14_FDPCBQ_V2LP_1/frame
        does not match expected value 'in' from saed14lvt_c/SAEDLVT14_FDPCBQ_V2LP_1/timing (NDM-032w)
Information: Fixed direction mismatches for block SAEDLVT14_FDPCBQ_V2LP_1 (LM-054)
Warning: Direction 'inout' for port VSS on saed14lvt_c/SAEDLVT14_FDPCBQ_V2LP_2/frame
        does not match expected value 'in' from saed14lvt_c/SAEDLVT14_FDPCBQ_V2LP_2/timing (NDM-032w)
Warning: Direction 'inout' for port VDD on saed14lvt_c/SAEDLVT14_FDPCBQ_V2LP_2/frame
        does not match expected value 'in' from saed14lvt_c/SAEDLVT14_FDPCBQ_V2LP_2/timing (NDM-032w)
Information: Fixed direction mismatches for block SAEDLVT14_FDPCBQ_V2LP_2 (LM-054)
Warning: Direction 'inout' for port VDD on saed14lvt_c/SAEDLVT14_FDPCBQ_V3_1/frame
        does not match expected value 'in' from saed14lvt_c/SAEDLVT14_FDPCBQ_V3_1/timing (NDM-032w)
Warning: Direction 'inout' for port VSS on saed14lvt_c/SAEDLVT14_FDPCBQ_V3_1/frame
        does not match expected value 'in' from saed14lvt_c/SAEDLVT14_FDPCBQ_V3_1/timing (NDM-032w)
Information: Fixed direction mismatches for block SAEDLVT14_FDPCBQ_V3_1 (LM-054)
Warning: Direction 'inout' for port VDD on saed14lvt_c/SAEDLVT14_FDPCBQ_V3_2/frame
        does not match expected value 'in' from saed14lvt_c/SAEDLVT14_FDPCBQ_V3_2/timing (NDM-032w)
Warning: Direction 'inout' for port VSS on saed14lvt_c/SAEDLVT14_FDPCBQ_V3_2/frame
        does not match expected value 'in' from saed14lvt_c/SAEDLVT14_FDPCBQ_V3_2/timing (NDM-032w)
Information: Fixed direction mismatches for block SAEDLVT14_FDPCBQ_V3_2 (LM-054)
Warning: Direction 'inout' for port VDD on saed14lvt_c/SAEDLVT14_FDPMQ_0P5/frame
        does not match expected value 'in' from saed14lvt_c/SAEDLVT14_FDPMQ_0P5/timing (NDM-032w)
Warning: Direction 'inout' for port VSS on saed14lvt_c/SAEDLVT14_FDPMQ_0P5/frame
        does not match expected value 'in' from saed14lvt_c/SAEDLVT14_FDPMQ_0P5/timing (NDM-032w)
Information: Fixed direction mismatches for block SAEDLVT14_FDPMQ_0P5 (LM-054)
Warning: Direction 'inout' for port VDD on saed14lvt_c/SAEDLVT14_FDPMQ_1/frame
        does not match expected value 'in' from saed14lvt_c/SAEDLVT14_FDPMQ_1/timing (NDM-032w)
Warning: Direction 'inout' for port VSS on saed14lvt_c/SAEDLVT14_FDPMQ_1/frame
        does not match expected value 'in' from saed14lvt_c/SAEDLVT14_FDPMQ_1/timing (NDM-032w)
Information: Fixed direction mismatches for block SAEDLVT14_FDPMQ_1 (LM-054)
Warning: Direction 'inout' for port VDD on saed14lvt_c/SAEDLVT14_FDPMQ_2/frame
        does not match expected value 'in' from saed14lvt_c/SAEDLVT14_FDPMQ_2/timing (NDM-032w)
Warning: Direction 'inout' for port VSS on saed14lvt_c/SAEDLVT14_FDPMQ_2/frame
        does not match expected value 'in' from saed14lvt_c/SAEDLVT14_FDPMQ_2/timing (NDM-032w)
Information: Fixed direction mismatches for block SAEDLVT14_FDPMQ_2 (LM-054)
Warning: Direction 'inout' for port VDD on saed14lvt_c/SAEDLVT14_FDPMQ_4/frame
        does not match expected value 'in' from saed14lvt_c/SAEDLVT14_FDPMQ_4/timing (NDM-032w)
Warning: Direction 'inout' for port VSS on saed14lvt_c/SAEDLVT14_FDPMQ_4/frame
        does not match expected value 'in' from saed14lvt_c/SAEDLVT14_FDPMQ_4/timing (NDM-032w)
Information: Fixed direction mismatches for block SAEDLVT14_FDPMQ_4 (LM-054)
Warning: Direction 'inout' for port VDD on saed14lvt_c/SAEDLVT14_FDPQB_V2_1/frame
        does not match expected value 'in' from saed14lvt_c/SAEDLVT14_FDPQB_V2_1/timing (NDM-032w)
Warning: Direction 'inout' for port VSS on saed14lvt_c/SAEDLVT14_FDPQB_V2_1/frame
        does not match expected value 'in' from saed14lvt_c/SAEDLVT14_FDPQB_V2_1/timing (NDM-032w)
Information: Fixed direction mismatches for block SAEDLVT14_FDPQB_V2_1 (LM-054)
Warning: Direction 'inout' for port VSS on saed14lvt_c/SAEDLVT14_FDPQB_V2_2/frame
        does not match expected value 'in' from saed14lvt_c/SAEDLVT14_FDPQB_V2_2/timing (NDM-032w)
Warning: Direction 'inout' for port VDD on saed14lvt_c/SAEDLVT14_FDPQB_V2_2/frame
        does not match expected value 'in' from saed14lvt_c/SAEDLVT14_FDPQB_V2_2/timing (NDM-032w)
Information: Fixed direction mismatches for block SAEDLVT14_FDPQB_V2_2 (LM-054)
Warning: Direction 'inout' for port VSS on saed14lvt_c/SAEDLVT14_FDPQB_V2_4/frame
        does not match expected value 'in' from saed14lvt_c/SAEDLVT14_FDPQB_V2_4/timing (NDM-032w)
Warning: Direction 'inout' for port VDD on saed14lvt_c/SAEDLVT14_FDPQB_V2_4/frame
        does not match expected value 'in' from saed14lvt_c/SAEDLVT14_FDPQB_V2_4/timing (NDM-032w)
Information: Fixed direction mismatches for block SAEDLVT14_FDPQB_V2_4 (LM-054)
Warning: Direction 'inout' for port VDD on saed14lvt_c/SAEDLVT14_FDPQB_V2_8/frame
        does not match expected value 'in' from saed14lvt_c/SAEDLVT14_FDPQB_V2_8/timing (NDM-032w)
Warning: Direction 'inout' for port VSS on saed14lvt_c/SAEDLVT14_FDPQB_V2_8/frame
        does not match expected value 'in' from saed14lvt_c/SAEDLVT14_FDPQB_V2_8/timing (NDM-032w)
Information: Fixed direction mismatches for block SAEDLVT14_FDPQB_V2_8 (LM-054)
Warning: Direction 'inout' for port VDD on saed14lvt_c/SAEDLVT14_FDPQB_V2LP_0P5/frame
        does not match expected value 'in' from saed14lvt_c/SAEDLVT14_FDPQB_V2LP_0P5/timing (NDM-032w)
Warning: Direction 'inout' for port VSS on saed14lvt_c/SAEDLVT14_FDPQB_V2LP_0P5/frame
        does not match expected value 'in' from saed14lvt_c/SAEDLVT14_FDPQB_V2LP_0P5/timing (NDM-032w)
Information: Fixed direction mismatches for block SAEDLVT14_FDPQB_V2LP_0P5 (LM-054)
Warning: Direction 'inout' for port VSS on saed14lvt_c/SAEDLVT14_FDPQB_V2LP_1/frame
        does not match expected value 'in' from saed14lvt_c/SAEDLVT14_FDPQB_V2LP_1/timing (NDM-032w)
Warning: Direction 'inout' for port VDD on saed14lvt_c/SAEDLVT14_FDPQB_V2LP_1/frame
        does not match expected value 'in' from saed14lvt_c/SAEDLVT14_FDPQB_V2LP_1/timing (NDM-032w)
Information: Fixed direction mismatches for block SAEDLVT14_FDPQB_V2LP_1 (LM-054)
Warning: Direction 'inout' for port VDD on saed14lvt_c/SAEDLVT14_FDPQB_V2LP_2/frame
        does not match expected value 'in' from saed14lvt_c/SAEDLVT14_FDPQB_V2LP_2/timing (NDM-032w)
Warning: Direction 'inout' for port VSS on saed14lvt_c/SAEDLVT14_FDPQB_V2LP_2/frame
        does not match expected value 'in' from saed14lvt_c/SAEDLVT14_FDPQB_V2LP_2/timing (NDM-032w)
Information: Fixed direction mismatches for block SAEDLVT14_FDPQB_V2LP_2 (LM-054)
Warning: Direction 'inout' for port VSS on saed14lvt_c/SAEDLVT14_FDPQB_V3_1/frame
        does not match expected value 'in' from saed14lvt_c/SAEDLVT14_FDPQB_V3_1/timing (NDM-032w)
Warning: Direction 'inout' for port VDD on saed14lvt_c/SAEDLVT14_FDPQB_V3_1/frame
        does not match expected value 'in' from saed14lvt_c/SAEDLVT14_FDPQB_V3_1/timing (NDM-032w)
Information: Fixed direction mismatches for block SAEDLVT14_FDPQB_V3_1 (LM-054)
Warning: Direction 'inout' for port VSS on saed14lvt_c/SAEDLVT14_FDPQB_V3_2/frame
        does not match expected value 'in' from saed14lvt_c/SAEDLVT14_FDPQB_V3_2/timing (NDM-032w)
Warning: Direction 'inout' for port VDD on saed14lvt_c/SAEDLVT14_FDPQB_V3_2/frame
        does not match expected value 'in' from saed14lvt_c/SAEDLVT14_FDPQB_V3_2/timing (NDM-032w)
Information: Fixed direction mismatches for block SAEDLVT14_FDPQB_V3_2 (LM-054)
Warning: Direction 'inout' for port VDD on saed14lvt_c/SAEDLVT14_FDPQB_V3_4/frame
        does not match expected value 'in' from saed14lvt_c/SAEDLVT14_FDPQB_V3_4/timing (NDM-032w)
Warning: Direction 'inout' for port VSS on saed14lvt_c/SAEDLVT14_FDPQB_V3_4/frame
        does not match expected value 'in' from saed14lvt_c/SAEDLVT14_FDPQB_V3_4/timing (NDM-032w)
Information: Fixed direction mismatches for block SAEDLVT14_FDPQB_V3_4 (LM-054)
Warning: Direction 'inout' for port VSS on saed14lvt_c/SAEDLVT14_FDPQB_V3_8/frame
        does not match expected value 'in' from saed14lvt_c/SAEDLVT14_FDPQB_V3_8/timing (NDM-032w)
Warning: Direction 'inout' for port VDD on saed14lvt_c/SAEDLVT14_FDPQB_V3_8/frame
        does not match expected value 'in' from saed14lvt_c/SAEDLVT14_FDPQB_V3_8/timing (NDM-032w)
Information: Fixed direction mismatches for block SAEDLVT14_FDPQB_V3_8 (LM-054)
Warning: Direction 'inout' for port VDD on saed14lvt_c/SAEDLVT14_FDPQ_V2_1/frame
        does not match expected value 'in' from saed14lvt_c/SAEDLVT14_FDPQ_V2_1/timing (NDM-032w)
Warning: Direction 'inout' for port VSS on saed14lvt_c/SAEDLVT14_FDPQ_V2_1/frame
        does not match expected value 'in' from saed14lvt_c/SAEDLVT14_FDPQ_V2_1/timing (NDM-032w)
Information: Fixed direction mismatches for block SAEDLVT14_FDPQ_V2_1 (LM-054)
Warning: Direction 'inout' for port VDD on saed14lvt_c/SAEDLVT14_FDPQ_V2_6/frame
        does not match expected value 'in' from saed14lvt_c/SAEDLVT14_FDPQ_V2_6/timing (NDM-032w)
Warning: Direction 'inout' for port VSS on saed14lvt_c/SAEDLVT14_FDPQ_V2_6/frame
        does not match expected value 'in' from saed14lvt_c/SAEDLVT14_FDPQ_V2_6/timing (NDM-032w)
Information: Fixed direction mismatches for block SAEDLVT14_FDPQ_V2_6 (LM-054)
Warning: Direction 'inout' for port VDD on saed14lvt_c/SAEDLVT14_FDPQ_V2_8/frame
        does not match expected value 'in' from saed14lvt_c/SAEDLVT14_FDPQ_V2_8/timing (NDM-032w)
Warning: Direction 'inout' for port VSS on saed14lvt_c/SAEDLVT14_FDPQ_V2_8/frame
        does not match expected value 'in' from saed14lvt_c/SAEDLVT14_FDPQ_V2_8/timing (NDM-032w)
Information: Fixed direction mismatches for block SAEDLVT14_FDPQ_V2_8 (LM-054)
Warning: Direction 'inout' for port VSS on saed14lvt_c/SAEDLVT14_FDPQ_V2ECO_1/frame
        does not match expected value 'in' from saed14lvt_c/SAEDLVT14_FDPQ_V2ECO_1/timing (NDM-032w)
Warning: Direction 'inout' for port VDD on saed14lvt_c/SAEDLVT14_FDPQ_V2ECO_1/frame
        does not match expected value 'in' from saed14lvt_c/SAEDLVT14_FDPQ_V2ECO_1/timing (NDM-032w)
Information: Fixed direction mismatches for block SAEDLVT14_FDPQ_V2ECO_1 (LM-054)
Warning: Direction 'inout' for port VSS on saed14lvt_c/SAEDLVT14_FDPQ_V3_1/frame
        does not match expected value 'in' from saed14lvt_c/SAEDLVT14_FDPQ_V3_1/timing (NDM-032w)
Warning: Direction 'inout' for port VDD on saed14lvt_c/SAEDLVT14_FDPQ_V3_1/frame
        does not match expected value 'in' from saed14lvt_c/SAEDLVT14_FDPQ_V3_1/timing (NDM-032w)
Information: Fixed direction mismatches for block SAEDLVT14_FDPQ_V3_1 (LM-054)
Warning: Direction 'inout' for port VSS on saed14lvt_c/SAEDLVT14_FDPQ_V3_2/frame
        does not match expected value 'in' from saed14lvt_c/SAEDLVT14_FDPQ_V3_2/timing (NDM-032w)
Warning: Direction 'inout' for port VDD on saed14lvt_c/SAEDLVT14_FDPQ_V3_2/frame
        does not match expected value 'in' from saed14lvt_c/SAEDLVT14_FDPQ_V3_2/timing (NDM-032w)
Information: Fixed direction mismatches for block SAEDLVT14_FDPQ_V3_2 (LM-054)
Warning: Direction 'inout' for port VSS on saed14lvt_c/SAEDLVT14_FDPQ_V3_4/frame
        does not match expected value 'in' from saed14lvt_c/SAEDLVT14_FDPQ_V3_4/timing (NDM-032w)
Warning: Direction 'inout' for port VDD on saed14lvt_c/SAEDLVT14_FDPQ_V3_4/frame
        does not match expected value 'in' from saed14lvt_c/SAEDLVT14_FDPQ_V3_4/timing (NDM-032w)
Information: Fixed direction mismatches for block SAEDLVT14_FDPQ_V3_4 (LM-054)
Warning: Direction 'inout' for port VDD on saed14lvt_c/SAEDLVT14_FDPRBQ_V2_0P5/frame
        does not match expected value 'in' from saed14lvt_c/SAEDLVT14_FDPRBQ_V2_0P5/timing (NDM-032w)
Warning: Direction 'inout' for port VSS on saed14lvt_c/SAEDLVT14_FDPRBQ_V2_0P5/frame
        does not match expected value 'in' from saed14lvt_c/SAEDLVT14_FDPRBQ_V2_0P5/timing (NDM-032w)
Information: Fixed direction mismatches for block SAEDLVT14_FDPRBQ_V2_0P5 (LM-054)
Warning: Direction 'inout' for port VSS on saed14lvt_c/SAEDLVT14_FDPRBQ_V2_1/frame
        does not match expected value 'in' from saed14lvt_c/SAEDLVT14_FDPRBQ_V2_1/timing (NDM-032w)
Warning: Direction 'inout' for port VDD on saed14lvt_c/SAEDLVT14_FDPRBQ_V2_1/frame
        does not match expected value 'in' from saed14lvt_c/SAEDLVT14_FDPRBQ_V2_1/timing (NDM-032w)
Information: Fixed direction mismatches for block SAEDLVT14_FDPRBQ_V2_1 (LM-054)
Warning: Direction 'inout' for port VDD on saed14lvt_c/SAEDLVT14_FDPRBQ_V2_2/frame
        does not match expected value 'in' from saed14lvt_c/SAEDLVT14_FDPRBQ_V2_2/timing (NDM-032w)
Warning: Direction 'inout' for port VSS on saed14lvt_c/SAEDLVT14_FDPRBQ_V2_2/frame
        does not match expected value 'in' from saed14lvt_c/SAEDLVT14_FDPRBQ_V2_2/timing (NDM-032w)
Information: Fixed direction mismatches for block SAEDLVT14_FDPRBQ_V2_2 (LM-054)
Warning: Direction 'inout' for port VSS on saed14lvt_c/SAEDLVT14_FDPRBQ_V2_4/frame
        does not match expected value 'in' from saed14lvt_c/SAEDLVT14_FDPRBQ_V2_4/timing (NDM-032w)
Warning: Direction 'inout' for port VDD on saed14lvt_c/SAEDLVT14_FDPRBQ_V2_4/frame
        does not match expected value 'in' from saed14lvt_c/SAEDLVT14_FDPRBQ_V2_4/timing (NDM-032w)
Information: Fixed direction mismatches for block SAEDLVT14_FDPRBQ_V2_4 (LM-054)
Warning: Direction 'inout' for port VSS on saed14lvt_c/SAEDLVT14_FDPRBQ_V2LP_0P5/frame
        does not match expected value 'in' from saed14lvt_c/SAEDLVT14_FDPRBQ_V2LP_0P5/timing (NDM-032w)
Warning: Direction 'inout' for port VDD on saed14lvt_c/SAEDLVT14_FDPRBQ_V2LP_0P5/frame
        does not match expected value 'in' from saed14lvt_c/SAEDLVT14_FDPRBQ_V2LP_0P5/timing (NDM-032w)
Information: Fixed direction mismatches for block SAEDLVT14_FDPRBQ_V2LP_0P5 (LM-054)
Warning: Direction 'inout' for port VSS on saed14lvt_c/SAEDLVT14_FDPRBQ_V2LP_1/frame
        does not match expected value 'in' from saed14lvt_c/SAEDLVT14_FDPRBQ_V2LP_1/timing (NDM-032w)
Warning: Direction 'inout' for port VDD on saed14lvt_c/SAEDLVT14_FDPRBQ_V2LP_1/frame
        does not match expected value 'in' from saed14lvt_c/SAEDLVT14_FDPRBQ_V2LP_1/timing (NDM-032w)
Information: Fixed direction mismatches for block SAEDLVT14_FDPRBQ_V2LP_1 (LM-054)
Warning: Direction 'inout' for port VSS on saed14lvt_c/SAEDLVT14_FDPRBQ_V2LP_2/frame
        does not match expected value 'in' from saed14lvt_c/SAEDLVT14_FDPRBQ_V2LP_2/timing (NDM-032w)
Warning: Direction 'inout' for port VDD on saed14lvt_c/SAEDLVT14_FDPRBQ_V2LP_2/frame
        does not match expected value 'in' from saed14lvt_c/SAEDLVT14_FDPRBQ_V2LP_2/timing (NDM-032w)
Information: Fixed direction mismatches for block SAEDLVT14_FDPRBQ_V2LP_2 (LM-054)
Warning: Direction 'inout' for port VSS on saed14lvt_c/SAEDLVT14_FDPRBSBQ_V2_0P5/frame
        does not match expected value 'in' from saed14lvt_c/SAEDLVT14_FDPRBSBQ_V2_0P5/timing (NDM-032w)
Warning: Direction 'inout' for port VDD on saed14lvt_c/SAEDLVT14_FDPRBSBQ_V2_0P5/frame
        does not match expected value 'in' from saed14lvt_c/SAEDLVT14_FDPRBSBQ_V2_0P5/timing (NDM-032w)
Information: Fixed direction mismatches for block SAEDLVT14_FDPRBSBQ_V2_0P5 (LM-054)
Warning: Direction 'inout' for port VSS on saed14lvt_c/SAEDLVT14_FDPRBSBQ_V2_1/frame
        does not match expected value 'in' from saed14lvt_c/SAEDLVT14_FDPRBSBQ_V2_1/timing (NDM-032w)
Warning: Direction 'inout' for port VDD on saed14lvt_c/SAEDLVT14_FDPRBSBQ_V2_1/frame
        does not match expected value 'in' from saed14lvt_c/SAEDLVT14_FDPRBSBQ_V2_1/timing (NDM-032w)
Information: Fixed direction mismatches for block SAEDLVT14_FDPRBSBQ_V2_1 (LM-054)
Warning: Direction 'inout' for port VSS on saed14lvt_c/SAEDLVT14_FDPRBSBQ_V2_2/frame
        does not match expected value 'in' from saed14lvt_c/SAEDLVT14_FDPRBSBQ_V2_2/timing (NDM-032w)
Warning: Direction 'inout' for port VDD on saed14lvt_c/SAEDLVT14_FDPRBSBQ_V2_2/frame
        does not match expected value 'in' from saed14lvt_c/SAEDLVT14_FDPRBSBQ_V2_2/timing (NDM-032w)
Information: Fixed direction mismatches for block SAEDLVT14_FDPRBSBQ_V2_2 (LM-054)
Warning: Direction 'inout' for port VSS on saed14lvt_c/SAEDLVT14_FDPRBSBQ_V2_4/frame
        does not match expected value 'in' from saed14lvt_c/SAEDLVT14_FDPRBSBQ_V2_4/timing (NDM-032w)
Warning: Direction 'inout' for port VDD on saed14lvt_c/SAEDLVT14_FDPRBSBQ_V2_4/frame
        does not match expected value 'in' from saed14lvt_c/SAEDLVT14_FDPRBSBQ_V2_4/timing (NDM-032w)
Information: Fixed direction mismatches for block SAEDLVT14_FDPRBSBQ_V2_4 (LM-054)
Warning: Direction 'inout' for port VSS on saed14lvt_c/SAEDLVT14_FDPRB_V3_2/frame
        does not match expected value 'in' from saed14lvt_c/SAEDLVT14_FDPRB_V3_2/timing (NDM-032w)
Warning: Direction 'inout' for port VDD on saed14lvt_c/SAEDLVT14_FDPRB_V3_2/frame
        does not match expected value 'in' from saed14lvt_c/SAEDLVT14_FDPRB_V3_2/timing (NDM-032w)
Information: Fixed direction mismatches for block SAEDLVT14_FDPRB_V3_2 (LM-054)
Warning: Direction 'inout' for port VSS on saed14lvt_c/SAEDLVT14_FDPSBQ_0P5/frame
        does not match expected value 'in' from saed14lvt_c/SAEDLVT14_FDPSBQ_0P5/timing (NDM-032w)
Warning: Direction 'inout' for port VDD on saed14lvt_c/SAEDLVT14_FDPSBQ_0P5/frame
        does not match expected value 'in' from saed14lvt_c/SAEDLVT14_FDPSBQ_0P5/timing (NDM-032w)
Information: Fixed direction mismatches for block SAEDLVT14_FDPSBQ_0P5 (LM-054)
Warning: Direction 'inout' for port VSS on saed14lvt_c/SAEDLVT14_FDPSBQ_1/frame
        does not match expected value 'in' from saed14lvt_c/SAEDLVT14_FDPSBQ_1/timing (NDM-032w)
Warning: Direction 'inout' for port VDD on saed14lvt_c/SAEDLVT14_FDPSBQ_1/frame
        does not match expected value 'in' from saed14lvt_c/SAEDLVT14_FDPSBQ_1/timing (NDM-032w)
Information: Fixed direction mismatches for block SAEDLVT14_FDPSBQ_1 (LM-054)
Warning: Direction 'inout' for port VSS on saed14lvt_c/SAEDLVT14_FDPSBQ_2/frame
        does not match expected value 'in' from saed14lvt_c/SAEDLVT14_FDPSBQ_2/timing (NDM-032w)
Warning: Direction 'inout' for port VDD on saed14lvt_c/SAEDLVT14_FDPSBQ_2/frame
        does not match expected value 'in' from saed14lvt_c/SAEDLVT14_FDPSBQ_2/timing (NDM-032w)
Information: Fixed direction mismatches for block SAEDLVT14_FDPSBQ_2 (LM-054)
Warning: Direction 'inout' for port VSS on saed14lvt_c/SAEDLVT14_FDPSBQ_4/frame
        does not match expected value 'in' from saed14lvt_c/SAEDLVT14_FDPSBQ_4/timing (NDM-032w)
Warning: Direction 'inout' for port VDD on saed14lvt_c/SAEDLVT14_FDPSBQ_4/frame
        does not match expected value 'in' from saed14lvt_c/SAEDLVT14_FDPSBQ_4/timing (NDM-032w)
Information: Fixed direction mismatches for block SAEDLVT14_FDPSBQ_4 (LM-054)
Warning: Direction 'inout' for port VDD on saed14lvt_c/SAEDLVT14_FDPSQB_2/frame
        does not match expected value 'in' from saed14lvt_c/SAEDLVT14_FDPSQB_2/timing (NDM-032w)
Warning: Direction 'inout' for port VSS on saed14lvt_c/SAEDLVT14_FDPSQB_2/frame
        does not match expected value 'in' from saed14lvt_c/SAEDLVT14_FDPSQB_2/timing (NDM-032w)
Information: Fixed direction mismatches for block SAEDLVT14_FDPSQB_2 (LM-054)
Warning: Direction 'inout' for port VSS on saed14lvt_c/SAEDLVT14_FDPS_V3_2/frame
        does not match expected value 'in' from saed14lvt_c/SAEDLVT14_FDPS_V3_2/timing (NDM-032w)
Warning: Direction 'inout' for port VDD on saed14lvt_c/SAEDLVT14_FDPS_V3_2/frame
        does not match expected value 'in' from saed14lvt_c/SAEDLVT14_FDPS_V3_2/timing (NDM-032w)
Information: Fixed direction mismatches for block SAEDLVT14_FDPS_V3_2 (LM-054)
Warning: Direction 'inout' for port VDD on saed14lvt_c/SAEDLVT14_FDPSYNSBQ_V2_0P5/frame
        does not match expected value 'in' from saed14lvt_c/SAEDLVT14_FDPSYNSBQ_V2_0P5/timing (NDM-032w)
Warning: Direction 'inout' for port VSS on saed14lvt_c/SAEDLVT14_FDPSYNSBQ_V2_0P5/frame
        does not match expected value 'in' from saed14lvt_c/SAEDLVT14_FDPSYNSBQ_V2_0P5/timing (NDM-032w)
Information: Fixed direction mismatches for block SAEDLVT14_FDPSYNSBQ_V2_0P5 (LM-054)
Warning: Direction 'inout' for port VDD on saed14lvt_c/SAEDLVT14_FDPSYNSBQ_V2_1/frame
        does not match expected value 'in' from saed14lvt_c/SAEDLVT14_FDPSYNSBQ_V2_1/timing (NDM-032w)
Warning: Direction 'inout' for port VSS on saed14lvt_c/SAEDLVT14_FDPSYNSBQ_V2_1/frame
        does not match expected value 'in' from saed14lvt_c/SAEDLVT14_FDPSYNSBQ_V2_1/timing (NDM-032w)
Information: Fixed direction mismatches for block SAEDLVT14_FDPSYNSBQ_V2_1 (LM-054)
Warning: Direction 'inout' for port VSS on saed14lvt_c/SAEDLVT14_FDPSYNSBQ_V2_2/frame
        does not match expected value 'in' from saed14lvt_c/SAEDLVT14_FDPSYNSBQ_V2_2/timing (NDM-032w)
Warning: Direction 'inout' for port VDD on saed14lvt_c/SAEDLVT14_FDPSYNSBQ_V2_2/frame
        does not match expected value 'in' from saed14lvt_c/SAEDLVT14_FDPSYNSBQ_V2_2/timing (NDM-032w)
Information: Fixed direction mismatches for block SAEDLVT14_FDPSYNSBQ_V2_2 (LM-054)
Warning: Direction 'inout' for port VDD on saed14lvt_c/SAEDLVT14_FDPSYNSBQ_V2_4/frame
        does not match expected value 'in' from saed14lvt_c/SAEDLVT14_FDPSYNSBQ_V2_4/timing (NDM-032w)
Warning: Direction 'inout' for port VSS on saed14lvt_c/SAEDLVT14_FDPSYNSBQ_V2_4/frame
        does not match expected value 'in' from saed14lvt_c/SAEDLVT14_FDPSYNSBQ_V2_4/timing (NDM-032w)
Information: Fixed direction mismatches for block SAEDLVT14_FDPSYNSBQ_V2_4 (LM-054)
Warning: Direction 'inout' for port VDD on saed14lvt_c/SAEDLVT14_FDP_V2_0P5/frame
        does not match expected value 'in' from saed14lvt_c/SAEDLVT14_FDP_V2_0P5/timing (NDM-032w)
Warning: Direction 'inout' for port VSS on saed14lvt_c/SAEDLVT14_FDP_V2_0P5/frame
        does not match expected value 'in' from saed14lvt_c/SAEDLVT14_FDP_V2_0P5/timing (NDM-032w)
Information: Fixed direction mismatches for block SAEDLVT14_FDP_V2_0P5 (LM-054)
Warning: Direction 'inout' for port VDD on saed14lvt_c/SAEDLVT14_FDP_V2_1/frame
        does not match expected value 'in' from saed14lvt_c/SAEDLVT14_FDP_V2_1/timing (NDM-032w)
Warning: Direction 'inout' for port VSS on saed14lvt_c/SAEDLVT14_FDP_V2_1/frame
        does not match expected value 'in' from saed14lvt_c/SAEDLVT14_FDP_V2_1/timing (NDM-032w)
Information: Fixed direction mismatches for block SAEDLVT14_FDP_V2_1 (LM-054)
Warning: Direction 'inout' for port VDD on saed14lvt_c/SAEDLVT14_FDP_V2_2/frame
        does not match expected value 'in' from saed14lvt_c/SAEDLVT14_FDP_V2_2/timing (NDM-032w)
Warning: Direction 'inout' for port VSS on saed14lvt_c/SAEDLVT14_FDP_V2_2/frame
        does not match expected value 'in' from saed14lvt_c/SAEDLVT14_FDP_V2_2/timing (NDM-032w)
Information: Fixed direction mismatches for block SAEDLVT14_FDP_V2_2 (LM-054)
Warning: Direction 'inout' for port VDD on saed14lvt_c/SAEDLVT14_FDP_V2_4/frame
        does not match expected value 'in' from saed14lvt_c/SAEDLVT14_FDP_V2_4/timing (NDM-032w)
Warning: Direction 'inout' for port VSS on saed14lvt_c/SAEDLVT14_FDP_V2_4/frame
        does not match expected value 'in' from saed14lvt_c/SAEDLVT14_FDP_V2_4/timing (NDM-032w)
Information: Fixed direction mismatches for block SAEDLVT14_FDP_V2_4 (LM-054)
Warning: Direction 'inout' for port VSS on saed14lvt_c/SAEDLVT14_FDP_V2LP_0P5/frame
        does not match expected value 'in' from saed14lvt_c/SAEDLVT14_FDP_V2LP_0P5/timing (NDM-032w)
Warning: Direction 'inout' for port VDD on saed14lvt_c/SAEDLVT14_FDP_V2LP_0P5/frame
        does not match expected value 'in' from saed14lvt_c/SAEDLVT14_FDP_V2LP_0P5/timing (NDM-032w)
Information: Fixed direction mismatches for block SAEDLVT14_FDP_V2LP_0P5 (LM-054)
Warning: Direction 'inout' for port VDD on saed14lvt_c/SAEDLVT14_FDP_V2LP_1/frame
        does not match expected value 'in' from saed14lvt_c/SAEDLVT14_FDP_V2LP_1/timing (NDM-032w)
Warning: Direction 'inout' for port VSS on saed14lvt_c/SAEDLVT14_FDP_V2LP_1/frame
        does not match expected value 'in' from saed14lvt_c/SAEDLVT14_FDP_V2LP_1/timing (NDM-032w)
Information: Fixed direction mismatches for block SAEDLVT14_FDP_V2LP_1 (LM-054)
Warning: Direction 'inout' for port VDD on saed14lvt_c/SAEDLVT14_FDP_V2LP_2/frame
        does not match expected value 'in' from saed14lvt_c/SAEDLVT14_FDP_V2LP_2/timing (NDM-032w)
Warning: Direction 'inout' for port VSS on saed14lvt_c/SAEDLVT14_FDP_V2LP_2/frame
        does not match expected value 'in' from saed14lvt_c/SAEDLVT14_FDP_V2LP_2/timing (NDM-032w)
Information: Fixed direction mismatches for block SAEDLVT14_FDP_V2LP_2 (LM-054)
Information: Deriving related power/ground pin for cell SAEDLVT14_CKGTNLT_V5_12. (LM-175)
Warning: Direction 'inout' for port VSS on saed14lvt_c/SAEDLVT14_CKGTNLT_V5_12/frame
        does not match expected value 'in' from saed14lvt_c/SAEDLVT14_CKGTNLT_V5_12/timing (NDM-032w)
Warning: Direction 'inout' for port VDD on saed14lvt_c/SAEDLVT14_CKGTNLT_V5_12/frame
        does not match expected value 'in' from saed14lvt_c/SAEDLVT14_CKGTNLT_V5_12/timing (NDM-032w)
Information: Fixed direction mismatches for block SAEDLVT14_CKGTNLT_V5_12 (LM-054)
Information: Deriving related power/ground pin for cell SAEDLVT14_CKGTNLT_V5_1. (LM-175)
Warning: Direction 'inout' for port VSS on saed14lvt_c/SAEDLVT14_CKGTNLT_V5_1/frame
        does not match expected value 'in' from saed14lvt_c/SAEDLVT14_CKGTNLT_V5_1/timing (NDM-032w)
Warning: Direction 'inout' for port VDD on saed14lvt_c/SAEDLVT14_CKGTNLT_V5_1/frame
        does not match expected value 'in' from saed14lvt_c/SAEDLVT14_CKGTNLT_V5_1/timing (NDM-032w)
Information: Fixed direction mismatches for block SAEDLVT14_CKGTNLT_V5_1 (LM-054)
Information: Deriving related power/ground pin for cell SAEDLVT14_CKGTNLT_V5_2. (LM-175)
Warning: Direction 'inout' for port VDD on saed14lvt_c/SAEDLVT14_CKGTNLT_V5_2/frame
        does not match expected value 'in' from saed14lvt_c/SAEDLVT14_CKGTNLT_V5_2/timing (NDM-032w)
Warning: Direction 'inout' for port VSS on saed14lvt_c/SAEDLVT14_CKGTNLT_V5_2/frame
        does not match expected value 'in' from saed14lvt_c/SAEDLVT14_CKGTNLT_V5_2/timing (NDM-032w)
Information: Fixed direction mismatches for block SAEDLVT14_CKGTNLT_V5_2 (LM-054)
Information: Deriving related power/ground pin for cell SAEDLVT14_CKGTNLT_V5_3. (LM-175)
Warning: Direction 'inout' for port VSS on saed14lvt_c/SAEDLVT14_CKGTNLT_V5_3/frame
        does not match expected value 'in' from saed14lvt_c/SAEDLVT14_CKGTNLT_V5_3/timing (NDM-032w)
Warning: Direction 'inout' for port VDD on saed14lvt_c/SAEDLVT14_CKGTNLT_V5_3/frame
        does not match expected value 'in' from saed14lvt_c/SAEDLVT14_CKGTNLT_V5_3/timing (NDM-032w)
Information: Fixed direction mismatches for block SAEDLVT14_CKGTNLT_V5_3 (LM-054)
Information: Deriving related power/ground pin for cell SAEDLVT14_CKGTNLT_V5_4. (LM-175)
Warning: Direction 'inout' for port VSS on saed14lvt_c/SAEDLVT14_CKGTNLT_V5_4/frame
        does not match expected value 'in' from saed14lvt_c/SAEDLVT14_CKGTNLT_V5_4/timing (NDM-032w)
Warning: Direction 'inout' for port VDD on saed14lvt_c/SAEDLVT14_CKGTNLT_V5_4/frame
        does not match expected value 'in' from saed14lvt_c/SAEDLVT14_CKGTNLT_V5_4/timing (NDM-032w)
Information: Fixed direction mismatches for block SAEDLVT14_CKGTNLT_V5_4 (LM-054)
Information: Deriving related power/ground pin for cell SAEDLVT14_CKGTNLT_V5_5. (LM-175)
Warning: Direction 'inout' for port VSS on saed14lvt_c/SAEDLVT14_CKGTNLT_V5_5/frame
        does not match expected value 'in' from saed14lvt_c/SAEDLVT14_CKGTNLT_V5_5/timing (NDM-032w)
Warning: Direction 'inout' for port VDD on saed14lvt_c/SAEDLVT14_CKGTNLT_V5_5/frame
        does not match expected value 'in' from saed14lvt_c/SAEDLVT14_CKGTNLT_V5_5/timing (NDM-032w)
Information: Fixed direction mismatches for block SAEDLVT14_CKGTNLT_V5_5 (LM-054)
Information: Deriving related power/ground pin for cell SAEDLVT14_CKGTNLT_V5_6. (LM-175)
Warning: Direction 'inout' for port VSS on saed14lvt_c/SAEDLVT14_CKGTNLT_V5_6/frame
        does not match expected value 'in' from saed14lvt_c/SAEDLVT14_CKGTNLT_V5_6/timing (NDM-032w)
Warning: Direction 'inout' for port VDD on saed14lvt_c/SAEDLVT14_CKGTNLT_V5_6/frame
        does not match expected value 'in' from saed14lvt_c/SAEDLVT14_CKGTNLT_V5_6/timing (NDM-032w)
Information: Fixed direction mismatches for block SAEDLVT14_CKGTNLT_V5_6 (LM-054)
Information: Deriving related power/ground pin for cell SAEDLVT14_CKGTNLT_V5_8. (LM-175)
Warning: Direction 'inout' for port VSS on saed14lvt_c/SAEDLVT14_CKGTNLT_V5_8/frame
        does not match expected value 'in' from saed14lvt_c/SAEDLVT14_CKGTNLT_V5_8/timing (NDM-032w)
Warning: Direction 'inout' for port VDD on saed14lvt_c/SAEDLVT14_CKGTNLT_V5_8/frame
        does not match expected value 'in' from saed14lvt_c/SAEDLVT14_CKGTNLT_V5_8/timing (NDM-032w)
Information: Fixed direction mismatches for block SAEDLVT14_CKGTNLT_V5_8 (LM-054)
Information: Deriving related power/ground pin for cell SAEDLVT14_CKGTPLT_V5_12. (LM-175)
Warning: Direction 'inout' for port VSS on saed14lvt_c/SAEDLVT14_CKGTPLT_V5_12/frame
        does not match expected value 'in' from saed14lvt_c/SAEDLVT14_CKGTPLT_V5_12/timing (NDM-032w)
Warning: Direction 'inout' for port VDD on saed14lvt_c/SAEDLVT14_CKGTPLT_V5_12/frame
        does not match expected value 'in' from saed14lvt_c/SAEDLVT14_CKGTPLT_V5_12/timing (NDM-032w)
Information: Fixed direction mismatches for block SAEDLVT14_CKGTPLT_V5_12 (LM-054)
Information: Deriving related power/ground pin for cell SAEDLVT14_CKGTPLT_V5_16. (LM-175)
Warning: Direction 'inout' for port VDD on saed14lvt_c/SAEDLVT14_CKGTPLT_V5_16/frame
        does not match expected value 'in' from saed14lvt_c/SAEDLVT14_CKGTPLT_V5_16/timing (NDM-032w)
Warning: Direction 'inout' for port VSS on saed14lvt_c/SAEDLVT14_CKGTPLT_V5_16/frame
        does not match expected value 'in' from saed14lvt_c/SAEDLVT14_CKGTPLT_V5_16/timing (NDM-032w)
Information: Fixed direction mismatches for block SAEDLVT14_CKGTPLT_V5_16 (LM-054)
Information: Deriving related power/ground pin for cell SAEDLVT14_CKGTPLT_V5_1. (LM-175)
Warning: Direction 'inout' for port VDD on saed14lvt_c/SAEDLVT14_CKGTPLT_V5_1/frame
        does not match expected value 'in' from saed14lvt_c/SAEDLVT14_CKGTPLT_V5_1/timing (NDM-032w)
Warning: Direction 'inout' for port VSS on saed14lvt_c/SAEDLVT14_CKGTPLT_V5_1/frame
        does not match expected value 'in' from saed14lvt_c/SAEDLVT14_CKGTPLT_V5_1/timing (NDM-032w)
Information: Fixed direction mismatches for block SAEDLVT14_CKGTPLT_V5_1 (LM-054)
Information: Deriving related power/ground pin for cell SAEDLVT14_CKGTPLT_V5_20. (LM-175)
Warning: Direction 'inout' for port VSS on saed14lvt_c/SAEDLVT14_CKGTPLT_V5_20/frame
        does not match expected value 'in' from saed14lvt_c/SAEDLVT14_CKGTPLT_V5_20/timing (NDM-032w)
Warning: Direction 'inout' for port VDD on saed14lvt_c/SAEDLVT14_CKGTPLT_V5_20/frame
        does not match expected value 'in' from saed14lvt_c/SAEDLVT14_CKGTPLT_V5_20/timing (NDM-032w)
Information: Fixed direction mismatches for block SAEDLVT14_CKGTPLT_V5_20 (LM-054)
Information: Deriving related power/ground pin for cell SAEDLVT14_CKGTPLT_V5_24. (LM-175)
Warning: Direction 'inout' for port VSS on saed14lvt_c/SAEDLVT14_CKGTPLT_V5_24/frame
        does not match expected value 'in' from saed14lvt_c/SAEDLVT14_CKGTPLT_V5_24/timing (NDM-032w)
Warning: Direction 'inout' for port VDD on saed14lvt_c/SAEDLVT14_CKGTPLT_V5_24/frame
        does not match expected value 'in' from saed14lvt_c/SAEDLVT14_CKGTPLT_V5_24/timing (NDM-032w)
Information: Fixed direction mismatches for block SAEDLVT14_CKGTPLT_V5_24 (LM-054)
Information: Deriving related power/ground pin for cell SAEDLVT14_CKGTPLT_V5_2. (LM-175)
Warning: Direction 'inout' for port VDD on saed14lvt_c/SAEDLVT14_CKGTPLT_V5_2/frame
        does not match expected value 'in' from saed14lvt_c/SAEDLVT14_CKGTPLT_V5_2/timing (NDM-032w)
Warning: Direction 'inout' for port VSS on saed14lvt_c/SAEDLVT14_CKGTPLT_V5_2/frame
        does not match expected value 'in' from saed14lvt_c/SAEDLVT14_CKGTPLT_V5_2/timing (NDM-032w)
Information: Fixed direction mismatches for block SAEDLVT14_CKGTPLT_V5_2 (LM-054)
Information: Deriving related power/ground pin for cell SAEDLVT14_CKGTPLT_V5_3. (LM-175)
Warning: Direction 'inout' for port VSS on saed14lvt_c/SAEDLVT14_CKGTPLT_V5_3/frame
        does not match expected value 'in' from saed14lvt_c/SAEDLVT14_CKGTPLT_V5_3/timing (NDM-032w)
Warning: Direction 'inout' for port VDD on saed14lvt_c/SAEDLVT14_CKGTPLT_V5_3/frame
        does not match expected value 'in' from saed14lvt_c/SAEDLVT14_CKGTPLT_V5_3/timing (NDM-032w)
Information: Fixed direction mismatches for block SAEDLVT14_CKGTPLT_V5_3 (LM-054)
Information: Deriving related power/ground pin for cell SAEDLVT14_CKGTPLT_V5_4. (LM-175)
Warning: Direction 'inout' for port VDD on saed14lvt_c/SAEDLVT14_CKGTPLT_V5_4/frame
        does not match expected value 'in' from saed14lvt_c/SAEDLVT14_CKGTPLT_V5_4/timing (NDM-032w)
Warning: Direction 'inout' for port VSS on saed14lvt_c/SAEDLVT14_CKGTPLT_V5_4/frame
        does not match expected value 'in' from saed14lvt_c/SAEDLVT14_CKGTPLT_V5_4/timing (NDM-032w)
Information: Fixed direction mismatches for block SAEDLVT14_CKGTPLT_V5_4 (LM-054)
Information: Deriving related power/ground pin for cell SAEDLVT14_CKGTPLT_V5_5. (LM-175)
Warning: Direction 'inout' for port VSS on saed14lvt_c/SAEDLVT14_CKGTPLT_V5_5/frame
        does not match expected value 'in' from saed14lvt_c/SAEDLVT14_CKGTPLT_V5_5/timing (NDM-032w)
Warning: Direction 'inout' for port VDD on saed14lvt_c/SAEDLVT14_CKGTPLT_V5_5/frame
        does not match expected value 'in' from saed14lvt_c/SAEDLVT14_CKGTPLT_V5_5/timing (NDM-032w)
Information: Fixed direction mismatches for block SAEDLVT14_CKGTPLT_V5_5 (LM-054)
Information: Deriving related power/ground pin for cell SAEDLVT14_CKGTPLT_V5_6. (LM-175)
Warning: Direction 'inout' for port VSS on saed14lvt_c/SAEDLVT14_CKGTPLT_V5_6/frame
        does not match expected value 'in' from saed14lvt_c/SAEDLVT14_CKGTPLT_V5_6/timing (NDM-032w)
Warning: Direction 'inout' for port VDD on saed14lvt_c/SAEDLVT14_CKGTPLT_V5_6/frame
        does not match expected value 'in' from saed14lvt_c/SAEDLVT14_CKGTPLT_V5_6/timing (NDM-032w)
Information: Fixed direction mismatches for block SAEDLVT14_CKGTPLT_V5_6 (LM-054)
Information: Deriving related power/ground pin for cell SAEDLVT14_CKGTPLT_V5_8. (LM-175)
Warning: Direction 'inout' for port VDD on saed14lvt_c/SAEDLVT14_CKGTPLT_V5_8/frame
        does not match expected value 'in' from saed14lvt_c/SAEDLVT14_CKGTPLT_V5_8/timing (NDM-032w)
Warning: Direction 'inout' for port VSS on saed14lvt_c/SAEDLVT14_CKGTPLT_V5_8/frame
        does not match expected value 'in' from saed14lvt_c/SAEDLVT14_CKGTPLT_V5_8/timing (NDM-032w)
Information: Fixed direction mismatches for block SAEDLVT14_CKGTPLT_V5_8 (LM-054)
Information: Deriving related power/ground pin for cell SAEDLVT14_CKGTPL_V5_0P5. (LM-175)
Warning: Direction 'inout' for port VDD on saed14lvt_c/SAEDLVT14_CKGTPL_V5_0P5/frame
        does not match expected value 'in' from saed14lvt_c/SAEDLVT14_CKGTPL_V5_0P5/timing (NDM-032w)
Warning: Direction 'inout' for port VSS on saed14lvt_c/SAEDLVT14_CKGTPL_V5_0P5/frame
        does not match expected value 'in' from saed14lvt_c/SAEDLVT14_CKGTPL_V5_0P5/timing (NDM-032w)
Information: Fixed direction mismatches for block SAEDLVT14_CKGTPL_V5_0P5 (LM-054)
Information: Deriving related power/ground pin for cell SAEDLVT14_CKGTPL_V5_1. (LM-175)
Warning: Direction 'inout' for port VDD on saed14lvt_c/SAEDLVT14_CKGTPL_V5_1/frame
        does not match expected value 'in' from saed14lvt_c/SAEDLVT14_CKGTPL_V5_1/timing (NDM-032w)
Warning: Direction 'inout' for port VSS on saed14lvt_c/SAEDLVT14_CKGTPL_V5_1/frame
        does not match expected value 'in' from saed14lvt_c/SAEDLVT14_CKGTPL_V5_1/timing (NDM-032w)
Information: Fixed direction mismatches for block SAEDLVT14_CKGTPL_V5_1 (LM-054)
Information: Deriving related power/ground pin for cell SAEDLVT14_CKGTPL_V5_2. (LM-175)
Warning: Direction 'inout' for port VDD on saed14lvt_c/SAEDLVT14_CKGTPL_V5_2/frame
        does not match expected value 'in' from saed14lvt_c/SAEDLVT14_CKGTPL_V5_2/timing (NDM-032w)
Warning: Direction 'inout' for port VSS on saed14lvt_c/SAEDLVT14_CKGTPL_V5_2/frame
        does not match expected value 'in' from saed14lvt_c/SAEDLVT14_CKGTPL_V5_2/timing (NDM-032w)
Information: Fixed direction mismatches for block SAEDLVT14_CKGTPL_V5_2 (LM-054)
Information: Deriving related power/ground pin for cell SAEDLVT14_CKGTPL_V5_4. (LM-175)
Warning: Direction 'inout' for port VSS on saed14lvt_c/SAEDLVT14_CKGTPL_V5_4/frame
        does not match expected value 'in' from saed14lvt_c/SAEDLVT14_CKGTPL_V5_4/timing (NDM-032w)
Warning: Direction 'inout' for port VDD on saed14lvt_c/SAEDLVT14_CKGTPL_V5_4/frame
        does not match expected value 'in' from saed14lvt_c/SAEDLVT14_CKGTPL_V5_4/timing (NDM-032w)
Information: Fixed direction mismatches for block SAEDLVT14_CKGTPL_V5_4 (LM-054)
Warning: Direction 'inout' for port VSS on saed14lvt_c/SAEDLVT14_CKINVGTPLT_V7_1/frame
        does not match expected value 'in' from saed14lvt_c/SAEDLVT14_CKINVGTPLT_V7_1/timing (NDM-032w)
Warning: Direction 'inout' for port VDD on saed14lvt_c/SAEDLVT14_CKINVGTPLT_V7_1/frame
        does not match expected value 'in' from saed14lvt_c/SAEDLVT14_CKINVGTPLT_V7_1/timing (NDM-032w)
Information: Fixed direction mismatches for block SAEDLVT14_CKINVGTPLT_V7_1 (LM-054)
Warning: Direction 'inout' for port VDD on saed14lvt_c/SAEDLVT14_CKINVGTPLT_V7_2/frame
        does not match expected value 'in' from saed14lvt_c/SAEDLVT14_CKINVGTPLT_V7_2/timing (NDM-032w)
Warning: Direction 'inout' for port VSS on saed14lvt_c/SAEDLVT14_CKINVGTPLT_V7_2/frame
        does not match expected value 'in' from saed14lvt_c/SAEDLVT14_CKINVGTPLT_V7_2/timing (NDM-032w)
Information: Fixed direction mismatches for block SAEDLVT14_CKINVGTPLT_V7_2 (LM-054)
Warning: Direction 'inout' for port VDD on saed14lvt_c/SAEDLVT14_CKINVGTPLT_V7_3/frame
        does not match expected value 'in' from saed14lvt_c/SAEDLVT14_CKINVGTPLT_V7_3/timing (NDM-032w)
Warning: Direction 'inout' for port VSS on saed14lvt_c/SAEDLVT14_CKINVGTPLT_V7_3/frame
        does not match expected value 'in' from saed14lvt_c/SAEDLVT14_CKINVGTPLT_V7_3/timing (NDM-032w)
Information: Fixed direction mismatches for block SAEDLVT14_CKINVGTPLT_V7_3 (LM-054)
Warning: Direction 'inout' for port VSS on saed14lvt_c/SAEDLVT14_CKINVGTPLT_V7_4/frame
        does not match expected value 'in' from saed14lvt_c/SAEDLVT14_CKINVGTPLT_V7_4/timing (NDM-032w)
Warning: Direction 'inout' for port VDD on saed14lvt_c/SAEDLVT14_CKINVGTPLT_V7_4/frame
        does not match expected value 'in' from saed14lvt_c/SAEDLVT14_CKINVGTPLT_V7_4/timing (NDM-032w)
Information: Fixed direction mismatches for block SAEDLVT14_CKINVGTPLT_V7_4 (LM-054)
Warning: Direction 'inout' for port VSS on saed14lvt_c/SAEDLVT14_CKINVGTPLT_V7_5/frame
        does not match expected value 'in' from saed14lvt_c/SAEDLVT14_CKINVGTPLT_V7_5/timing (NDM-032w)
Warning: Direction 'inout' for port VDD on saed14lvt_c/SAEDLVT14_CKINVGTPLT_V7_5/frame
        does not match expected value 'in' from saed14lvt_c/SAEDLVT14_CKINVGTPLT_V7_5/timing (NDM-032w)
Information: Fixed direction mismatches for block SAEDLVT14_CKINVGTPLT_V7_5 (LM-054)
Warning: Direction 'inout' for port VSS on saed14lvt_c/SAEDLVT14_CKINVGTPLT_V7_6/frame
        does not match expected value 'in' from saed14lvt_c/SAEDLVT14_CKINVGTPLT_V7_6/timing (NDM-032w)
Warning: Direction 'inout' for port VDD on saed14lvt_c/SAEDLVT14_CKINVGTPLT_V7_6/frame
        does not match expected value 'in' from saed14lvt_c/SAEDLVT14_CKINVGTPLT_V7_6/timing (NDM-032w)
Information: Fixed direction mismatches for block SAEDLVT14_CKINVGTPLT_V7_6 (LM-054)
Warning: Direction 'inout' for port VSS on saed14lvt_c/SAEDLVT14_CKINVGTPLT_V7_8/frame
        does not match expected value 'in' from saed14lvt_c/SAEDLVT14_CKINVGTPLT_V7_8/timing (NDM-032w)
Warning: Direction 'inout' for port VDD on saed14lvt_c/SAEDLVT14_CKINVGTPLT_V7_8/frame
        does not match expected value 'in' from saed14lvt_c/SAEDLVT14_CKINVGTPLT_V7_8/timing (NDM-032w)
Information: Fixed direction mismatches for block SAEDLVT14_CKINVGTPLT_V7_8 (LM-054)
Warning: Direction 'inout' for port VSS on saed14lvt_c/SAEDLVT14_CLKSPLT_1/frame
        does not match expected value 'in' from saed14lvt_c/SAEDLVT14_CLKSPLT_1/timing (NDM-032w)
Warning: Direction 'inout' for port VDD on saed14lvt_c/SAEDLVT14_CLKSPLT_1/frame
        does not match expected value 'in' from saed14lvt_c/SAEDLVT14_CLKSPLT_1/timing (NDM-032w)
Information: Fixed direction mismatches for block SAEDLVT14_CLKSPLT_1 (LM-054)
Warning: Direction 'inout' for port VSS on saed14lvt_c/SAEDLVT14_CLKSPLT_8/frame
        does not match expected value 'in' from saed14lvt_c/SAEDLVT14_CLKSPLT_8/timing (NDM-032w)
Warning: Direction 'inout' for port VDD on saed14lvt_c/SAEDLVT14_CLKSPLT_8/frame
        does not match expected value 'in' from saed14lvt_c/SAEDLVT14_CLKSPLT_8/timing (NDM-032w)
Information: Fixed direction mismatches for block SAEDLVT14_CLKSPLT_8 (LM-054)
Warning: Direction 'inout' for port VSS on saed14lvt_c/SAEDLVT14_LDCKNR2PQ_5/frame
        does not match expected value 'in' from saed14lvt_c/SAEDLVT14_LDCKNR2PQ_5/timing (NDM-032w)
Warning: Direction 'inout' for port VDD on saed14lvt_c/SAEDLVT14_LDCKNR2PQ_5/frame
        does not match expected value 'in' from saed14lvt_c/SAEDLVT14_LDCKNR2PQ_5/timing (NDM-032w)
Information: Fixed direction mismatches for block SAEDLVT14_LDCKNR2PQ_5 (LM-054)
Warning: Direction 'inout' for port VSS on saed14lvt_c/SAEDLVT14_LDND2NQ_1/frame
        does not match expected value 'in' from saed14lvt_c/SAEDLVT14_LDND2NQ_1/timing (NDM-032w)
Warning: Direction 'inout' for port VDD on saed14lvt_c/SAEDLVT14_LDND2NQ_1/frame
        does not match expected value 'in' from saed14lvt_c/SAEDLVT14_LDND2NQ_1/timing (NDM-032w)
Information: Fixed direction mismatches for block SAEDLVT14_LDND2NQ_1 (LM-054)
Warning: Direction 'inout' for port VDD on saed14lvt_c/SAEDLVT14_LDND2NQ_2/frame
        does not match expected value 'in' from saed14lvt_c/SAEDLVT14_LDND2NQ_2/timing (NDM-032w)
Warning: Direction 'inout' for port VSS on saed14lvt_c/SAEDLVT14_LDND2NQ_2/frame
        does not match expected value 'in' from saed14lvt_c/SAEDLVT14_LDND2NQ_2/timing (NDM-032w)
Information: Fixed direction mismatches for block SAEDLVT14_LDND2NQ_2 (LM-054)
Warning: Direction 'inout' for port VDD on saed14lvt_c/SAEDLVT14_LDND2NQ_4/frame
        does not match expected value 'in' from saed14lvt_c/SAEDLVT14_LDND2NQ_4/timing (NDM-032w)
Warning: Direction 'inout' for port VSS on saed14lvt_c/SAEDLVT14_LDND2NQ_4/frame
        does not match expected value 'in' from saed14lvt_c/SAEDLVT14_LDND2NQ_4/timing (NDM-032w)
Information: Fixed direction mismatches for block SAEDLVT14_LDND2NQ_4 (LM-054)
Warning: Direction 'inout' for port VSS on saed14lvt_c/SAEDLVT14_LDNQ_1/frame
        does not match expected value 'in' from saed14lvt_c/SAEDLVT14_LDNQ_1/timing (NDM-032w)
Warning: Direction 'inout' for port VDD on saed14lvt_c/SAEDLVT14_LDNQ_1/frame
        does not match expected value 'in' from saed14lvt_c/SAEDLVT14_LDNQ_1/timing (NDM-032w)
Information: Fixed direction mismatches for block SAEDLVT14_LDNQ_1 (LM-054)
Warning: Direction 'inout' for port VDD on saed14lvt_c/SAEDLVT14_LDNQ_2/frame
        does not match expected value 'in' from saed14lvt_c/SAEDLVT14_LDNQ_2/timing (NDM-032w)
Warning: Direction 'inout' for port VSS on saed14lvt_c/SAEDLVT14_LDNQ_2/frame
        does not match expected value 'in' from saed14lvt_c/SAEDLVT14_LDNQ_2/timing (NDM-032w)
Information: Fixed direction mismatches for block SAEDLVT14_LDNQ_2 (LM-054)
Warning: Direction 'inout' for port VSS on saed14lvt_c/SAEDLVT14_LDNQ_3/frame
        does not match expected value 'in' from saed14lvt_c/SAEDLVT14_LDNQ_3/timing (NDM-032w)
Warning: Direction 'inout' for port VDD on saed14lvt_c/SAEDLVT14_LDNQ_3/frame
        does not match expected value 'in' from saed14lvt_c/SAEDLVT14_LDNQ_3/timing (NDM-032w)
Information: Fixed direction mismatches for block SAEDLVT14_LDNQ_3 (LM-054)
Warning: Direction 'inout' for port VSS on saed14lvt_c/SAEDLVT14_LDNQ_5/frame
        does not match expected value 'in' from saed14lvt_c/SAEDLVT14_LDNQ_5/timing (NDM-032w)
Warning: Direction 'inout' for port VDD on saed14lvt_c/SAEDLVT14_LDNQ_5/frame
        does not match expected value 'in' from saed14lvt_c/SAEDLVT14_LDNQ_5/timing (NDM-032w)
Information: Fixed direction mismatches for block SAEDLVT14_LDNQ_5 (LM-054)
Warning: Direction 'inout' for port VDD on saed14lvt_c/SAEDLVT14_LDNQ_6/frame
        does not match expected value 'in' from saed14lvt_c/SAEDLVT14_LDNQ_6/timing (NDM-032w)
Warning: Direction 'inout' for port VSS on saed14lvt_c/SAEDLVT14_LDNQ_6/frame
        does not match expected value 'in' from saed14lvt_c/SAEDLVT14_LDNQ_6/timing (NDM-032w)
Information: Fixed direction mismatches for block SAEDLVT14_LDNQ_6 (LM-054)
Warning: Direction 'inout' for port VSS on saed14lvt_c/SAEDLVT14_LDNQ_8/frame
        does not match expected value 'in' from saed14lvt_c/SAEDLVT14_LDNQ_8/timing (NDM-032w)
Warning: Direction 'inout' for port VDD on saed14lvt_c/SAEDLVT14_LDNQ_8/frame
        does not match expected value 'in' from saed14lvt_c/SAEDLVT14_LDNQ_8/timing (NDM-032w)
Information: Fixed direction mismatches for block SAEDLVT14_LDNQ_8 (LM-054)
Warning: Direction 'inout' for port VSS on saed14lvt_c/SAEDLVT14_LDNQOR2_1/frame
        does not match expected value 'in' from saed14lvt_c/SAEDLVT14_LDNQOR2_1/timing (NDM-032w)
Warning: Direction 'inout' for port VDD on saed14lvt_c/SAEDLVT14_LDNQOR2_1/frame
        does not match expected value 'in' from saed14lvt_c/SAEDLVT14_LDNQOR2_1/timing (NDM-032w)
Information: Fixed direction mismatches for block SAEDLVT14_LDNQOR2_1 (LM-054)
Warning: Direction 'inout' for port VDD on saed14lvt_c/SAEDLVT14_LDNQOR2_2/frame
        does not match expected value 'in' from saed14lvt_c/SAEDLVT14_LDNQOR2_2/timing (NDM-032w)
Warning: Direction 'inout' for port VSS on saed14lvt_c/SAEDLVT14_LDNQOR2_2/frame
        does not match expected value 'in' from saed14lvt_c/SAEDLVT14_LDNQOR2_2/timing (NDM-032w)
Information: Fixed direction mismatches for block SAEDLVT14_LDNQOR2_2 (LM-054)
Warning: Direction 'inout' for port VSS on saed14lvt_c/SAEDLVT14_LDNQOR2_4/frame
        does not match expected value 'in' from saed14lvt_c/SAEDLVT14_LDNQOR2_4/timing (NDM-032w)
Warning: Direction 'inout' for port VDD on saed14lvt_c/SAEDLVT14_LDNQOR2_4/frame
        does not match expected value 'in' from saed14lvt_c/SAEDLVT14_LDNQOR2_4/timing (NDM-032w)
Information: Fixed direction mismatches for block SAEDLVT14_LDNQOR2_4 (LM-054)
Warning: Direction 'inout' for port VSS on saed14lvt_c/SAEDLVT14_LDNQ_U_0P5/frame
        does not match expected value 'in' from saed14lvt_c/SAEDLVT14_LDNQ_U_0P5/timing (NDM-032w)
Warning: Direction 'inout' for port VDD on saed14lvt_c/SAEDLVT14_LDNQ_U_0P5/frame
        does not match expected value 'in' from saed14lvt_c/SAEDLVT14_LDNQ_U_0P5/timing (NDM-032w)
Information: Fixed direction mismatches for block SAEDLVT14_LDNQ_U_0P5 (LM-054)
Warning: Direction 'inout' for port VSS on saed14lvt_c/SAEDLVT14_LDNQ_V1_1/frame
        does not match expected value 'in' from saed14lvt_c/SAEDLVT14_LDNQ_V1_1/timing (NDM-032w)
Warning: Direction 'inout' for port VDD on saed14lvt_c/SAEDLVT14_LDNQ_V1_1/frame
        does not match expected value 'in' from saed14lvt_c/SAEDLVT14_LDNQ_V1_1/timing (NDM-032w)
Information: Fixed direction mismatches for block SAEDLVT14_LDNQ_V1_1 (LM-054)
Warning: Direction 'inout' for port VDD on saed14lvt_c/SAEDLVT14_LDNQ_V1_2/frame
        does not match expected value 'in' from saed14lvt_c/SAEDLVT14_LDNQ_V1_2/timing (NDM-032w)
Warning: Direction 'inout' for port VSS on saed14lvt_c/SAEDLVT14_LDNQ_V1_2/frame
        does not match expected value 'in' from saed14lvt_c/SAEDLVT14_LDNQ_V1_2/timing (NDM-032w)
Information: Fixed direction mismatches for block SAEDLVT14_LDNQ_V1_2 (LM-054)
Warning: Direction 'inout' for port VSS on saed14lvt_c/SAEDLVT14_LDNQ_V1_4/frame
        does not match expected value 'in' from saed14lvt_c/SAEDLVT14_LDNQ_V1_4/timing (NDM-032w)
Warning: Direction 'inout' for port VDD on saed14lvt_c/SAEDLVT14_LDNQ_V1_4/frame
        does not match expected value 'in' from saed14lvt_c/SAEDLVT14_LDNQ_V1_4/timing (NDM-032w)
Information: Fixed direction mismatches for block SAEDLVT14_LDNQ_V1_4 (LM-054)
Warning: Direction 'inout' for port VSS on saed14lvt_c/SAEDLVT14_LDNR2PQ_1/frame
        does not match expected value 'in' from saed14lvt_c/SAEDLVT14_LDNR2PQ_1/timing (NDM-032w)
Warning: Direction 'inout' for port VDD on saed14lvt_c/SAEDLVT14_LDNR2PQ_1/frame
        does not match expected value 'in' from saed14lvt_c/SAEDLVT14_LDNR2PQ_1/timing (NDM-032w)
Information: Fixed direction mismatches for block SAEDLVT14_LDNR2PQ_1 (LM-054)
Warning: Direction 'inout' for port VSS on saed14lvt_c/SAEDLVT14_LDNR2PQ_2/frame
        does not match expected value 'in' from saed14lvt_c/SAEDLVT14_LDNR2PQ_2/timing (NDM-032w)
Warning: Direction 'inout' for port VDD on saed14lvt_c/SAEDLVT14_LDNR2PQ_2/frame
        does not match expected value 'in' from saed14lvt_c/SAEDLVT14_LDNR2PQ_2/timing (NDM-032w)
Information: Fixed direction mismatches for block SAEDLVT14_LDNR2PQ_2 (LM-054)
Warning: Direction 'inout' for port VSS on saed14lvt_c/SAEDLVT14_LDNR2PQ_4/frame
        does not match expected value 'in' from saed14lvt_c/SAEDLVT14_LDNR2PQ_4/timing (NDM-032w)
Warning: Direction 'inout' for port VDD on saed14lvt_c/SAEDLVT14_LDNR2PQ_4/frame
        does not match expected value 'in' from saed14lvt_c/SAEDLVT14_LDNR2PQ_4/timing (NDM-032w)
Information: Fixed direction mismatches for block SAEDLVT14_LDNR2PQ_4 (LM-054)
Warning: Direction 'inout' for port VDD on saed14lvt_c/SAEDLVT14_LDNRBQ_V2_0P5/frame
        does not match expected value 'in' from saed14lvt_c/SAEDLVT14_LDNRBQ_V2_0P5/timing (NDM-032w)
Warning: Direction 'inout' for port VSS on saed14lvt_c/SAEDLVT14_LDNRBQ_V2_0P5/frame
        does not match expected value 'in' from saed14lvt_c/SAEDLVT14_LDNRBQ_V2_0P5/timing (NDM-032w)
Information: Fixed direction mismatches for block SAEDLVT14_LDNRBQ_V2_0P5 (LM-054)
Warning: Direction 'inout' for port VDD on saed14lvt_c/SAEDLVT14_LDNRBQ_V2_1/frame
        does not match expected value 'in' from saed14lvt_c/SAEDLVT14_LDNRBQ_V2_1/timing (NDM-032w)
Warning: Direction 'inout' for port VSS on saed14lvt_c/SAEDLVT14_LDNRBQ_V2_1/frame
        does not match expected value 'in' from saed14lvt_c/SAEDLVT14_LDNRBQ_V2_1/timing (NDM-032w)
Information: Fixed direction mismatches for block SAEDLVT14_LDNRBQ_V2_1 (LM-054)
Warning: Direction 'inout' for port VDD on saed14lvt_c/SAEDLVT14_LDNRBQ_V2_2/frame
        does not match expected value 'in' from saed14lvt_c/SAEDLVT14_LDNRBQ_V2_2/timing (NDM-032w)
Warning: Direction 'inout' for port VSS on saed14lvt_c/SAEDLVT14_LDNRBQ_V2_2/frame
        does not match expected value 'in' from saed14lvt_c/SAEDLVT14_LDNRBQ_V2_2/timing (NDM-032w)
Information: Fixed direction mismatches for block SAEDLVT14_LDNRBQ_V2_2 (LM-054)
Warning: Direction 'inout' for port VDD on saed14lvt_c/SAEDLVT14_LDNRBQ_V2_4/frame
        does not match expected value 'in' from saed14lvt_c/SAEDLVT14_LDNRBQ_V2_4/timing (NDM-032w)
Warning: Direction 'inout' for port VSS on saed14lvt_c/SAEDLVT14_LDNRBQ_V2_4/frame
        does not match expected value 'in' from saed14lvt_c/SAEDLVT14_LDNRBQ_V2_4/timing (NDM-032w)
Information: Fixed direction mismatches for block SAEDLVT14_LDNRBQ_V2_4 (LM-054)
Warning: Direction 'inout' for port VSS on saed14lvt_c/SAEDLVT14_LDOR2PQ_1/frame
        does not match expected value 'in' from saed14lvt_c/SAEDLVT14_LDOR2PQ_1/timing (NDM-032w)
Warning: Direction 'inout' for port VDD on saed14lvt_c/SAEDLVT14_LDOR2PQ_1/frame
        does not match expected value 'in' from saed14lvt_c/SAEDLVT14_LDOR2PQ_1/timing (NDM-032w)
Information: Fixed direction mismatches for block SAEDLVT14_LDOR2PQ_1 (LM-054)
Warning: Direction 'inout' for port VDD on saed14lvt_c/SAEDLVT14_LDOR2PQ_2/frame
        does not match expected value 'in' from saed14lvt_c/SAEDLVT14_LDOR2PQ_2/timing (NDM-032w)
Warning: Direction 'inout' for port VSS on saed14lvt_c/SAEDLVT14_LDOR2PQ_2/frame
        does not match expected value 'in' from saed14lvt_c/SAEDLVT14_LDOR2PQ_2/timing (NDM-032w)
Information: Fixed direction mismatches for block SAEDLVT14_LDOR2PQ_2 (LM-054)
Warning: Direction 'inout' for port VDD on saed14lvt_c/SAEDLVT14_LDOR2PQ_4/frame
        does not match expected value 'in' from saed14lvt_c/SAEDLVT14_LDOR2PQ_4/timing (NDM-032w)
Warning: Direction 'inout' for port VSS on saed14lvt_c/SAEDLVT14_LDOR2PQ_4/frame
        does not match expected value 'in' from saed14lvt_c/SAEDLVT14_LDOR2PQ_4/timing (NDM-032w)
Information: Fixed direction mismatches for block SAEDLVT14_LDOR2PQ_4 (LM-054)
Warning: Direction 'inout' for port VSS on saed14lvt_c/SAEDLVT14_LDPQ_1/frame
        does not match expected value 'in' from saed14lvt_c/SAEDLVT14_LDPQ_1/timing (NDM-032w)
Warning: Direction 'inout' for port VDD on saed14lvt_c/SAEDLVT14_LDPQ_1/frame
        does not match expected value 'in' from saed14lvt_c/SAEDLVT14_LDPQ_1/timing (NDM-032w)
Information: Fixed direction mismatches for block SAEDLVT14_LDPQ_1 (LM-054)
Warning: Direction 'inout' for port VSS on saed14lvt_c/SAEDLVT14_LDPQ_2/frame
        does not match expected value 'in' from saed14lvt_c/SAEDLVT14_LDPQ_2/timing (NDM-032w)
Warning: Direction 'inout' for port VDD on saed14lvt_c/SAEDLVT14_LDPQ_2/frame
        does not match expected value 'in' from saed14lvt_c/SAEDLVT14_LDPQ_2/timing (NDM-032w)
Information: Fixed direction mismatches for block SAEDLVT14_LDPQ_2 (LM-054)
Warning: Direction 'inout' for port VSS on saed14lvt_c/SAEDLVT14_LDPQ_3/frame
        does not match expected value 'in' from saed14lvt_c/SAEDLVT14_LDPQ_3/timing (NDM-032w)
Warning: Direction 'inout' for port VDD on saed14lvt_c/SAEDLVT14_LDPQ_3/frame
        does not match expected value 'in' from saed14lvt_c/SAEDLVT14_LDPQ_3/timing (NDM-032w)
Information: Fixed direction mismatches for block SAEDLVT14_LDPQ_3 (LM-054)
Warning: Direction 'inout' for port VDD on saed14lvt_c/SAEDLVT14_LDPQ_4/frame
        does not match expected value 'in' from saed14lvt_c/SAEDLVT14_LDPQ_4/timing (NDM-032w)
Warning: Direction 'inout' for port VSS on saed14lvt_c/SAEDLVT14_LDPQ_4/frame
        does not match expected value 'in' from saed14lvt_c/SAEDLVT14_LDPQ_4/timing (NDM-032w)
Information: Fixed direction mismatches for block SAEDLVT14_LDPQ_4 (LM-054)
Warning: Direction 'inout' for port VDD on saed14lvt_c/SAEDLVT14_LDPQ_5/frame
        does not match expected value 'in' from saed14lvt_c/SAEDLVT14_LDPQ_5/timing (NDM-032w)
Warning: Direction 'inout' for port VSS on saed14lvt_c/SAEDLVT14_LDPQ_5/frame
        does not match expected value 'in' from saed14lvt_c/SAEDLVT14_LDPQ_5/timing (NDM-032w)
Information: Fixed direction mismatches for block SAEDLVT14_LDPQ_5 (LM-054)
Warning: Direction 'inout' for port VDD on saed14lvt_c/SAEDLVT14_LDPQ_6/frame
        does not match expected value 'in' from saed14lvt_c/SAEDLVT14_LDPQ_6/timing (NDM-032w)
Warning: Direction 'inout' for port VSS on saed14lvt_c/SAEDLVT14_LDPQ_6/frame
        does not match expected value 'in' from saed14lvt_c/SAEDLVT14_LDPQ_6/timing (NDM-032w)
Information: Fixed direction mismatches for block SAEDLVT14_LDPQ_6 (LM-054)
Warning: Direction 'inout' for port VSS on saed14lvt_c/SAEDLVT14_LDPQ_8/frame
        does not match expected value 'in' from saed14lvt_c/SAEDLVT14_LDPQ_8/timing (NDM-032w)
Warning: Direction 'inout' for port VDD on saed14lvt_c/SAEDLVT14_LDPQ_8/frame
        does not match expected value 'in' from saed14lvt_c/SAEDLVT14_LDPQ_8/timing (NDM-032w)
Information: Fixed direction mismatches for block SAEDLVT14_LDPQ_8 (LM-054)
Warning: Direction 'inout' for port VDD on saed14lvt_c/SAEDLVT14_LDPQ_ECO_1/frame
        does not match expected value 'in' from saed14lvt_c/SAEDLVT14_LDPQ_ECO_1/timing (NDM-032w)
Warning: Direction 'inout' for port VSS on saed14lvt_c/SAEDLVT14_LDPQ_ECO_1/frame
        does not match expected value 'in' from saed14lvt_c/SAEDLVT14_LDPQ_ECO_1/timing (NDM-032w)
Information: Fixed direction mismatches for block SAEDLVT14_LDPQ_ECO_1 (LM-054)
Warning: Direction 'inout' for port VSS on saed14lvt_c/SAEDLVT14_LDPQ_U_0P5/frame
        does not match expected value 'in' from saed14lvt_c/SAEDLVT14_LDPQ_U_0P5/timing (NDM-032w)
Warning: Direction 'inout' for port VDD on saed14lvt_c/SAEDLVT14_LDPQ_U_0P5/frame
        does not match expected value 'in' from saed14lvt_c/SAEDLVT14_LDPQ_U_0P5/timing (NDM-032w)
Information: Fixed direction mismatches for block SAEDLVT14_LDPQ_U_0P5 (LM-054)
Warning: Direction 'inout' for port VDD on saed14lvt_c/SAEDLVT14_LDPQ_V1_1/frame
        does not match expected value 'in' from saed14lvt_c/SAEDLVT14_LDPQ_V1_1/timing (NDM-032w)
Warning: Direction 'inout' for port VSS on saed14lvt_c/SAEDLVT14_LDPQ_V1_1/frame
        does not match expected value 'in' from saed14lvt_c/SAEDLVT14_LDPQ_V1_1/timing (NDM-032w)
Information: Fixed direction mismatches for block SAEDLVT14_LDPQ_V1_1 (LM-054)
Warning: Direction 'inout' for port VSS on saed14lvt_c/SAEDLVT14_LDPQ_V1_2/frame
        does not match expected value 'in' from saed14lvt_c/SAEDLVT14_LDPQ_V1_2/timing (NDM-032w)
Warning: Direction 'inout' for port VDD on saed14lvt_c/SAEDLVT14_LDPQ_V1_2/frame
        does not match expected value 'in' from saed14lvt_c/SAEDLVT14_LDPQ_V1_2/timing (NDM-032w)
Information: Fixed direction mismatches for block SAEDLVT14_LDPQ_V1_2 (LM-054)
Warning: Direction 'inout' for port VDD on saed14lvt_c/SAEDLVT14_LDPQ_V1_4/frame
        does not match expected value 'in' from saed14lvt_c/SAEDLVT14_LDPQ_V1_4/timing (NDM-032w)
Warning: Direction 'inout' for port VSS on saed14lvt_c/SAEDLVT14_LDPQ_V1_4/frame
        does not match expected value 'in' from saed14lvt_c/SAEDLVT14_LDPQ_V1_4/timing (NDM-032w)
Information: Fixed direction mismatches for block SAEDLVT14_LDPQ_V1_4 (LM-054)
Warning: Direction 'inout' for port VDD on saed14lvt_c/SAEDLVT14_LDPRSQB_1/frame
        does not match expected value 'in' from saed14lvt_c/SAEDLVT14_LDPRSQB_1/timing (NDM-032w)
Warning: Direction 'inout' for port VSS on saed14lvt_c/SAEDLVT14_LDPRSQB_1/frame
        does not match expected value 'in' from saed14lvt_c/SAEDLVT14_LDPRSQB_1/timing (NDM-032w)
Information: Fixed direction mismatches for block SAEDLVT14_LDPRSQB_1 (LM-054)
Warning: Direction 'inout' for port VDD on saed14lvt_c/SAEDLVT14_LDPSBQ_V2_0P5/frame
        does not match expected value 'in' from saed14lvt_c/SAEDLVT14_LDPSBQ_V2_0P5/timing (NDM-032w)
Warning: Direction 'inout' for port VSS on saed14lvt_c/SAEDLVT14_LDPSBQ_V2_0P5/frame
        does not match expected value 'in' from saed14lvt_c/SAEDLVT14_LDPSBQ_V2_0P5/timing (NDM-032w)
Information: Fixed direction mismatches for block SAEDLVT14_LDPSBQ_V2_0P5 (LM-054)
Warning: Direction 'inout' for port VSS on saed14lvt_c/SAEDLVT14_LDPSBQ_V2_1/frame
        does not match expected value 'in' from saed14lvt_c/SAEDLVT14_LDPSBQ_V2_1/timing (NDM-032w)
Warning: Direction 'inout' for port VDD on saed14lvt_c/SAEDLVT14_LDPSBQ_V2_1/frame
        does not match expected value 'in' from saed14lvt_c/SAEDLVT14_LDPSBQ_V2_1/timing (NDM-032w)
Information: Fixed direction mismatches for block SAEDLVT14_LDPSBQ_V2_1 (LM-054)
Warning: Direction 'inout' for port VDD on saed14lvt_c/SAEDLVT14_LDPSBQ_V2_2/frame
        does not match expected value 'in' from saed14lvt_c/SAEDLVT14_LDPSBQ_V2_2/timing (NDM-032w)
Warning: Direction 'inout' for port VSS on saed14lvt_c/SAEDLVT14_LDPSBQ_V2_2/frame
        does not match expected value 'in' from saed14lvt_c/SAEDLVT14_LDPSBQ_V2_2/timing (NDM-032w)
Information: Fixed direction mismatches for block SAEDLVT14_LDPSBQ_V2_2 (LM-054)
Warning: Direction 'inout' for port VSS on saed14lvt_c/SAEDLVT14_LDPSBQ_V2_4/frame
        does not match expected value 'in' from saed14lvt_c/SAEDLVT14_LDPSBQ_V2_4/timing (NDM-032w)
Warning: Direction 'inout' for port VDD on saed14lvt_c/SAEDLVT14_LDPSBQ_V2_4/frame
        does not match expected value 'in' from saed14lvt_c/SAEDLVT14_LDPSBQ_V2_4/timing (NDM-032w)
Information: Fixed direction mismatches for block SAEDLVT14_LDPSBQ_V2_4 (LM-054)
Warning: Direction 'inout' for port VSS on saed14lvt_c/SAEDLVT14_FSDNQ_V3_1/frame
        does not match expected value 'in' from saed14lvt_c/SAEDLVT14_FSDNQ_V3_1/timing (NDM-032w)
Warning: Direction 'inout' for port VDD on saed14lvt_c/SAEDLVT14_FSDNQ_V3_1/frame
        does not match expected value 'in' from saed14lvt_c/SAEDLVT14_FSDNQ_V3_1/timing (NDM-032w)
Information: Fixed direction mismatches for block SAEDLVT14_FSDNQ_V3_1 (LM-054)
Warning: Direction 'inout' for port VSS on saed14lvt_c/SAEDLVT14_FSDNQ_V3_2/frame
        does not match expected value 'in' from saed14lvt_c/SAEDLVT14_FSDNQ_V3_2/timing (NDM-032w)
Warning: Direction 'inout' for port VDD on saed14lvt_c/SAEDLVT14_FSDNQ_V3_2/frame
        does not match expected value 'in' from saed14lvt_c/SAEDLVT14_FSDNQ_V3_2/timing (NDM-032w)
Information: Fixed direction mismatches for block SAEDLVT14_FSDNQ_V3_2 (LM-054)
Warning: Direction 'inout' for port VSS on saed14lvt_c/SAEDLVT14_FSDNQ_V3_4/frame
        does not match expected value 'in' from saed14lvt_c/SAEDLVT14_FSDNQ_V3_4/timing (NDM-032w)
Warning: Direction 'inout' for port VDD on saed14lvt_c/SAEDLVT14_FSDNQ_V3_4/frame
        does not match expected value 'in' from saed14lvt_c/SAEDLVT14_FSDNQ_V3_4/timing (NDM-032w)
Information: Fixed direction mismatches for block SAEDLVT14_FSDNQ_V3_4 (LM-054)
Warning: Direction 'inout' for port VSS on saed14lvt_c/SAEDLVT14_FSDN_V2_1/frame
        does not match expected value 'in' from saed14lvt_c/SAEDLVT14_FSDN_V2_1/timing (NDM-032w)
Warning: Direction 'inout' for port VDD on saed14lvt_c/SAEDLVT14_FSDN_V2_1/frame
        does not match expected value 'in' from saed14lvt_c/SAEDLVT14_FSDN_V2_1/timing (NDM-032w)
Information: Fixed direction mismatches for block SAEDLVT14_FSDN_V2_1 (LM-054)
Warning: Direction 'inout' for port VDD on saed14lvt_c/SAEDLVT14_FSDN_V2_2/frame
        does not match expected value 'in' from saed14lvt_c/SAEDLVT14_FSDN_V2_2/timing (NDM-032w)
Warning: Direction 'inout' for port VSS on saed14lvt_c/SAEDLVT14_FSDN_V2_2/frame
        does not match expected value 'in' from saed14lvt_c/SAEDLVT14_FSDN_V2_2/timing (NDM-032w)
Information: Fixed direction mismatches for block SAEDLVT14_FSDN_V2_2 (LM-054)
Warning: Direction 'inout' for port VDD on saed14lvt_c/SAEDLVT14_FSDN_V2_4/frame
        does not match expected value 'in' from saed14lvt_c/SAEDLVT14_FSDN_V2_4/timing (NDM-032w)
Warning: Direction 'inout' for port VSS on saed14lvt_c/SAEDLVT14_FSDN_V2_4/frame
        does not match expected value 'in' from saed14lvt_c/SAEDLVT14_FSDN_V2_4/timing (NDM-032w)
Information: Fixed direction mismatches for block SAEDLVT14_FSDN_V2_4 (LM-054)
Warning: Direction 'inout' for port VSS on saed14lvt_c/SAEDLVT14_FSDPMQ_0P5/frame
        does not match expected value 'in' from saed14lvt_c/SAEDLVT14_FSDPMQ_0P5/timing (NDM-032w)
Warning: Direction 'inout' for port VDD on saed14lvt_c/SAEDLVT14_FSDPMQ_0P5/frame
        does not match expected value 'in' from saed14lvt_c/SAEDLVT14_FSDPMQ_0P5/timing (NDM-032w)
Information: Fixed direction mismatches for block SAEDLVT14_FSDPMQ_0P5 (LM-054)
Warning: Direction 'inout' for port VDD on saed14lvt_c/SAEDLVT14_FSDPMQ_1/frame
        does not match expected value 'in' from saed14lvt_c/SAEDLVT14_FSDPMQ_1/timing (NDM-032w)
Warning: Direction 'inout' for port VSS on saed14lvt_c/SAEDLVT14_FSDPMQ_1/frame
        does not match expected value 'in' from saed14lvt_c/SAEDLVT14_FSDPMQ_1/timing (NDM-032w)
Information: Fixed direction mismatches for block SAEDLVT14_FSDPMQ_1 (LM-054)
Warning: Direction 'inout' for port VDD on saed14lvt_c/SAEDLVT14_FSDPMQ_2/frame
        does not match expected value 'in' from saed14lvt_c/SAEDLVT14_FSDPMQ_2/timing (NDM-032w)
Warning: Direction 'inout' for port VSS on saed14lvt_c/SAEDLVT14_FSDPMQ_2/frame
        does not match expected value 'in' from saed14lvt_c/SAEDLVT14_FSDPMQ_2/timing (NDM-032w)
Information: Fixed direction mismatches for block SAEDLVT14_FSDPMQ_2 (LM-054)
Warning: Direction 'inout' for port VSS on saed14lvt_c/SAEDLVT14_FSDPMQ_4/frame
        does not match expected value 'in' from saed14lvt_c/SAEDLVT14_FSDPMQ_4/timing (NDM-032w)
Warning: Direction 'inout' for port VDD on saed14lvt_c/SAEDLVT14_FSDPMQ_4/frame
        does not match expected value 'in' from saed14lvt_c/SAEDLVT14_FSDPMQ_4/timing (NDM-032w)
Information: Fixed direction mismatches for block SAEDLVT14_FSDPMQ_4 (LM-054)
Warning: Direction 'inout' for port VDD on saed14lvt_c/SAEDLVT14_FSDPMQ_LP_0P5/frame
        does not match expected value 'in' from saed14lvt_c/SAEDLVT14_FSDPMQ_LP_0P5/timing (NDM-032w)
Warning: Direction 'inout' for port VSS on saed14lvt_c/SAEDLVT14_FSDPMQ_LP_0P5/frame
        does not match expected value 'in' from saed14lvt_c/SAEDLVT14_FSDPMQ_LP_0P5/timing (NDM-032w)
Information: Fixed direction mismatches for block SAEDLVT14_FSDPMQ_LP_0P5 (LM-054)
Warning: Direction 'inout' for port VSS on saed14lvt_c/SAEDLVT14_FSDPMQ_LP_1/frame
        does not match expected value 'in' from saed14lvt_c/SAEDLVT14_FSDPMQ_LP_1/timing (NDM-032w)
Warning: Direction 'inout' for port VDD on saed14lvt_c/SAEDLVT14_FSDPMQ_LP_1/frame
        does not match expected value 'in' from saed14lvt_c/SAEDLVT14_FSDPMQ_LP_1/timing (NDM-032w)
Information: Fixed direction mismatches for block SAEDLVT14_FSDPMQ_LP_1 (LM-054)
Warning: Direction 'inout' for port VSS on saed14lvt_c/SAEDLVT14_FSDPMQ_LP_2/frame
        does not match expected value 'in' from saed14lvt_c/SAEDLVT14_FSDPMQ_LP_2/timing (NDM-032w)
Warning: Direction 'inout' for port VDD on saed14lvt_c/SAEDLVT14_FSDPMQ_LP_2/frame
        does not match expected value 'in' from saed14lvt_c/SAEDLVT14_FSDPMQ_LP_2/timing (NDM-032w)
Information: Fixed direction mismatches for block SAEDLVT14_FSDPMQ_LP_2 (LM-054)
Warning: Direction 'inout' for port VDD on saed14lvt_c/SAEDLVT14_FSDPQB_V2_0P5/frame
        does not match expected value 'in' from saed14lvt_c/SAEDLVT14_FSDPQB_V2_0P5/timing (NDM-032w)
Warning: Direction 'inout' for port VSS on saed14lvt_c/SAEDLVT14_FSDPQB_V2_0P5/frame
        does not match expected value 'in' from saed14lvt_c/SAEDLVT14_FSDPQB_V2_0P5/timing (NDM-032w)
Information: Fixed direction mismatches for block SAEDLVT14_FSDPQB_V2_0P5 (LM-054)
Warning: Direction 'inout' for port VDD on saed14lvt_c/SAEDLVT14_FSDPQB_V2_1/frame
        does not match expected value 'in' from saed14lvt_c/SAEDLVT14_FSDPQB_V2_1/timing (NDM-032w)
Warning: Direction 'inout' for port VSS on saed14lvt_c/SAEDLVT14_FSDPQB_V2_1/frame
        does not match expected value 'in' from saed14lvt_c/SAEDLVT14_FSDPQB_V2_1/timing (NDM-032w)
Information: Fixed direction mismatches for block SAEDLVT14_FSDPQB_V2_1 (LM-054)
Warning: Direction 'inout' for port VDD on saed14lvt_c/SAEDLVT14_FSDPQB_V2_2/frame
        does not match expected value 'in' from saed14lvt_c/SAEDLVT14_FSDPQB_V2_2/timing (NDM-032w)
Warning: Direction 'inout' for port VSS on saed14lvt_c/SAEDLVT14_FSDPQB_V2_2/frame
        does not match expected value 'in' from saed14lvt_c/SAEDLVT14_FSDPQB_V2_2/timing (NDM-032w)
Information: Fixed direction mismatches for block SAEDLVT14_FSDPQB_V2_2 (LM-054)
Warning: Direction 'inout' for port VDD on saed14lvt_c/SAEDLVT14_FSDPQB_V2_4/frame
        does not match expected value 'in' from saed14lvt_c/SAEDLVT14_FSDPQB_V2_4/timing (NDM-032w)
Warning: Direction 'inout' for port VSS on saed14lvt_c/SAEDLVT14_FSDPQB_V2_4/frame
        does not match expected value 'in' from saed14lvt_c/SAEDLVT14_FSDPQB_V2_4/timing (NDM-032w)
Information: Fixed direction mismatches for block SAEDLVT14_FSDPQB_V2_4 (LM-054)
Warning: Direction 'inout' for port VDD on saed14lvt_c/SAEDLVT14_FSDPQB_V2_8/frame
        does not match expected value 'in' from saed14lvt_c/SAEDLVT14_FSDPQB_V2_8/timing (NDM-032w)
Warning: Direction 'inout' for port VSS on saed14lvt_c/SAEDLVT14_FSDPQB_V2_8/frame
        does not match expected value 'in' from saed14lvt_c/SAEDLVT14_FSDPQB_V2_8/timing (NDM-032w)
Information: Fixed direction mismatches for block SAEDLVT14_FSDPQB_V2_8 (LM-054)
Warning: Direction 'inout' for port VDD on saed14lvt_c/SAEDLVT14_FSDPQB_V2LP_0P5/frame
        does not match expected value 'in' from saed14lvt_c/SAEDLVT14_FSDPQB_V2LP_0P5/timing (NDM-032w)
Warning: Direction 'inout' for port VSS on saed14lvt_c/SAEDLVT14_FSDPQB_V2LP_0P5/frame
        does not match expected value 'in' from saed14lvt_c/SAEDLVT14_FSDPQB_V2LP_0P5/timing (NDM-032w)
Information: Fixed direction mismatches for block SAEDLVT14_FSDPQB_V2LP_0P5 (LM-054)
Warning: Direction 'inout' for port VDD on saed14lvt_c/SAEDLVT14_FSDPQB_V2LP_1/frame
        does not match expected value 'in' from saed14lvt_c/SAEDLVT14_FSDPQB_V2LP_1/timing (NDM-032w)
Warning: Direction 'inout' for port VSS on saed14lvt_c/SAEDLVT14_FSDPQB_V2LP_1/frame
        does not match expected value 'in' from saed14lvt_c/SAEDLVT14_FSDPQB_V2LP_1/timing (NDM-032w)
Information: Fixed direction mismatches for block SAEDLVT14_FSDPQB_V2LP_1 (LM-054)
Warning: Direction 'inout' for port VDD on saed14lvt_c/SAEDLVT14_FSDPQB_V2LP_2/frame
        does not match expected value 'in' from saed14lvt_c/SAEDLVT14_FSDPQB_V2LP_2/timing (NDM-032w)
Warning: Direction 'inout' for port VSS on saed14lvt_c/SAEDLVT14_FSDPQB_V2LP_2/frame
        does not match expected value 'in' from saed14lvt_c/SAEDLVT14_FSDPQB_V2LP_2/timing (NDM-032w)
Information: Fixed direction mismatches for block SAEDLVT14_FSDPQB_V2LP_2 (LM-054)
Warning: Direction 'inout' for port VDD on saed14lvt_c/SAEDLVT14_FSDPQB_V3_1/frame
        does not match expected value 'in' from saed14lvt_c/SAEDLVT14_FSDPQB_V3_1/timing (NDM-032w)
Warning: Direction 'inout' for port VSS on saed14lvt_c/SAEDLVT14_FSDPQB_V3_1/frame
        does not match expected value 'in' from saed14lvt_c/SAEDLVT14_FSDPQB_V3_1/timing (NDM-032w)
Information: Fixed direction mismatches for block SAEDLVT14_FSDPQB_V3_1 (LM-054)
Warning: Direction 'inout' for port VSS on saed14lvt_c/SAEDLVT14_FSDPQB_V3_2/frame
        does not match expected value 'in' from saed14lvt_c/SAEDLVT14_FSDPQB_V3_2/timing (NDM-032w)
Warning: Direction 'inout' for port VDD on saed14lvt_c/SAEDLVT14_FSDPQB_V3_2/frame
        does not match expected value 'in' from saed14lvt_c/SAEDLVT14_FSDPQB_V3_2/timing (NDM-032w)
Information: Fixed direction mismatches for block SAEDLVT14_FSDPQB_V3_2 (LM-054)
Warning: Direction 'inout' for port VDD on saed14lvt_c/SAEDLVT14_FSDPQB_V3_4/frame
        does not match expected value 'in' from saed14lvt_c/SAEDLVT14_FSDPQB_V3_4/timing (NDM-032w)
Warning: Direction 'inout' for port VSS on saed14lvt_c/SAEDLVT14_FSDPQB_V3_4/frame
        does not match expected value 'in' from saed14lvt_c/SAEDLVT14_FSDPQB_V3_4/timing (NDM-032w)
Information: Fixed direction mismatches for block SAEDLVT14_FSDPQB_V3_4 (LM-054)
Warning: Direction 'inout' for port VSS on saed14lvt_c/SAEDLVT14_FSDPQB_V3_8/frame
        does not match expected value 'in' from saed14lvt_c/SAEDLVT14_FSDPQB_V3_8/timing (NDM-032w)
Warning: Direction 'inout' for port VDD on saed14lvt_c/SAEDLVT14_FSDPQB_V3_8/frame
        does not match expected value 'in' from saed14lvt_c/SAEDLVT14_FSDPQB_V3_8/timing (NDM-032w)
Information: Fixed direction mismatches for block SAEDLVT14_FSDPQB_V3_8 (LM-054)
Warning: Direction 'inout' for port VDD on saed14lvt_c/SAEDLVT14_FSDPQ_V2_0P5/frame
        does not match expected value 'in' from saed14lvt_c/SAEDLVT14_FSDPQ_V2_0P5/timing (NDM-032w)
Warning: Direction 'inout' for port VSS on saed14lvt_c/SAEDLVT14_FSDPQ_V2_0P5/frame
        does not match expected value 'in' from saed14lvt_c/SAEDLVT14_FSDPQ_V2_0P5/timing (NDM-032w)
Information: Fixed direction mismatches for block SAEDLVT14_FSDPQ_V2_0P5 (LM-054)
Warning: Direction 'inout' for port VDD on saed14lvt_c/SAEDLVT14_FSDPQ_V2_1/frame
        does not match expected value 'in' from saed14lvt_c/SAEDLVT14_FSDPQ_V2_1/timing (NDM-032w)
Warning: Direction 'inout' for port VSS on saed14lvt_c/SAEDLVT14_FSDPQ_V2_1/frame
        does not match expected value 'in' from saed14lvt_c/SAEDLVT14_FSDPQ_V2_1/timing (NDM-032w)
Information: Fixed direction mismatches for block SAEDLVT14_FSDPQ_V2_1 (LM-054)
Warning: Direction 'inout' for port VDD on saed14lvt_c/SAEDLVT14_FSDPQ_V2_2/frame
        does not match expected value 'in' from saed14lvt_c/SAEDLVT14_FSDPQ_V2_2/timing (NDM-032w)
Warning: Direction 'inout' for port VSS on saed14lvt_c/SAEDLVT14_FSDPQ_V2_2/frame
        does not match expected value 'in' from saed14lvt_c/SAEDLVT14_FSDPQ_V2_2/timing (NDM-032w)
Information: Fixed direction mismatches for block SAEDLVT14_FSDPQ_V2_2 (LM-054)
Warning: Direction 'inout' for port VSS on saed14lvt_c/SAEDLVT14_FSDPQ_V2_4/frame
        does not match expected value 'in' from saed14lvt_c/SAEDLVT14_FSDPQ_V2_4/timing (NDM-032w)
Warning: Direction 'inout' for port VDD on saed14lvt_c/SAEDLVT14_FSDPQ_V2_4/frame
        does not match expected value 'in' from saed14lvt_c/SAEDLVT14_FSDPQ_V2_4/timing (NDM-032w)
Information: Fixed direction mismatches for block SAEDLVT14_FSDPQ_V2_4 (LM-054)
Warning: Direction 'inout' for port VSS on saed14lvt_c/SAEDLVT14_FSDPQ_V2LP_0P5/frame
        does not match expected value 'in' from saed14lvt_c/SAEDLVT14_FSDPQ_V2LP_0P5/timing (NDM-032w)
Warning: Direction 'inout' for port VDD on saed14lvt_c/SAEDLVT14_FSDPQ_V2LP_0P5/frame
        does not match expected value 'in' from saed14lvt_c/SAEDLVT14_FSDPQ_V2LP_0P5/timing (NDM-032w)
Information: Fixed direction mismatches for block SAEDLVT14_FSDPQ_V2LP_0P5 (LM-054)
Warning: Direction 'inout' for port VSS on saed14lvt_c/SAEDLVT14_FSDPQ_V2LP_1/frame
        does not match expected value 'in' from saed14lvt_c/SAEDLVT14_FSDPQ_V2LP_1/timing (NDM-032w)
Warning: Direction 'inout' for port VDD on saed14lvt_c/SAEDLVT14_FSDPQ_V2LP_1/frame
        does not match expected value 'in' from saed14lvt_c/SAEDLVT14_FSDPQ_V2LP_1/timing (NDM-032w)
Information: Fixed direction mismatches for block SAEDLVT14_FSDPQ_V2LP_1 (LM-054)
Warning: Direction 'inout' for port VDD on saed14lvt_c/SAEDLVT14_FSDPQ_V2LP_2/frame
        does not match expected value 'in' from saed14lvt_c/SAEDLVT14_FSDPQ_V2LP_2/timing (NDM-032w)
Warning: Direction 'inout' for port VSS on saed14lvt_c/SAEDLVT14_FSDPQ_V2LP_2/frame
        does not match expected value 'in' from saed14lvt_c/SAEDLVT14_FSDPQ_V2LP_2/timing (NDM-032w)
Information: Fixed direction mismatches for block SAEDLVT14_FSDPQ_V2LP_2 (LM-054)
Warning: Direction 'inout' for port VDD on saed14lvt_c/SAEDLVT14_FSDPQ_V3_1/frame
        does not match expected value 'in' from saed14lvt_c/SAEDLVT14_FSDPQ_V3_1/timing (NDM-032w)
Warning: Direction 'inout' for port VSS on saed14lvt_c/SAEDLVT14_FSDPQ_V3_1/frame
        does not match expected value 'in' from saed14lvt_c/SAEDLVT14_FSDPQ_V3_1/timing (NDM-032w)
Information: Fixed direction mismatches for block SAEDLVT14_FSDPQ_V3_1 (LM-054)
Warning: Direction 'inout' for port VDD on saed14lvt_c/SAEDLVT14_FSDPQ_V3_2/frame
        does not match expected value 'in' from saed14lvt_c/SAEDLVT14_FSDPQ_V3_2/timing (NDM-032w)
Warning: Direction 'inout' for port VSS on saed14lvt_c/SAEDLVT14_FSDPQ_V3_2/frame
        does not match expected value 'in' from saed14lvt_c/SAEDLVT14_FSDPQ_V3_2/timing (NDM-032w)
Information: Fixed direction mismatches for block SAEDLVT14_FSDPQ_V3_2 (LM-054)
Warning: Direction 'inout' for port VDD on saed14lvt_c/SAEDLVT14_FSDPQ_V3_4/frame
        does not match expected value 'in' from saed14lvt_c/SAEDLVT14_FSDPQ_V3_4/timing (NDM-032w)
Warning: Direction 'inout' for port VSS on saed14lvt_c/SAEDLVT14_FSDPQ_V3_4/frame
        does not match expected value 'in' from saed14lvt_c/SAEDLVT14_FSDPQ_V3_4/timing (NDM-032w)
Information: Fixed direction mismatches for block SAEDLVT14_FSDPQ_V3_4 (LM-054)
Warning: Direction 'inout' for port VSS on saed14lvt_c/SAEDLVT14_FSDPRBQ_V2_0P5/frame
        does not match expected value 'in' from saed14lvt_c/SAEDLVT14_FSDPRBQ_V2_0P5/timing (NDM-032w)
Warning: Direction 'inout' for port VDD on saed14lvt_c/SAEDLVT14_FSDPRBQ_V2_0P5/frame
        does not match expected value 'in' from saed14lvt_c/SAEDLVT14_FSDPRBQ_V2_0P5/timing (NDM-032w)
Information: Fixed direction mismatches for block SAEDLVT14_FSDPRBQ_V2_0P5 (LM-054)
Warning: Direction 'inout' for port VDD on saed14lvt_c/SAEDLVT14_FSDPRBQ_V2_1/frame
        does not match expected value 'in' from saed14lvt_c/SAEDLVT14_FSDPRBQ_V2_1/timing (NDM-032w)
Warning: Direction 'inout' for port VSS on saed14lvt_c/SAEDLVT14_FSDPRBQ_V2_1/frame
        does not match expected value 'in' from saed14lvt_c/SAEDLVT14_FSDPRBQ_V2_1/timing (NDM-032w)
Information: Fixed direction mismatches for block SAEDLVT14_FSDPRBQ_V2_1 (LM-054)
Warning: Direction 'inout' for port VDD on saed14lvt_c/SAEDLVT14_FSDPRBQ_V2_2/frame
        does not match expected value 'in' from saed14lvt_c/SAEDLVT14_FSDPRBQ_V2_2/timing (NDM-032w)
Warning: Direction 'inout' for port VSS on saed14lvt_c/SAEDLVT14_FSDPRBQ_V2_2/frame
        does not match expected value 'in' from saed14lvt_c/SAEDLVT14_FSDPRBQ_V2_2/timing (NDM-032w)
Information: Fixed direction mismatches for block SAEDLVT14_FSDPRBQ_V2_2 (LM-054)
Warning: Direction 'inout' for port VDD on saed14lvt_c/SAEDLVT14_FSDPRBQ_V2_4/frame
        does not match expected value 'in' from saed14lvt_c/SAEDLVT14_FSDPRBQ_V2_4/timing (NDM-032w)
Warning: Direction 'inout' for port VSS on saed14lvt_c/SAEDLVT14_FSDPRBQ_V2_4/frame
        does not match expected value 'in' from saed14lvt_c/SAEDLVT14_FSDPRBQ_V2_4/timing (NDM-032w)
Information: Fixed direction mismatches for block SAEDLVT14_FSDPRBQ_V2_4 (LM-054)
Warning: Direction 'inout' for port VDD on saed14lvt_c/SAEDLVT14_FSDPRBQ_V2LP_0P5/frame
        does not match expected value 'in' from saed14lvt_c/SAEDLVT14_FSDPRBQ_V2LP_0P5/timing (NDM-032w)
Warning: Direction 'inout' for port VSS on saed14lvt_c/SAEDLVT14_FSDPRBQ_V2LP_0P5/frame
        does not match expected value 'in' from saed14lvt_c/SAEDLVT14_FSDPRBQ_V2LP_0P5/timing (NDM-032w)
Information: Fixed direction mismatches for block SAEDLVT14_FSDPRBQ_V2LP_0P5 (LM-054)
Warning: Direction 'inout' for port VDD on saed14lvt_c/SAEDLVT14_FSDPRBQ_V2LP_1/frame
        does not match expected value 'in' from saed14lvt_c/SAEDLVT14_FSDPRBQ_V2LP_1/timing (NDM-032w)
Warning: Direction 'inout' for port VSS on saed14lvt_c/SAEDLVT14_FSDPRBQ_V2LP_1/frame
        does not match expected value 'in' from saed14lvt_c/SAEDLVT14_FSDPRBQ_V2LP_1/timing (NDM-032w)
Information: Fixed direction mismatches for block SAEDLVT14_FSDPRBQ_V2LP_1 (LM-054)
Warning: Direction 'inout' for port VDD on saed14lvt_c/SAEDLVT14_FSDPRBQ_V2LP_2/frame
        does not match expected value 'in' from saed14lvt_c/SAEDLVT14_FSDPRBQ_V2LP_2/timing (NDM-032w)
Warning: Direction 'inout' for port VSS on saed14lvt_c/SAEDLVT14_FSDPRBQ_V2LP_2/frame
        does not match expected value 'in' from saed14lvt_c/SAEDLVT14_FSDPRBQ_V2LP_2/timing (NDM-032w)
Information: Fixed direction mismatches for block SAEDLVT14_FSDPRBQ_V2LP_2 (LM-054)
Warning: Direction 'inout' for port VSS on saed14lvt_c/SAEDLVT14_FSDPRBQ_V3_1/frame
        does not match expected value 'in' from saed14lvt_c/SAEDLVT14_FSDPRBQ_V3_1/timing (NDM-032w)
Warning: Direction 'inout' for port VDD on saed14lvt_c/SAEDLVT14_FSDPRBQ_V3_1/frame
        does not match expected value 'in' from saed14lvt_c/SAEDLVT14_FSDPRBQ_V3_1/timing (NDM-032w)
Information: Fixed direction mismatches for block SAEDLVT14_FSDPRBQ_V3_1 (LM-054)
Warning: Direction 'inout' for port VDD on saed14lvt_c/SAEDLVT14_FSDPRBQ_V3_2/frame
        does not match expected value 'in' from saed14lvt_c/SAEDLVT14_FSDPRBQ_V3_2/timing (NDM-032w)
Warning: Direction 'inout' for port VSS on saed14lvt_c/SAEDLVT14_FSDPRBQ_V3_2/frame
        does not match expected value 'in' from saed14lvt_c/SAEDLVT14_FSDPRBQ_V3_2/timing (NDM-032w)
Information: Fixed direction mismatches for block SAEDLVT14_FSDPRBQ_V3_2 (LM-054)
Warning: Direction 'inout' for port VSS on saed14lvt_c/SAEDLVT14_FSDPRBQ_V3_4/frame
        does not match expected value 'in' from saed14lvt_c/SAEDLVT14_FSDPRBQ_V3_4/timing (NDM-032w)
Warning: Direction 'inout' for port VDD on saed14lvt_c/SAEDLVT14_FSDPRBQ_V3_4/frame
        does not match expected value 'in' from saed14lvt_c/SAEDLVT14_FSDPRBQ_V3_4/timing (NDM-032w)
Information: Fixed direction mismatches for block SAEDLVT14_FSDPRBQ_V3_4 (LM-054)
Warning: Direction 'inout' for port VDD on saed14lvt_c/SAEDLVT14_FSDPRBSBQ_V2_0P5/frame
        does not match expected value 'in' from saed14lvt_c/SAEDLVT14_FSDPRBSBQ_V2_0P5/timing (NDM-032w)
Warning: Direction 'inout' for port VSS on saed14lvt_c/SAEDLVT14_FSDPRBSBQ_V2_0P5/frame
        does not match expected value 'in' from saed14lvt_c/SAEDLVT14_FSDPRBSBQ_V2_0P5/timing (NDM-032w)
Information: Fixed direction mismatches for block SAEDLVT14_FSDPRBSBQ_V2_0P5 (LM-054)
Warning: Direction 'inout' for port VDD on saed14lvt_c/SAEDLVT14_FSDPRBSBQ_V2_1/frame
        does not match expected value 'in' from saed14lvt_c/SAEDLVT14_FSDPRBSBQ_V2_1/timing (NDM-032w)
Warning: Direction 'inout' for port VSS on saed14lvt_c/SAEDLVT14_FSDPRBSBQ_V2_1/frame
        does not match expected value 'in' from saed14lvt_c/SAEDLVT14_FSDPRBSBQ_V2_1/timing (NDM-032w)
Information: Fixed direction mismatches for block SAEDLVT14_FSDPRBSBQ_V2_1 (LM-054)
Warning: Direction 'inout' for port VSS on saed14lvt_c/SAEDLVT14_FSDPRBSBQ_V2LP_0P5/frame
        does not match expected value 'in' from saed14lvt_c/SAEDLVT14_FSDPRBSBQ_V2LP_0P5/timing (NDM-032w)
Warning: Direction 'inout' for port VDD on saed14lvt_c/SAEDLVT14_FSDPRBSBQ_V2LP_0P5/frame
        does not match expected value 'in' from saed14lvt_c/SAEDLVT14_FSDPRBSBQ_V2LP_0P5/timing (NDM-032w)
Information: Fixed direction mismatches for block SAEDLVT14_FSDPRBSBQ_V2LP_0P5 (LM-054)
Warning: Direction 'inout' for port VSS on saed14lvt_c/SAEDLVT14_FSDPRBSBQ_V2LP_1/frame
        does not match expected value 'in' from saed14lvt_c/SAEDLVT14_FSDPRBSBQ_V2LP_1/timing (NDM-032w)
Warning: Direction 'inout' for port VDD on saed14lvt_c/SAEDLVT14_FSDPRBSBQ_V2LP_1/frame
        does not match expected value 'in' from saed14lvt_c/SAEDLVT14_FSDPRBSBQ_V2LP_1/timing (NDM-032w)
Information: Fixed direction mismatches for block SAEDLVT14_FSDPRBSBQ_V2LP_1 (LM-054)
Warning: Direction 'inout' for port VSS on saed14lvt_c/SAEDLVT14_FSDPRBSBQ_V2LP_2/frame
        does not match expected value 'in' from saed14lvt_c/SAEDLVT14_FSDPRBSBQ_V2LP_2/timing (NDM-032w)
Warning: Direction 'inout' for port VDD on saed14lvt_c/SAEDLVT14_FSDPRBSBQ_V2LP_2/frame
        does not match expected value 'in' from saed14lvt_c/SAEDLVT14_FSDPRBSBQ_V2LP_2/timing (NDM-032w)
Information: Fixed direction mismatches for block SAEDLVT14_FSDPRBSBQ_V2LP_2 (LM-054)
Warning: Direction 'inout' for port VDD on saed14lvt_c/SAEDLVT14_FSDPRBSBQ_V2_2/frame
        does not match expected value 'in' from saed14lvt_c/SAEDLVT14_FSDPRBSBQ_V2_2/timing (NDM-032w)
Warning: Direction 'inout' for port VSS on saed14lvt_c/SAEDLVT14_FSDPRBSBQ_V2_2/frame
        does not match expected value 'in' from saed14lvt_c/SAEDLVT14_FSDPRBSBQ_V2_2/timing (NDM-032w)
Information: Fixed direction mismatches for block SAEDLVT14_FSDPRBSBQ_V2_2 (LM-054)
Warning: Direction 'inout' for port VDD on saed14lvt_c/SAEDLVT14_FSDPRBSBQ_V2_4/frame
        does not match expected value 'in' from saed14lvt_c/SAEDLVT14_FSDPRBSBQ_V2_4/timing (NDM-032w)
Warning: Direction 'inout' for port VSS on saed14lvt_c/SAEDLVT14_FSDPRBSBQ_V2_4/frame
        does not match expected value 'in' from saed14lvt_c/SAEDLVT14_FSDPRBSBQ_V2_4/timing (NDM-032w)
Information: Fixed direction mismatches for block SAEDLVT14_FSDPRBSBQ_V2_4 (LM-054)
Warning: Direction 'inout' for port VDD on saed14lvt_c/SAEDLVT14_FSDPSBQ_V2_0P5/frame
        does not match expected value 'in' from saed14lvt_c/SAEDLVT14_FSDPSBQ_V2_0P5/timing (NDM-032w)
Warning: Direction 'inout' for port VSS on saed14lvt_c/SAEDLVT14_FSDPSBQ_V2_0P5/frame
        does not match expected value 'in' from saed14lvt_c/SAEDLVT14_FSDPSBQ_V2_0P5/timing (NDM-032w)
Information: Fixed direction mismatches for block SAEDLVT14_FSDPSBQ_V2_0P5 (LM-054)
Warning: Direction 'inout' for port VDD on saed14lvt_c/SAEDLVT14_FSDPSBQ_V2_1/frame
        does not match expected value 'in' from saed14lvt_c/SAEDLVT14_FSDPSBQ_V2_1/timing (NDM-032w)
Warning: Direction 'inout' for port VSS on saed14lvt_c/SAEDLVT14_FSDPSBQ_V2_1/frame
        does not match expected value 'in' from saed14lvt_c/SAEDLVT14_FSDPSBQ_V2_1/timing (NDM-032w)
Information: Fixed direction mismatches for block SAEDLVT14_FSDPSBQ_V2_1 (LM-054)
Warning: Direction 'inout' for port VSS on saed14lvt_c/SAEDLVT14_FSDPSBQ_V2_2/frame
        does not match expected value 'in' from saed14lvt_c/SAEDLVT14_FSDPSBQ_V2_2/timing (NDM-032w)
Warning: Direction 'inout' for port VDD on saed14lvt_c/SAEDLVT14_FSDPSBQ_V2_2/frame
        does not match expected value 'in' from saed14lvt_c/SAEDLVT14_FSDPSBQ_V2_2/timing (NDM-032w)
Information: Fixed direction mismatches for block SAEDLVT14_FSDPSBQ_V2_2 (LM-054)
Warning: Direction 'inout' for port VDD on saed14lvt_c/SAEDLVT14_FSDPSBQ_V2_4/frame
        does not match expected value 'in' from saed14lvt_c/SAEDLVT14_FSDPSBQ_V2_4/timing (NDM-032w)
Warning: Direction 'inout' for port VSS on saed14lvt_c/SAEDLVT14_FSDPSBQ_V2_4/frame
        does not match expected value 'in' from saed14lvt_c/SAEDLVT14_FSDPSBQ_V2_4/timing (NDM-032w)
Information: Fixed direction mismatches for block SAEDLVT14_FSDPSBQ_V2_4 (LM-054)
Warning: Direction 'inout' for port VDD on saed14lvt_c/SAEDLVT14_FSDPSBQ_V2LP_0P5/frame
        does not match expected value 'in' from saed14lvt_c/SAEDLVT14_FSDPSBQ_V2LP_0P5/timing (NDM-032w)
Warning: Direction 'inout' for port VSS on saed14lvt_c/SAEDLVT14_FSDPSBQ_V2LP_0P5/frame
        does not match expected value 'in' from saed14lvt_c/SAEDLVT14_FSDPSBQ_V2LP_0P5/timing (NDM-032w)
Information: Fixed direction mismatches for block SAEDLVT14_FSDPSBQ_V2LP_0P5 (LM-054)
Warning: Direction 'inout' for port VDD on saed14lvt_c/SAEDLVT14_FSDPSBQ_V2LP_1/frame
        does not match expected value 'in' from saed14lvt_c/SAEDLVT14_FSDPSBQ_V2LP_1/timing (NDM-032w)
Warning: Direction 'inout' for port VSS on saed14lvt_c/SAEDLVT14_FSDPSBQ_V2LP_1/frame
        does not match expected value 'in' from saed14lvt_c/SAEDLVT14_FSDPSBQ_V2LP_1/timing (NDM-032w)
Information: Fixed direction mismatches for block SAEDLVT14_FSDPSBQ_V2LP_1 (LM-054)
Warning: Direction 'inout' for port VDD on saed14lvt_c/SAEDLVT14_FSDPSBQ_V2LP_2/frame
        does not match expected value 'in' from saed14lvt_c/SAEDLVT14_FSDPSBQ_V2LP_2/timing (NDM-032w)
Warning: Direction 'inout' for port VSS on saed14lvt_c/SAEDLVT14_FSDPSBQ_V2LP_2/frame
        does not match expected value 'in' from saed14lvt_c/SAEDLVT14_FSDPSBQ_V2LP_2/timing (NDM-032w)
Information: Fixed direction mismatches for block SAEDLVT14_FSDPSBQ_V2LP_2 (LM-054)
Warning: Direction 'inout' for port VDD on saed14lvt_c/SAEDLVT14_FSDPSYNRBQ_V2_0P5/frame
        does not match expected value 'in' from saed14lvt_c/SAEDLVT14_FSDPSYNRBQ_V2_0P5/timing (NDM-032w)
Warning: Direction 'inout' for port VSS on saed14lvt_c/SAEDLVT14_FSDPSYNRBQ_V2_0P5/frame
        does not match expected value 'in' from saed14lvt_c/SAEDLVT14_FSDPSYNRBQ_V2_0P5/timing (NDM-032w)
Information: Fixed direction mismatches for block SAEDLVT14_FSDPSYNRBQ_V2_0P5 (LM-054)
Warning: Direction 'inout' for port VDD on saed14lvt_c/SAEDLVT14_FSDPSYNRBQ_V2_1/frame
        does not match expected value 'in' from saed14lvt_c/SAEDLVT14_FSDPSYNRBQ_V2_1/timing (NDM-032w)
Warning: Direction 'inout' for port VSS on saed14lvt_c/SAEDLVT14_FSDPSYNRBQ_V2_1/frame
        does not match expected value 'in' from saed14lvt_c/SAEDLVT14_FSDPSYNRBQ_V2_1/timing (NDM-032w)
Information: Fixed direction mismatches for block SAEDLVT14_FSDPSYNRBQ_V2_1 (LM-054)
Warning: Direction 'inout' for port VSS on saed14lvt_c/SAEDLVT14_FSDPSYNRBQ_V2_2/frame
        does not match expected value 'in' from saed14lvt_c/SAEDLVT14_FSDPSYNRBQ_V2_2/timing (NDM-032w)
Warning: Direction 'inout' for port VDD on saed14lvt_c/SAEDLVT14_FSDPSYNRBQ_V2_2/frame
        does not match expected value 'in' from saed14lvt_c/SAEDLVT14_FSDPSYNRBQ_V2_2/timing (NDM-032w)
Information: Fixed direction mismatches for block SAEDLVT14_FSDPSYNRBQ_V2_2 (LM-054)
Warning: Direction 'inout' for port VSS on saed14lvt_c/SAEDLVT14_FSDPSYNRBQ_V2_4/frame
        does not match expected value 'in' from saed14lvt_c/SAEDLVT14_FSDPSYNRBQ_V2_4/timing (NDM-032w)
Warning: Direction 'inout' for port VDD on saed14lvt_c/SAEDLVT14_FSDPSYNRBQ_V2_4/frame
        does not match expected value 'in' from saed14lvt_c/SAEDLVT14_FSDPSYNRBQ_V2_4/timing (NDM-032w)
Information: Fixed direction mismatches for block SAEDLVT14_FSDPSYNRBQ_V2_4 (LM-054)
Warning: Direction 'inout' for port VSS on saed14lvt_c/SAEDLVT14_FSDPSYNRBQ_V2LP_0P5/frame
        does not match expected value 'in' from saed14lvt_c/SAEDLVT14_FSDPSYNRBQ_V2LP_0P5/timing (NDM-032w)
Warning: Direction 'inout' for port VDD on saed14lvt_c/SAEDLVT14_FSDPSYNRBQ_V2LP_0P5/frame
        does not match expected value 'in' from saed14lvt_c/SAEDLVT14_FSDPSYNRBQ_V2LP_0P5/timing (NDM-032w)
Information: Fixed direction mismatches for block SAEDLVT14_FSDPSYNRBQ_V2LP_0P5 (LM-054)
Warning: Direction 'inout' for port VDD on saed14lvt_c/SAEDLVT14_FSDPSYNRBQ_V2LP_1/frame
        does not match expected value 'in' from saed14lvt_c/SAEDLVT14_FSDPSYNRBQ_V2LP_1/timing (NDM-032w)
Warning: Direction 'inout' for port VSS on saed14lvt_c/SAEDLVT14_FSDPSYNRBQ_V2LP_1/frame
        does not match expected value 'in' from saed14lvt_c/SAEDLVT14_FSDPSYNRBQ_V2LP_1/timing (NDM-032w)
Information: Fixed direction mismatches for block SAEDLVT14_FSDPSYNRBQ_V2LP_1 (LM-054)
Warning: Direction 'inout' for port VDD on saed14lvt_c/SAEDLVT14_FSDPSYNRBQ_V2LP_2/frame
        does not match expected value 'in' from saed14lvt_c/SAEDLVT14_FSDPSYNRBQ_V2LP_2/timing (NDM-032w)
Warning: Direction 'inout' for port VSS on saed14lvt_c/SAEDLVT14_FSDPSYNRBQ_V2LP_2/frame
        does not match expected value 'in' from saed14lvt_c/SAEDLVT14_FSDPSYNRBQ_V2LP_2/timing (NDM-032w)
Information: Fixed direction mismatches for block SAEDLVT14_FSDPSYNRBQ_V2LP_2 (LM-054)
Warning: Direction 'inout' for port VDD on saed14lvt_c/SAEDLVT14_FSDPSYNRBQ_V3_1/frame
        does not match expected value 'in' from saed14lvt_c/SAEDLVT14_FSDPSYNRBQ_V3_1/timing (NDM-032w)
Warning: Direction 'inout' for port VSS on saed14lvt_c/SAEDLVT14_FSDPSYNRBQ_V3_1/frame
        does not match expected value 'in' from saed14lvt_c/SAEDLVT14_FSDPSYNRBQ_V3_1/timing (NDM-032w)
Information: Fixed direction mismatches for block SAEDLVT14_FSDPSYNRBQ_V3_1 (LM-054)
Warning: Direction 'inout' for port VDD on saed14lvt_c/SAEDLVT14_FSDPSYNRBQ_V3_2/frame
        does not match expected value 'in' from saed14lvt_c/SAEDLVT14_FSDPSYNRBQ_V3_2/timing (NDM-032w)
Warning: Direction 'inout' for port VSS on saed14lvt_c/SAEDLVT14_FSDPSYNRBQ_V3_2/frame
        does not match expected value 'in' from saed14lvt_c/SAEDLVT14_FSDPSYNRBQ_V3_2/timing (NDM-032w)
Information: Fixed direction mismatches for block SAEDLVT14_FSDPSYNRBQ_V3_2 (LM-054)
Warning: Direction 'inout' for port VDD on saed14lvt_c/SAEDLVT14_FSDPSYNRBQ_V3_4/frame
        does not match expected value 'in' from saed14lvt_c/SAEDLVT14_FSDPSYNRBQ_V3_4/timing (NDM-032w)
Warning: Direction 'inout' for port VSS on saed14lvt_c/SAEDLVT14_FSDPSYNRBQ_V3_4/frame
        does not match expected value 'in' from saed14lvt_c/SAEDLVT14_FSDPSYNRBQ_V3_4/timing (NDM-032w)
Information: Fixed direction mismatches for block SAEDLVT14_FSDPSYNRBQ_V3_4 (LM-054)
Warning: Direction 'inout' for port VDD on saed14lvt_c/SAEDLVT14_FSDPSYNSBQ_V2_0P5/frame
        does not match expected value 'in' from saed14lvt_c/SAEDLVT14_FSDPSYNSBQ_V2_0P5/timing (NDM-032w)
Warning: Direction 'inout' for port VSS on saed14lvt_c/SAEDLVT14_FSDPSYNSBQ_V2_0P5/frame
        does not match expected value 'in' from saed14lvt_c/SAEDLVT14_FSDPSYNSBQ_V2_0P5/timing (NDM-032w)
Information: Fixed direction mismatches for block SAEDLVT14_FSDPSYNSBQ_V2_0P5 (LM-054)
Warning: Direction 'inout' for port VDD on saed14lvt_c/SAEDLVT14_FSDPSYNSBQ_V2_1/frame
        does not match expected value 'in' from saed14lvt_c/SAEDLVT14_FSDPSYNSBQ_V2_1/timing (NDM-032w)
Warning: Direction 'inout' for port VSS on saed14lvt_c/SAEDLVT14_FSDPSYNSBQ_V2_1/frame
        does not match expected value 'in' from saed14lvt_c/SAEDLVT14_FSDPSYNSBQ_V2_1/timing (NDM-032w)
Information: Fixed direction mismatches for block SAEDLVT14_FSDPSYNSBQ_V2_1 (LM-054)
Warning: Direction 'inout' for port VSS on saed14lvt_c/SAEDLVT14_FSDPSYNSBQ_V2_2/frame
        does not match expected value 'in' from saed14lvt_c/SAEDLVT14_FSDPSYNSBQ_V2_2/timing (NDM-032w)
Warning: Direction 'inout' for port VDD on saed14lvt_c/SAEDLVT14_FSDPSYNSBQ_V2_2/frame
        does not match expected value 'in' from saed14lvt_c/SAEDLVT14_FSDPSYNSBQ_V2_2/timing (NDM-032w)
Information: Fixed direction mismatches for block SAEDLVT14_FSDPSYNSBQ_V2_2 (LM-054)
Warning: Direction 'inout' for port VDD on saed14lvt_c/SAEDLVT14_FSDPSYNSBQ_V2_4/frame
        does not match expected value 'in' from saed14lvt_c/SAEDLVT14_FSDPSYNSBQ_V2_4/timing (NDM-032w)
Warning: Direction 'inout' for port VSS on saed14lvt_c/SAEDLVT14_FSDPSYNSBQ_V2_4/frame
        does not match expected value 'in' from saed14lvt_c/SAEDLVT14_FSDPSYNSBQ_V2_4/timing (NDM-032w)
Information: Fixed direction mismatches for block SAEDLVT14_FSDPSYNSBQ_V2_4 (LM-054)
Warning: Direction 'inout' for port VDD on saed14lvt_c/SAEDLVT14_FSDPSYNSBQ_V2LP_0P5/frame
        does not match expected value 'in' from saed14lvt_c/SAEDLVT14_FSDPSYNSBQ_V2LP_0P5/timing (NDM-032w)
Warning: Direction 'inout' for port VSS on saed14lvt_c/SAEDLVT14_FSDPSYNSBQ_V2LP_0P5/frame
        does not match expected value 'in' from saed14lvt_c/SAEDLVT14_FSDPSYNSBQ_V2LP_0P5/timing (NDM-032w)
Information: Fixed direction mismatches for block SAEDLVT14_FSDPSYNSBQ_V2LP_0P5 (LM-054)
Warning: Direction 'inout' for port VDD on saed14lvt_c/SAEDLVT14_FSDPSYNSBQ_V2LP_1/frame
        does not match expected value 'in' from saed14lvt_c/SAEDLVT14_FSDPSYNSBQ_V2LP_1/timing (NDM-032w)
Warning: Direction 'inout' for port VSS on saed14lvt_c/SAEDLVT14_FSDPSYNSBQ_V2LP_1/frame
        does not match expected value 'in' from saed14lvt_c/SAEDLVT14_FSDPSYNSBQ_V2LP_1/timing (NDM-032w)
Information: Fixed direction mismatches for block SAEDLVT14_FSDPSYNSBQ_V2LP_1 (LM-054)
Warning: Direction 'inout' for port VDD on saed14lvt_c/SAEDLVT14_FSDPSYNSBQ_V2LP_2/frame
        does not match expected value 'in' from saed14lvt_c/SAEDLVT14_FSDPSYNSBQ_V2LP_2/timing (NDM-032w)
Warning: Direction 'inout' for port VSS on saed14lvt_c/SAEDLVT14_FSDPSYNSBQ_V2LP_2/frame
        does not match expected value 'in' from saed14lvt_c/SAEDLVT14_FSDPSYNSBQ_V2LP_2/timing (NDM-032w)
Information: Fixed direction mismatches for block SAEDLVT14_FSDPSYNSBQ_V2LP_2 (LM-054)
Warning: Direction 'inout' for port VSS on saed14lvt_c/SAEDLVT14_FSDP_V2_0P5/frame
        does not match expected value 'in' from saed14lvt_c/SAEDLVT14_FSDP_V2_0P5/timing (NDM-032w)
Warning: Direction 'inout' for port VDD on saed14lvt_c/SAEDLVT14_FSDP_V2_0P5/frame
        does not match expected value 'in' from saed14lvt_c/SAEDLVT14_FSDP_V2_0P5/timing (NDM-032w)
Information: Fixed direction mismatches for block SAEDLVT14_FSDP_V2_0P5 (LM-054)
Warning: Direction 'inout' for port VDD on saed14lvt_c/SAEDLVT14_FSDP_V2_1/frame
        does not match expected value 'in' from saed14lvt_c/SAEDLVT14_FSDP_V2_1/timing (NDM-032w)
Warning: Direction 'inout' for port VSS on saed14lvt_c/SAEDLVT14_FSDP_V2_1/frame
        does not match expected value 'in' from saed14lvt_c/SAEDLVT14_FSDP_V2_1/timing (NDM-032w)
Information: Fixed direction mismatches for block SAEDLVT14_FSDP_V2_1 (LM-054)
Warning: Direction 'inout' for port VDD on saed14lvt_c/SAEDLVT14_FSDP_V2_2/frame
        does not match expected value 'in' from saed14lvt_c/SAEDLVT14_FSDP_V2_2/timing (NDM-032w)
Warning: Direction 'inout' for port VSS on saed14lvt_c/SAEDLVT14_FSDP_V2_2/frame
        does not match expected value 'in' from saed14lvt_c/SAEDLVT14_FSDP_V2_2/timing (NDM-032w)
Information: Fixed direction mismatches for block SAEDLVT14_FSDP_V2_2 (LM-054)
Warning: Direction 'inout' for port VDD on saed14lvt_c/SAEDLVT14_FSDP_V2_4/frame
        does not match expected value 'in' from saed14lvt_c/SAEDLVT14_FSDP_V2_4/timing (NDM-032w)
Warning: Direction 'inout' for port VSS on saed14lvt_c/SAEDLVT14_FSDP_V2_4/frame
        does not match expected value 'in' from saed14lvt_c/SAEDLVT14_FSDP_V2_4/timing (NDM-032w)
Information: Fixed direction mismatches for block SAEDLVT14_FSDP_V2_4 (LM-054)
Warning: Direction 'inout' for port VDD on saed14lvt_c/SAEDLVT14_FSDP_V2LP_1/frame
        does not match expected value 'in' from saed14lvt_c/SAEDLVT14_FSDP_V2LP_1/timing (NDM-032w)
Warning: Direction 'inout' for port VSS on saed14lvt_c/SAEDLVT14_FSDP_V2LP_1/frame
        does not match expected value 'in' from saed14lvt_c/SAEDLVT14_FSDP_V2LP_1/timing (NDM-032w)
Information: Fixed direction mismatches for block SAEDLVT14_FSDP_V2LP_1 (LM-054)
Warning: Direction 'inout' for port VSS on saed14lvt_c/SAEDLVT14_FSDP_V2LP_2/frame
        does not match expected value 'in' from saed14lvt_c/SAEDLVT14_FSDP_V2LP_2/timing (NDM-032w)
Warning: Direction 'inout' for port VDD on saed14lvt_c/SAEDLVT14_FSDP_V2LP_2/frame
        does not match expected value 'in' from saed14lvt_c/SAEDLVT14_FSDP_V2LP_2/timing (NDM-032w)
Information: Fixed direction mismatches for block SAEDLVT14_FSDP_V2LP_2 (LM-054)
Warning: Mismatched PG pins between the logic library and FRAME for block saed14lvt_c/SAEDLVT14_ISOFSDPQ_PECO_4:  - Extra DB/power  :  VDD. (LM-033)
Warning: Direction 'inout' for port VDDR on saed14lvt_c/SAEDLVT14_ISOFSDPQ_PECO_4/frame
        does not match expected value 'in' from saed14lvt_c/SAEDLVT14_ISOFSDPQ_PECO_4/timing (NDM-032w)
Warning: Direction 'inout' for port VSS on saed14lvt_c/SAEDLVT14_ISOFSDPQ_PECO_4/frame
        does not match expected value 'in' from saed14lvt_c/SAEDLVT14_ISOFSDPQ_PECO_4/timing (NDM-032w)
Information: Fixed direction mismatches for block SAEDLVT14_ISOFSDPQ_PECO_4 (LM-054)
Warning: Mismatched PG pins between the logic library and FRAME for block saed14lvt_c/SAEDLVT14_ISOFSDPQ_PECO_8:  - Extra DB/ground :  VSS. (LM-033)
Warning: Direction 'inout' for port VDDR on saed14lvt_c/SAEDLVT14_ISOFSDPQ_PECO_8/frame
        does not match expected value 'in' from saed14lvt_c/SAEDLVT14_ISOFSDPQ_PECO_8/timing (NDM-032w)
Warning: Direction 'inout' for port VDD on saed14lvt_c/SAEDLVT14_ISOFSDPQ_PECO_8/frame
        does not match expected value 'in' from saed14lvt_c/SAEDLVT14_ISOFSDPQ_PECO_8/timing (NDM-032w)
Information: Fixed direction mismatches for block SAEDLVT14_ISOFSDPQ_PECO_8 (LM-054)
Warning: Direction 'inout' for port VDDR on saed14lvt_c/SAEDLVT14_ISOS0CL1_P_2/frame
        does not match expected value 'in' from saed14lvt_c/SAEDLVT14_ISOS0CL1_P_2/timing (NDM-032w)
Warning: Direction 'inout' for port VDD on saed14lvt_c/SAEDLVT14_ISOS0CL1_P_2/frame
        does not match expected value 'in' from saed14lvt_c/SAEDLVT14_ISOS0CL1_P_2/timing (NDM-032w)
Warning: Direction 'inout' for port VSS on saed14lvt_c/SAEDLVT14_ISOS0CL1_P_2/frame
        does not match expected value 'in' from saed14lvt_c/SAEDLVT14_ISOS0CL1_P_2/timing (NDM-032w)
Information: Fixed direction mismatches for block SAEDLVT14_ISOS0CL1_P_2 (LM-054)
Warning: Direction 'inout' for port VDDR on saed14lvt_c/SAEDLVT14_ISOS0CL1_P_8/frame
        does not match expected value 'in' from saed14lvt_c/SAEDLVT14_ISOS0CL1_P_8/timing (NDM-032w)
Warning: Direction 'inout' for port VDD on saed14lvt_c/SAEDLVT14_ISOS0CL1_P_8/frame
        does not match expected value 'in' from saed14lvt_c/SAEDLVT14_ISOS0CL1_P_8/timing (NDM-032w)
Warning: Direction 'inout' for port VSS on saed14lvt_c/SAEDLVT14_ISOS0CL1_P_8/frame
        does not match expected value 'in' from saed14lvt_c/SAEDLVT14_ISOS0CL1_P_8/timing (NDM-032w)
Information: Fixed direction mismatches for block SAEDLVT14_ISOS0CL1_P_8 (LM-054)
Warning: Direction 'inout' for port VDDR on saed14lvt_c/SAEDLVT14_ISOS0CL1_PECO_1/frame
        does not match expected value 'in' from saed14lvt_c/SAEDLVT14_ISOS0CL1_PECO_1/timing (NDM-032w)
Warning: Direction 'inout' for port VSS on saed14lvt_c/SAEDLVT14_ISOS0CL1_PECO_1/frame
        does not match expected value 'in' from saed14lvt_c/SAEDLVT14_ISOS0CL1_PECO_1/timing (NDM-032w)
Warning: Direction 'inout' for port VDD on saed14lvt_c/SAEDLVT14_ISOS0CL1_PECO_1/frame
        does not match expected value 'in' from saed14lvt_c/SAEDLVT14_ISOS0CL1_PECO_1/timing (NDM-032w)
Information: Fixed direction mismatches for block SAEDLVT14_ISOS0CL1_PECO_1 (LM-054)
Warning: Direction 'inout' for port VSS on saed14lvt_c/SAEDLVT14_ISOS0CL1_PECO_2/frame
        does not match expected value 'in' from saed14lvt_c/SAEDLVT14_ISOS0CL1_PECO_2/timing (NDM-032w)
Warning: Direction 'inout' for port VDD on saed14lvt_c/SAEDLVT14_ISOS0CL1_PECO_2/frame
        does not match expected value 'in' from saed14lvt_c/SAEDLVT14_ISOS0CL1_PECO_2/timing (NDM-032w)
Warning: Direction 'inout' for port VDDR on saed14lvt_c/SAEDLVT14_ISOS0CL1_PECO_2/frame
        does not match expected value 'in' from saed14lvt_c/SAEDLVT14_ISOS0CL1_PECO_2/timing (NDM-032w)
Information: Fixed direction mismatches for block SAEDLVT14_ISOS0CL1_PECO_2 (LM-054)
Warning: Direction 'inout' for port VSS on saed14lvt_c/SAEDLVT14_ISOS0CL1_PECO_4/frame
        does not match expected value 'in' from saed14lvt_c/SAEDLVT14_ISOS0CL1_PECO_4/timing (NDM-032w)
Warning: Direction 'inout' for port VDD on saed14lvt_c/SAEDLVT14_ISOS0CL1_PECO_4/frame
        does not match expected value 'in' from saed14lvt_c/SAEDLVT14_ISOS0CL1_PECO_4/timing (NDM-032w)
Warning: Direction 'inout' for port VDDR on saed14lvt_c/SAEDLVT14_ISOS0CL1_PECO_4/frame
        does not match expected value 'in' from saed14lvt_c/SAEDLVT14_ISOS0CL1_PECO_4/timing (NDM-032w)
Information: Fixed direction mismatches for block SAEDLVT14_ISOS0CL1_PECO_4 (LM-054)
Warning: Direction 'inout' for port VSS on saed14lvt_c/SAEDLVT14_ISOS0CL1_PECO_8/frame
        does not match expected value 'in' from saed14lvt_c/SAEDLVT14_ISOS0CL1_PECO_8/timing (NDM-032w)
Warning: Direction 'inout' for port VDD on saed14lvt_c/SAEDLVT14_ISOS0CL1_PECO_8/frame
        does not match expected value 'in' from saed14lvt_c/SAEDLVT14_ISOS0CL1_PECO_8/timing (NDM-032w)
Warning: Direction 'inout' for port VDDR on saed14lvt_c/SAEDLVT14_ISOS0CL1_PECO_8/frame
        does not match expected value 'in' from saed14lvt_c/SAEDLVT14_ISOS0CL1_PECO_8/timing (NDM-032w)
Information: Fixed direction mismatches for block SAEDLVT14_ISOS0CL1_PECO_8 (LM-054)
Warning: Direction 'inout' for port VDDR on saed14lvt_c/SAEDLVT14_ISOS1CL0_P_2/frame
        does not match expected value 'in' from saed14lvt_c/SAEDLVT14_ISOS1CL0_P_2/timing (NDM-032w)
Warning: Direction 'inout' for port VSS on saed14lvt_c/SAEDLVT14_ISOS1CL0_P_2/frame
        does not match expected value 'in' from saed14lvt_c/SAEDLVT14_ISOS1CL0_P_2/timing (NDM-032w)
Warning: Direction 'inout' for port VDD on saed14lvt_c/SAEDLVT14_ISOS1CL0_P_2/frame
        does not match expected value 'in' from saed14lvt_c/SAEDLVT14_ISOS1CL0_P_2/timing (NDM-032w)
Information: Fixed direction mismatches for block SAEDLVT14_ISOS1CL0_P_2 (LM-054)
Warning: Direction 'inout' for port VSS on saed14lvt_c/SAEDLVT14_ISOS1CL0_P_8/frame
        does not match expected value 'in' from saed14lvt_c/SAEDLVT14_ISOS1CL0_P_8/timing (NDM-032w)
Warning: Direction 'inout' for port VDD on saed14lvt_c/SAEDLVT14_ISOS1CL0_P_8/frame
        does not match expected value 'in' from saed14lvt_c/SAEDLVT14_ISOS1CL0_P_8/timing (NDM-032w)
Warning: Direction 'inout' for port VDDR on saed14lvt_c/SAEDLVT14_ISOS1CL0_P_8/frame
        does not match expected value 'in' from saed14lvt_c/SAEDLVT14_ISOS1CL0_P_8/timing (NDM-032w)
Information: Fixed direction mismatches for block SAEDLVT14_ISOS1CL0_P_8 (LM-054)
Warning: Direction 'inout' for port VDD on saed14lvt_c/SAEDLVT14_ISOS1CL0_PECO_1/frame
        does not match expected value 'in' from saed14lvt_c/SAEDLVT14_ISOS1CL0_PECO_1/timing (NDM-032w)
Warning: Direction 'inout' for port VSS on saed14lvt_c/SAEDLVT14_ISOS1CL0_PECO_1/frame
        does not match expected value 'in' from saed14lvt_c/SAEDLVT14_ISOS1CL0_PECO_1/timing (NDM-032w)
Warning: Direction 'inout' for port VDDR on saed14lvt_c/SAEDLVT14_ISOS1CL0_PECO_1/frame
        does not match expected value 'in' from saed14lvt_c/SAEDLVT14_ISOS1CL0_PECO_1/timing (NDM-032w)
Information: Fixed direction mismatches for block SAEDLVT14_ISOS1CL0_PECO_1 (LM-054)
Warning: Direction 'inout' for port VSS on saed14lvt_c/SAEDLVT14_ISOS1CL0_PECO_2/frame
        does not match expected value 'in' from saed14lvt_c/SAEDLVT14_ISOS1CL0_PECO_2/timing (NDM-032w)
Warning: Direction 'inout' for port VDD on saed14lvt_c/SAEDLVT14_ISOS1CL0_PECO_2/frame
        does not match expected value 'in' from saed14lvt_c/SAEDLVT14_ISOS1CL0_PECO_2/timing (NDM-032w)
Warning: Direction 'inout' for port VDDR on saed14lvt_c/SAEDLVT14_ISOS1CL0_PECO_2/frame
        does not match expected value 'in' from saed14lvt_c/SAEDLVT14_ISOS1CL0_PECO_2/timing (NDM-032w)
Information: Fixed direction mismatches for block SAEDLVT14_ISOS1CL0_PECO_2 (LM-054)
Warning: Direction 'inout' for port VSS on saed14lvt_c/SAEDLVT14_ISOS1CL0_PECO_4/frame
        does not match expected value 'in' from saed14lvt_c/SAEDLVT14_ISOS1CL0_PECO_4/timing (NDM-032w)
Warning: Direction 'inout' for port VDD on saed14lvt_c/SAEDLVT14_ISOS1CL0_PECO_4/frame
        does not match expected value 'in' from saed14lvt_c/SAEDLVT14_ISOS1CL0_PECO_4/timing (NDM-032w)
Warning: Direction 'inout' for port VDDR on saed14lvt_c/SAEDLVT14_ISOS1CL0_PECO_4/frame
        does not match expected value 'in' from saed14lvt_c/SAEDLVT14_ISOS1CL0_PECO_4/timing (NDM-032w)
Information: Fixed direction mismatches for block SAEDLVT14_ISOS1CL0_PECO_4 (LM-054)
Warning: Direction 'inout' for port VDDR on saed14lvt_c/SAEDLVT14_ISOS1CL0_PECO_8/frame
        does not match expected value 'in' from saed14lvt_c/SAEDLVT14_ISOS1CL0_PECO_8/timing (NDM-032w)
Warning: Direction 'inout' for port VDD on saed14lvt_c/SAEDLVT14_ISOS1CL0_PECO_8/frame
        does not match expected value 'in' from saed14lvt_c/SAEDLVT14_ISOS1CL0_PECO_8/timing (NDM-032w)
Warning: Direction 'inout' for port VSS on saed14lvt_c/SAEDLVT14_ISOS1CL0_PECO_8/frame
        does not match expected value 'in' from saed14lvt_c/SAEDLVT14_ISOS1CL0_PECO_8/timing (NDM-032w)
Information: Fixed direction mismatches for block SAEDLVT14_ISOS1CL0_PECO_8 (LM-054)
Warning: Direction 'inout' for port VDDR on saed14lvt_c/SAEDLVT14_AN2B_PMM_2/frame
        does not match expected value 'in' from saed14lvt_c/SAEDLVT14_AN2B_PMM_2/timing (NDM-032w)
Warning: Direction 'inout' for port VSS on saed14lvt_c/SAEDLVT14_AN2B_PMM_2/frame
        does not match expected value 'in' from saed14lvt_c/SAEDLVT14_AN2B_PMM_2/timing (NDM-032w)
Warning: Direction 'inout' for port VDD on saed14lvt_c/SAEDLVT14_AN2B_PMM_2/frame
        does not match expected value 'in' from saed14lvt_c/SAEDLVT14_AN2B_PMM_2/timing (NDM-032w)
Information: Fixed direction mismatches for block SAEDLVT14_AN2B_PMM_2 (LM-054)
Warning: Direction 'inout' for port VSS on saed14lvt_c/SAEDLVT14_AN2B_PMM_8/frame
        does not match expected value 'in' from saed14lvt_c/SAEDLVT14_AN2B_PMM_8/timing (NDM-032w)
Warning: Direction 'inout' for port VDD on saed14lvt_c/SAEDLVT14_AN2B_PMM_8/frame
        does not match expected value 'in' from saed14lvt_c/SAEDLVT14_AN2B_PMM_8/timing (NDM-032w)
Warning: Direction 'inout' for port VDDR on saed14lvt_c/SAEDLVT14_AN2B_PMM_8/frame
        does not match expected value 'in' from saed14lvt_c/SAEDLVT14_AN2B_PMM_8/timing (NDM-032w)
Information: Fixed direction mismatches for block SAEDLVT14_AN2B_PMM_8 (LM-054)
Warning: Direction 'inout' for port VDD on saed14lvt_c/SAEDLVT14_AN2B_PSECO_1/frame
        does not match expected value 'in' from saed14lvt_c/SAEDLVT14_AN2B_PSECO_1/timing (NDM-032w)
Warning: Direction 'inout' for port VSS on saed14lvt_c/SAEDLVT14_AN2B_PSECO_1/frame
        does not match expected value 'in' from saed14lvt_c/SAEDLVT14_AN2B_PSECO_1/timing (NDM-032w)
Warning: Direction 'inout' for port VDDR on saed14lvt_c/SAEDLVT14_AN2B_PSECO_1/frame
        does not match expected value 'in' from saed14lvt_c/SAEDLVT14_AN2B_PSECO_1/timing (NDM-032w)
Information: Fixed direction mismatches for block SAEDLVT14_AN2B_PSECO_1 (LM-054)
Warning: Direction 'inout' for port VDDR on saed14lvt_c/SAEDLVT14_AN2B_PSECO_2/frame
        does not match expected value 'in' from saed14lvt_c/SAEDLVT14_AN2B_PSECO_2/timing (NDM-032w)
Warning: Direction 'inout' for port VSS on saed14lvt_c/SAEDLVT14_AN2B_PSECO_2/frame
        does not match expected value 'in' from saed14lvt_c/SAEDLVT14_AN2B_PSECO_2/timing (NDM-032w)
Warning: Direction 'inout' for port VDD on saed14lvt_c/SAEDLVT14_AN2B_PSECO_2/frame
        does not match expected value 'in' from saed14lvt_c/SAEDLVT14_AN2B_PSECO_2/timing (NDM-032w)
Information: Fixed direction mismatches for block SAEDLVT14_AN2B_PSECO_2 (LM-054)
Warning: Direction 'inout' for port VDDR on saed14lvt_c/SAEDLVT14_AN2B_PSECO_4/frame
        does not match expected value 'in' from saed14lvt_c/SAEDLVT14_AN2B_PSECO_4/timing (NDM-032w)
Warning: Direction 'inout' for port VSS on saed14lvt_c/SAEDLVT14_AN2B_PSECO_4/frame
        does not match expected value 'in' from saed14lvt_c/SAEDLVT14_AN2B_PSECO_4/timing (NDM-032w)
Warning: Direction 'inout' for port VDD on saed14lvt_c/SAEDLVT14_AN2B_PSECO_4/frame
        does not match expected value 'in' from saed14lvt_c/SAEDLVT14_AN2B_PSECO_4/timing (NDM-032w)
Information: Fixed direction mismatches for block SAEDLVT14_AN2B_PSECO_4 (LM-054)
Warning: Direction 'inout' for port VDDR on saed14lvt_c/SAEDLVT14_AN2B_PSECO_8/frame
        does not match expected value 'in' from saed14lvt_c/SAEDLVT14_AN2B_PSECO_8/timing (NDM-032w)
Warning: Direction 'inout' for port VDD on saed14lvt_c/SAEDLVT14_AN2B_PSECO_8/frame
        does not match expected value 'in' from saed14lvt_c/SAEDLVT14_AN2B_PSECO_8/timing (NDM-032w)
Warning: Direction 'inout' for port VSS on saed14lvt_c/SAEDLVT14_AN2B_PSECO_8/frame
        does not match expected value 'in' from saed14lvt_c/SAEDLVT14_AN2B_PSECO_8/timing (NDM-032w)
Information: Fixed direction mismatches for block SAEDLVT14_AN2B_PSECO_8 (LM-054)
Warning: Direction 'inout' for port VDDR on saed14lvt_c/SAEDLVT14_BUF_PECO_12/frame
        does not match expected value 'in' from saed14lvt_c/SAEDLVT14_BUF_PECO_12/timing (NDM-032w)
Warning: Direction 'inout' for port VSS on saed14lvt_c/SAEDLVT14_BUF_PECO_12/frame
        does not match expected value 'in' from saed14lvt_c/SAEDLVT14_BUF_PECO_12/timing (NDM-032w)
Warning: Direction 'inout' for port VDD on saed14lvt_c/SAEDLVT14_BUF_PECO_12/frame
        does not match expected value 'in' from saed14lvt_c/SAEDLVT14_BUF_PECO_12/timing (NDM-032w)
Information: Fixed direction mismatches for block SAEDLVT14_BUF_PECO_12 (LM-054)
Warning: Direction 'inout' for port VDDR on saed14lvt_c/SAEDLVT14_BUF_PECO_1/frame
        does not match expected value 'in' from saed14lvt_c/SAEDLVT14_BUF_PECO_1/timing (NDM-032w)
Warning: Direction 'inout' for port VSS on saed14lvt_c/SAEDLVT14_BUF_PECO_1/frame
        does not match expected value 'in' from saed14lvt_c/SAEDLVT14_BUF_PECO_1/timing (NDM-032w)
Warning: Direction 'inout' for port VDD on saed14lvt_c/SAEDLVT14_BUF_PECO_1/frame
        does not match expected value 'in' from saed14lvt_c/SAEDLVT14_BUF_PECO_1/timing (NDM-032w)
Information: Fixed direction mismatches for block SAEDLVT14_BUF_PECO_1 (LM-054)
Warning: Direction 'inout' for port VSS on saed14lvt_c/SAEDLVT14_BUF_PECO_2/frame
        does not match expected value 'in' from saed14lvt_c/SAEDLVT14_BUF_PECO_2/timing (NDM-032w)
Warning: Direction 'inout' for port VDD on saed14lvt_c/SAEDLVT14_BUF_PECO_2/frame
        does not match expected value 'in' from saed14lvt_c/SAEDLVT14_BUF_PECO_2/timing (NDM-032w)
Warning: Direction 'inout' for port VDDR on saed14lvt_c/SAEDLVT14_BUF_PECO_2/frame
        does not match expected value 'in' from saed14lvt_c/SAEDLVT14_BUF_PECO_2/timing (NDM-032w)
Information: Fixed direction mismatches for block SAEDLVT14_BUF_PECO_2 (LM-054)
Warning: Direction 'inout' for port VSS on saed14lvt_c/SAEDLVT14_BUF_PECO_4/frame
        does not match expected value 'in' from saed14lvt_c/SAEDLVT14_BUF_PECO_4/timing (NDM-032w)
Warning: Direction 'inout' for port VDD on saed14lvt_c/SAEDLVT14_BUF_PECO_4/frame
        does not match expected value 'in' from saed14lvt_c/SAEDLVT14_BUF_PECO_4/timing (NDM-032w)
Warning: Direction 'inout' for port VDDR on saed14lvt_c/SAEDLVT14_BUF_PECO_4/frame
        does not match expected value 'in' from saed14lvt_c/SAEDLVT14_BUF_PECO_4/timing (NDM-032w)
Information: Fixed direction mismatches for block SAEDLVT14_BUF_PECO_4 (LM-054)
Warning: Direction 'inout' for port VDDR on saed14lvt_c/SAEDLVT14_BUF_PECO_8/frame
        does not match expected value 'in' from saed14lvt_c/SAEDLVT14_BUF_PECO_8/timing (NDM-032w)
Warning: Direction 'inout' for port VDD on saed14lvt_c/SAEDLVT14_BUF_PECO_8/frame
        does not match expected value 'in' from saed14lvt_c/SAEDLVT14_BUF_PECO_8/timing (NDM-032w)
Warning: Direction 'inout' for port VSS on saed14lvt_c/SAEDLVT14_BUF_PECO_8/frame
        does not match expected value 'in' from saed14lvt_c/SAEDLVT14_BUF_PECO_8/timing (NDM-032w)
Information: Fixed direction mismatches for block SAEDLVT14_BUF_PECO_8 (LM-054)
Warning: Direction 'inout' for port VDDR on saed14lvt_c/SAEDLVT14_BUF_PS_0P75/frame
        does not match expected value 'in' from saed14lvt_c/SAEDLVT14_BUF_PS_0P75/timing (NDM-032w)
Warning: Direction 'inout' for port VDD on saed14lvt_c/SAEDLVT14_BUF_PS_0P75/frame
        does not match expected value 'in' from saed14lvt_c/SAEDLVT14_BUF_PS_0P75/timing (NDM-032w)
Warning: Direction 'inout' for port VSS on saed14lvt_c/SAEDLVT14_BUF_PS_0P75/frame
        does not match expected value 'in' from saed14lvt_c/SAEDLVT14_BUF_PS_0P75/timing (NDM-032w)
Information: Fixed direction mismatches for block SAEDLVT14_BUF_PS_0P75 (LM-054)
Warning: Direction 'inout' for port VDDR on saed14lvt_c/SAEDLVT14_BUF_PS_1P5/frame
        does not match expected value 'in' from saed14lvt_c/SAEDLVT14_BUF_PS_1P5/timing (NDM-032w)
Warning: Direction 'inout' for port VDD on saed14lvt_c/SAEDLVT14_BUF_PS_1P5/frame
        does not match expected value 'in' from saed14lvt_c/SAEDLVT14_BUF_PS_1P5/timing (NDM-032w)
Warning: Direction 'inout' for port VSS on saed14lvt_c/SAEDLVT14_BUF_PS_1P5/frame
        does not match expected value 'in' from saed14lvt_c/SAEDLVT14_BUF_PS_1P5/timing (NDM-032w)
Information: Fixed direction mismatches for block SAEDLVT14_BUF_PS_1P5 (LM-054)
Warning: Direction 'inout' for port VDDR on saed14lvt_c/SAEDLVT14_BUF_PS_3/frame
        does not match expected value 'in' from saed14lvt_c/SAEDLVT14_BUF_PS_3/timing (NDM-032w)
Warning: Direction 'inout' for port VDD on saed14lvt_c/SAEDLVT14_BUF_PS_3/frame
        does not match expected value 'in' from saed14lvt_c/SAEDLVT14_BUF_PS_3/timing (NDM-032w)
Warning: Direction 'inout' for port VSS on saed14lvt_c/SAEDLVT14_BUF_PS_3/frame
        does not match expected value 'in' from saed14lvt_c/SAEDLVT14_BUF_PS_3/timing (NDM-032w)
Information: Fixed direction mismatches for block SAEDLVT14_BUF_PS_3 (LM-054)
Warning: Direction 'inout' for port VDDR on saed14lvt_c/SAEDLVT14_BUF_PS_6/frame
        does not match expected value 'in' from saed14lvt_c/SAEDLVT14_BUF_PS_6/timing (NDM-032w)
Warning: Direction 'inout' for port VDD on saed14lvt_c/SAEDLVT14_BUF_PS_6/frame
        does not match expected value 'in' from saed14lvt_c/SAEDLVT14_BUF_PS_6/timing (NDM-032w)
Warning: Direction 'inout' for port VSS on saed14lvt_c/SAEDLVT14_BUF_PS_6/frame
        does not match expected value 'in' from saed14lvt_c/SAEDLVT14_BUF_PS_6/timing (NDM-032w)
Information: Fixed direction mismatches for block SAEDLVT14_BUF_PS_6 (LM-054)
Warning: Direction 'inout' for port VDDR on saed14lvt_c/SAEDLVT14_DEL_PR2V2_1/frame
        does not match expected value 'in' from saed14lvt_c/SAEDLVT14_DEL_PR2V2_1/timing (NDM-032w)
Warning: Direction 'inout' for port VDD on saed14lvt_c/SAEDLVT14_DEL_PR2V2_1/frame
        does not match expected value 'in' from saed14lvt_c/SAEDLVT14_DEL_PR2V2_1/timing (NDM-032w)
Warning: Direction 'inout' for port VSS on saed14lvt_c/SAEDLVT14_DEL_PR2V2_1/frame
        does not match expected value 'in' from saed14lvt_c/SAEDLVT14_DEL_PR2V2_1/timing (NDM-032w)
Information: Fixed direction mismatches for block SAEDLVT14_DEL_PR2V2_1 (LM-054)
Warning: Direction 'inout' for port VDD on saed14lvt_c/SAEDLVT14_INV_PECO_12/frame
        does not match expected value 'in' from saed14lvt_c/SAEDLVT14_INV_PECO_12/timing (NDM-032w)
Warning: Direction 'inout' for port VSS on saed14lvt_c/SAEDLVT14_INV_PECO_12/frame
        does not match expected value 'in' from saed14lvt_c/SAEDLVT14_INV_PECO_12/timing (NDM-032w)
Warning: Direction 'inout' for port VDDR on saed14lvt_c/SAEDLVT14_INV_PECO_12/frame
        does not match expected value 'in' from saed14lvt_c/SAEDLVT14_INV_PECO_12/timing (NDM-032w)
Information: Fixed direction mismatches for block SAEDLVT14_INV_PECO_12 (LM-054)
Warning: Direction 'inout' for port VDDR on saed14lvt_c/SAEDLVT14_INV_PECO_1/frame
        does not match expected value 'in' from saed14lvt_c/SAEDLVT14_INV_PECO_1/timing (NDM-032w)
Warning: Direction 'inout' for port VSS on saed14lvt_c/SAEDLVT14_INV_PECO_1/frame
        does not match expected value 'in' from saed14lvt_c/SAEDLVT14_INV_PECO_1/timing (NDM-032w)
Warning: Direction 'inout' for port VDD on saed14lvt_c/SAEDLVT14_INV_PECO_1/frame
        does not match expected value 'in' from saed14lvt_c/SAEDLVT14_INV_PECO_1/timing (NDM-032w)
Information: Fixed direction mismatches for block SAEDLVT14_INV_PECO_1 (LM-054)
Warning: Direction 'inout' for port VDDR on saed14lvt_c/SAEDLVT14_INV_PECO_2/frame
        does not match expected value 'in' from saed14lvt_c/SAEDLVT14_INV_PECO_2/timing (NDM-032w)
Warning: Direction 'inout' for port VSS on saed14lvt_c/SAEDLVT14_INV_PECO_2/frame
        does not match expected value 'in' from saed14lvt_c/SAEDLVT14_INV_PECO_2/timing (NDM-032w)
Warning: Direction 'inout' for port VDD on saed14lvt_c/SAEDLVT14_INV_PECO_2/frame
        does not match expected value 'in' from saed14lvt_c/SAEDLVT14_INV_PECO_2/timing (NDM-032w)
Information: Fixed direction mismatches for block SAEDLVT14_INV_PECO_2 (LM-054)
Warning: Direction 'inout' for port VSS on saed14lvt_c/SAEDLVT14_INV_PECO_4/frame
        does not match expected value 'in' from saed14lvt_c/SAEDLVT14_INV_PECO_4/timing (NDM-032w)
Warning: Direction 'inout' for port VDD on saed14lvt_c/SAEDLVT14_INV_PECO_4/frame
        does not match expected value 'in' from saed14lvt_c/SAEDLVT14_INV_PECO_4/timing (NDM-032w)
Warning: Direction 'inout' for port VDDR on saed14lvt_c/SAEDLVT14_INV_PECO_4/frame
        does not match expected value 'in' from saed14lvt_c/SAEDLVT14_INV_PECO_4/timing (NDM-032w)
Information: Fixed direction mismatches for block SAEDLVT14_INV_PECO_4 (LM-054)
Warning: Direction 'inout' for port VDD on saed14lvt_c/SAEDLVT14_INV_PECO_8/frame
        does not match expected value 'in' from saed14lvt_c/SAEDLVT14_INV_PECO_8/timing (NDM-032w)
Warning: Direction 'inout' for port VSS on saed14lvt_c/SAEDLVT14_INV_PECO_8/frame
        does not match expected value 'in' from saed14lvt_c/SAEDLVT14_INV_PECO_8/timing (NDM-032w)
Warning: Direction 'inout' for port VDDR on saed14lvt_c/SAEDLVT14_INV_PECO_8/frame
        does not match expected value 'in' from saed14lvt_c/SAEDLVT14_INV_PECO_8/timing (NDM-032w)
Information: Fixed direction mismatches for block SAEDLVT14_INV_PECO_8 (LM-054)
Warning: Direction 'inout' for port VDD on saed14lvt_c/SAEDLVT14_INV_PS_1/frame
        does not match expected value 'in' from saed14lvt_c/SAEDLVT14_INV_PS_1/timing (NDM-032w)
Warning: Direction 'inout' for port VSS on saed14lvt_c/SAEDLVT14_INV_PS_1/frame
        does not match expected value 'in' from saed14lvt_c/SAEDLVT14_INV_PS_1/timing (NDM-032w)
Warning: Direction 'inout' for port VDDR on saed14lvt_c/SAEDLVT14_INV_PS_1/frame
        does not match expected value 'in' from saed14lvt_c/SAEDLVT14_INV_PS_1/timing (NDM-032w)
Information: Fixed direction mismatches for block SAEDLVT14_INV_PS_1 (LM-054)
Warning: Direction 'inout' for port VSS on saed14lvt_c/SAEDLVT14_INV_PS_2/frame
        does not match expected value 'in' from saed14lvt_c/SAEDLVT14_INV_PS_2/timing (NDM-032w)
Warning: Direction 'inout' for port VDD on saed14lvt_c/SAEDLVT14_INV_PS_2/frame
        does not match expected value 'in' from saed14lvt_c/SAEDLVT14_INV_PS_2/timing (NDM-032w)
Warning: Direction 'inout' for port VDDR on saed14lvt_c/SAEDLVT14_INV_PS_2/frame
        does not match expected value 'in' from saed14lvt_c/SAEDLVT14_INV_PS_2/timing (NDM-032w)
Information: Fixed direction mismatches for block SAEDLVT14_INV_PS_2 (LM-054)
Warning: Direction 'inout' for port VSS on saed14lvt_c/SAEDLVT14_INV_PS_3/frame
        does not match expected value 'in' from saed14lvt_c/SAEDLVT14_INV_PS_3/timing (NDM-032w)
Warning: Direction 'inout' for port VDD on saed14lvt_c/SAEDLVT14_INV_PS_3/frame
        does not match expected value 'in' from saed14lvt_c/SAEDLVT14_INV_PS_3/timing (NDM-032w)
Warning: Direction 'inout' for port VDDR on saed14lvt_c/SAEDLVT14_INV_PS_3/frame
        does not match expected value 'in' from saed14lvt_c/SAEDLVT14_INV_PS_3/timing (NDM-032w)
Information: Fixed direction mismatches for block SAEDLVT14_INV_PS_3 (LM-054)
Warning: Direction 'inout' for port VSS on saed14lvt_c/SAEDLVT14_INV_PS_6/frame
        does not match expected value 'in' from saed14lvt_c/SAEDLVT14_INV_PS_6/timing (NDM-032w)
Warning: Direction 'inout' for port VDD on saed14lvt_c/SAEDLVT14_INV_PS_6/frame
        does not match expected value 'in' from saed14lvt_c/SAEDLVT14_INV_PS_6/timing (NDM-032w)
Warning: Direction 'inout' for port VDDR on saed14lvt_c/SAEDLVT14_INV_PS_6/frame
        does not match expected value 'in' from saed14lvt_c/SAEDLVT14_INV_PS_6/timing (NDM-032w)
Information: Fixed direction mismatches for block SAEDLVT14_INV_PS_6 (LM-054)
Warning: Direction 'inout' for port VDD on saed14lvt_c/SAEDLVT14_OR2B_PMM_2/frame
        does not match expected value 'in' from saed14lvt_c/SAEDLVT14_OR2B_PMM_2/timing (NDM-032w)
Warning: Direction 'inout' for port VSS on saed14lvt_c/SAEDLVT14_OR2B_PMM_2/frame
        does not match expected value 'in' from saed14lvt_c/SAEDLVT14_OR2B_PMM_2/timing (NDM-032w)
Warning: Direction 'inout' for port VDDR on saed14lvt_c/SAEDLVT14_OR2B_PMM_2/frame
        does not match expected value 'in' from saed14lvt_c/SAEDLVT14_OR2B_PMM_2/timing (NDM-032w)
Information: Fixed direction mismatches for block SAEDLVT14_OR2B_PMM_2 (LM-054)
Warning: Direction 'inout' for port VDD on saed14lvt_c/SAEDLVT14_OR2B_PMM_8/frame
        does not match expected value 'in' from saed14lvt_c/SAEDLVT14_OR2B_PMM_8/timing (NDM-032w)
Warning: Direction 'inout' for port VSS on saed14lvt_c/SAEDLVT14_OR2B_PMM_8/frame
        does not match expected value 'in' from saed14lvt_c/SAEDLVT14_OR2B_PMM_8/timing (NDM-032w)
Warning: Direction 'inout' for port VDDR on saed14lvt_c/SAEDLVT14_OR2B_PMM_8/frame
        does not match expected value 'in' from saed14lvt_c/SAEDLVT14_OR2B_PMM_8/timing (NDM-032w)
Information: Fixed direction mismatches for block SAEDLVT14_OR2B_PMM_8 (LM-054)
Warning: Direction 'inout' for port VDDR on saed14lvt_c/SAEDLVT14_OR2B_PSECO_1/frame
        does not match expected value 'in' from saed14lvt_c/SAEDLVT14_OR2B_PSECO_1/timing (NDM-032w)
Warning: Direction 'inout' for port VSS on saed14lvt_c/SAEDLVT14_OR2B_PSECO_1/frame
        does not match expected value 'in' from saed14lvt_c/SAEDLVT14_OR2B_PSECO_1/timing (NDM-032w)
Warning: Direction 'inout' for port VDD on saed14lvt_c/SAEDLVT14_OR2B_PSECO_1/frame
        does not match expected value 'in' from saed14lvt_c/SAEDLVT14_OR2B_PSECO_1/timing (NDM-032w)
Information: Fixed direction mismatches for block SAEDLVT14_OR2B_PSECO_1 (LM-054)
Warning: Direction 'inout' for port VDDR on saed14lvt_c/SAEDLVT14_OR2B_PSECO_2/frame
        does not match expected value 'in' from saed14lvt_c/SAEDLVT14_OR2B_PSECO_2/timing (NDM-032w)
Warning: Direction 'inout' for port VSS on saed14lvt_c/SAEDLVT14_OR2B_PSECO_2/frame
        does not match expected value 'in' from saed14lvt_c/SAEDLVT14_OR2B_PSECO_2/timing (NDM-032w)
Warning: Direction 'inout' for port VDD on saed14lvt_c/SAEDLVT14_OR2B_PSECO_2/frame
        does not match expected value 'in' from saed14lvt_c/SAEDLVT14_OR2B_PSECO_2/timing (NDM-032w)
Information: Fixed direction mismatches for block SAEDLVT14_OR2B_PSECO_2 (LM-054)
Warning: Direction 'inout' for port VDDR on saed14lvt_c/SAEDLVT14_OR2B_PSECO_4/frame
        does not match expected value 'in' from saed14lvt_c/SAEDLVT14_OR2B_PSECO_4/timing (NDM-032w)
Warning: Direction 'inout' for port VDD on saed14lvt_c/SAEDLVT14_OR2B_PSECO_4/frame
        does not match expected value 'in' from saed14lvt_c/SAEDLVT14_OR2B_PSECO_4/timing (NDM-032w)
Warning: Direction 'inout' for port VSS on saed14lvt_c/SAEDLVT14_OR2B_PSECO_4/frame
        does not match expected value 'in' from saed14lvt_c/SAEDLVT14_OR2B_PSECO_4/timing (NDM-032w)
Information: Fixed direction mismatches for block SAEDLVT14_OR2B_PSECO_4 (LM-054)
Warning: Direction 'inout' for port VDDR on saed14lvt_c/SAEDLVT14_OR2B_PSECO_8/frame
        does not match expected value 'in' from saed14lvt_c/SAEDLVT14_OR2B_PSECO_8/timing (NDM-032w)
Warning: Direction 'inout' for port VDD on saed14lvt_c/SAEDLVT14_OR2B_PSECO_8/frame
        does not match expected value 'in' from saed14lvt_c/SAEDLVT14_OR2B_PSECO_8/timing (NDM-032w)
Warning: Direction 'inout' for port VSS on saed14lvt_c/SAEDLVT14_OR2B_PSECO_8/frame
        does not match expected value 'in' from saed14lvt_c/SAEDLVT14_OR2B_PSECO_8/timing (NDM-032w)
Information: Fixed direction mismatches for block SAEDLVT14_OR2B_PSECO_8 (LM-054)
Warning: Direction 'inout' for port VDD on saed14lvt_c/SAEDLVT14_TIE0_4/frame
        does not match expected value 'in' from saed14lvt_c/SAEDLVT14_TIE0_4/timing (NDM-032w)
Warning: Direction 'inout' for port VSS on saed14lvt_c/SAEDLVT14_TIE0_4/frame
        does not match expected value 'in' from saed14lvt_c/SAEDLVT14_TIE0_4/timing (NDM-032w)
Information: Fixed direction mismatches for block SAEDLVT14_TIE0_4 (LM-054)
Warning: Direction 'inout' for port VDD on saed14lvt_c/SAEDLVT14_TIE0_V1_2/frame
        does not match expected value 'in' from saed14lvt_c/SAEDLVT14_TIE0_V1_2/timing (NDM-032w)
Warning: Direction 'inout' for port VSS on saed14lvt_c/SAEDLVT14_TIE0_V1_2/frame
        does not match expected value 'in' from saed14lvt_c/SAEDLVT14_TIE0_V1_2/timing (NDM-032w)
Information: Fixed direction mismatches for block SAEDLVT14_TIE0_V1_2 (LM-054)
Warning: Direction 'inout' for port VDD on saed14lvt_c/SAEDLVT14_TIE1_4/frame
        does not match expected value 'in' from saed14lvt_c/SAEDLVT14_TIE1_4/timing (NDM-032w)
Warning: Direction 'inout' for port VSS on saed14lvt_c/SAEDLVT14_TIE1_4/frame
        does not match expected value 'in' from saed14lvt_c/SAEDLVT14_TIE1_4/timing (NDM-032w)
Information: Fixed direction mismatches for block SAEDLVT14_TIE1_4 (LM-054)
Warning: Direction 'inout' for port VSS on saed14lvt_c/SAEDLVT14_TIE1_V1_2/frame
        does not match expected value 'in' from saed14lvt_c/SAEDLVT14_TIE1_V1_2/timing (NDM-032w)
Warning: Direction 'inout' for port VDD on saed14lvt_c/SAEDLVT14_TIE1_V1_2/frame
        does not match expected value 'in' from saed14lvt_c/SAEDLVT14_TIE1_V1_2/timing (NDM-032w)
Information: Fixed direction mismatches for block SAEDLVT14_TIE1_V1_2 (LM-054)
Warning: Direction 'inout' for port VSS on saed14lvt_c/SAEDLVT14_TIEDIN_4/frame
        does not match expected value 'in' from saed14lvt_c/SAEDLVT14_TIEDIN_4/timing (NDM-032w)
Warning: Direction 'inout' for port VDD on saed14lvt_c/SAEDLVT14_TIEDIN_4/frame
        does not match expected value 'in' from saed14lvt_c/SAEDLVT14_TIEDIN_4/timing (NDM-032w)
Information: Fixed direction mismatches for block SAEDLVT14_TIEDIN_4 (LM-054)
Warning: Direction 'inout' for port VDD on saed14lvt_c/SAEDLVT14_TIEDIN_V1ECO_6/frame
        does not match expected value 'in' from saed14lvt_c/SAEDLVT14_TIEDIN_V1ECO_6/timing (NDM-032w)
Warning: Direction 'inout' for port VSS on saed14lvt_c/SAEDLVT14_TIEDIN_V1ECO_6/frame
        does not match expected value 'in' from saed14lvt_c/SAEDLVT14_TIEDIN_V1ECO_6/timing (NDM-032w)
Information: Fixed direction mismatches for block SAEDLVT14_TIEDIN_V1ECO_6 (LM-054)
Warning: Direction 'inout' for port VSS on saed14lvt_c/SAEDLVT14_TIE1_V1ECO_1/frame
        does not match expected value 'in' from saed14lvt_c/SAEDLVT14_TIE1_V1ECO_1/timing (NDM-032w)
Warning: Direction 'inout' for port VDD on saed14lvt_c/SAEDLVT14_TIE1_V1ECO_1/frame
        does not match expected value 'in' from saed14lvt_c/SAEDLVT14_TIE1_V1ECO_1/timing (NDM-032w)
Information: Fixed direction mismatches for block SAEDLVT14_TIE1_V1ECO_1 (LM-054)
Warning: Direction 'inout' for port VSS on saed14lvt_c/SAEDLVT14_TIE0_PV1ECO_1/frame
        does not match expected value 'in' from saed14lvt_c/SAEDLVT14_TIE0_PV1ECO_1/timing (NDM-032w)
Warning: Direction 'inout' for port VDD on saed14lvt_c/SAEDLVT14_TIE0_PV1ECO_1/frame
        does not match expected value 'in' from saed14lvt_c/SAEDLVT14_TIE0_PV1ECO_1/timing (NDM-032w)
Warning: Direction 'inout' for port VDDR on saed14lvt_c/SAEDLVT14_TIE0_PV1ECO_1/frame
        does not match expected value 'in' from saed14lvt_c/SAEDLVT14_TIE0_PV1ECO_1/timing (NDM-032w)
Information: Fixed direction mismatches for block SAEDLVT14_TIE0_PV1ECO_1 (LM-054)
Warning: Direction 'inout' for port VSS on saed14lvt_c/SAEDLVT14_TIE1_PV1ECO_1/frame
        does not match expected value 'in' from saed14lvt_c/SAEDLVT14_TIE1_PV1ECO_1/timing (NDM-032w)
Warning: Direction 'inout' for port VDD on saed14lvt_c/SAEDLVT14_TIE1_PV1ECO_1/frame
        does not match expected value 'in' from saed14lvt_c/SAEDLVT14_TIE1_PV1ECO_1/timing (NDM-032w)
Warning: Direction 'inout' for port VDDR on saed14lvt_c/SAEDLVT14_TIE1_PV1ECO_1/frame
        does not match expected value 'in' from saed14lvt_c/SAEDLVT14_TIE1_PV1ECO_1/timing (NDM-032w)
Information: Fixed direction mismatches for block SAEDLVT14_TIE1_PV1ECO_1 (LM-054)
Warning: Direction 'inout' for port VSS on saed14lvt_c/SAEDLVT14_TIEDIN_PV1ECO_6/frame
        does not match expected value 'in' from saed14lvt_c/SAEDLVT14_TIEDIN_PV1ECO_6/timing (NDM-032w)
Warning: Direction 'inout' for port VDD on saed14lvt_c/SAEDLVT14_TIEDIN_PV1ECO_6/frame
        does not match expected value 'in' from saed14lvt_c/SAEDLVT14_TIEDIN_PV1ECO_6/timing (NDM-032w)
Warning: Direction 'inout' for port VDDR on saed14lvt_c/SAEDLVT14_TIEDIN_PV1ECO_6/frame
        does not match expected value 'in' from saed14lvt_c/SAEDLVT14_TIEDIN_PV1ECO_6/timing (NDM-032w)
Information: Fixed direction mismatches for block SAEDLVT14_TIEDIN_PV1ECO_6 (LM-054)
Warning: More than one power pin or ground pin of the antenna diode for design SAEDLVT14_TIEDIN_PV1ECO_6 (LM-107)
Warning: Mismatched PG pins between the logic library and FRAME for block saed14lvt_c/SAEDLVT14_DCAP_PV1ECO_12:  - Extra DB/power  :  VDD VDDR - Extra DB/ground :  VSS. (LM-033)
Warning: Direction 'inout' for port VDDR on saed14lvt_c/SAEDLVT14_DCAP_PV1ECO_15/frame
        does not match expected value 'in' from saed14lvt_c/SAEDLVT14_DCAP_PV1ECO_15/timing (NDM-032w)
Warning: Direction 'inout' for port VSS on saed14lvt_c/SAEDLVT14_DCAP_PV1ECO_15/frame
        does not match expected value 'in' from saed14lvt_c/SAEDLVT14_DCAP_PV1ECO_15/timing (NDM-032w)
Warning: Direction 'inout' for port VDD on saed14lvt_c/SAEDLVT14_DCAP_PV1ECO_15/frame
        does not match expected value 'in' from saed14lvt_c/SAEDLVT14_DCAP_PV1ECO_15/timing (NDM-032w)
Information: Fixed direction mismatches for block SAEDLVT14_DCAP_PV1ECO_15 (LM-054)
Warning: Direction 'inout' for port VDDR on saed14lvt_c/SAEDLVT14_DCAP_PV1ECO_18/frame
        does not match expected value 'in' from saed14lvt_c/SAEDLVT14_DCAP_PV1ECO_18/timing (NDM-032w)
Warning: Direction 'inout' for port VSS on saed14lvt_c/SAEDLVT14_DCAP_PV1ECO_18/frame
        does not match expected value 'in' from saed14lvt_c/SAEDLVT14_DCAP_PV1ECO_18/timing (NDM-032w)
Warning: Direction 'inout' for port VDD on saed14lvt_c/SAEDLVT14_DCAP_PV1ECO_18/frame
        does not match expected value 'in' from saed14lvt_c/SAEDLVT14_DCAP_PV1ECO_18/timing (NDM-032w)
Information: Fixed direction mismatches for block SAEDLVT14_DCAP_PV1ECO_18 (LM-054)
Warning: Direction 'inout' for port VDDR on saed14lvt_c/SAEDLVT14_DCAP_PV1ECO_6/frame
        does not match expected value 'in' from saed14lvt_c/SAEDLVT14_DCAP_PV1ECO_6/timing (NDM-032w)
Warning: Direction 'inout' for port VSS on saed14lvt_c/SAEDLVT14_DCAP_PV1ECO_6/frame
        does not match expected value 'in' from saed14lvt_c/SAEDLVT14_DCAP_PV1ECO_6/timing (NDM-032w)
Warning: Direction 'inout' for port VDD on saed14lvt_c/SAEDLVT14_DCAP_PV1ECO_6/frame
        does not match expected value 'in' from saed14lvt_c/SAEDLVT14_DCAP_PV1ECO_6/timing (NDM-032w)
Information: Fixed direction mismatches for block SAEDLVT14_DCAP_PV1ECO_6 (LM-054)
Warning: Direction 'inout' for port VDDR on saed14lvt_c/SAEDLVT14_DCAP_PV1ECO_9/frame
        does not match expected value 'in' from saed14lvt_c/SAEDLVT14_DCAP_PV1ECO_9/timing (NDM-032w)
Warning: Direction 'inout' for port VSS on saed14lvt_c/SAEDLVT14_DCAP_PV1ECO_9/frame
        does not match expected value 'in' from saed14lvt_c/SAEDLVT14_DCAP_PV1ECO_9/timing (NDM-032w)
Warning: Direction 'inout' for port VDD on saed14lvt_c/SAEDLVT14_DCAP_PV1ECO_9/frame
        does not match expected value 'in' from saed14lvt_c/SAEDLVT14_DCAP_PV1ECO_9/timing (NDM-032w)
Information: Fixed direction mismatches for block SAEDLVT14_DCAP_PV1ECO_9 (LM-054)
Warning: Direction 'inout' for port VDDR on saed14lvt_c/SAEDLVT14_DCAP_PV3_3/frame
        does not match expected value 'in' from saed14lvt_c/SAEDLVT14_DCAP_PV3_3/timing (NDM-032w)
Warning: Direction 'inout' for port VSS on saed14lvt_c/SAEDLVT14_DCAP_PV3_3/frame
        does not match expected value 'in' from saed14lvt_c/SAEDLVT14_DCAP_PV3_3/timing (NDM-032w)
Warning: Direction 'inout' for port VDD on saed14lvt_c/SAEDLVT14_DCAP_PV3_3/frame
        does not match expected value 'in' from saed14lvt_c/SAEDLVT14_DCAP_PV3_3/timing (NDM-032w)
Information: Fixed direction mismatches for block SAEDLVT14_DCAP_PV3_3 (LM-054)
Warning: Direction 'inout' for port VSS on saed14lvt_c/SAEDLVT14_MUXI4_4/frame
        does not match expected value 'in' from saed14lvt_c/SAEDLVT14_MUXI4_4/timing (NDM-032w)
Warning: Direction 'inout' for port VDD on saed14lvt_c/SAEDLVT14_MUXI4_4/frame
        does not match expected value 'in' from saed14lvt_c/SAEDLVT14_MUXI4_4/timing (NDM-032w)
Information: Fixed direction mismatches for block SAEDLVT14_MUXI4_4 (LM-054)
Warning: Direction 'inout' for port VDD on saed14lvt_c/SAEDLVT14_NR2B_0P75/frame
        does not match expected value 'in' from saed14lvt_c/SAEDLVT14_NR2B_0P75/timing (NDM-032w)
Warning: Direction 'inout' for port VSS on saed14lvt_c/SAEDLVT14_NR2B_0P75/frame
        does not match expected value 'in' from saed14lvt_c/SAEDLVT14_NR2B_0P75/timing (NDM-032w)
Information: Fixed direction mismatches for block SAEDLVT14_NR2B_0P75 (LM-054)
Warning: Direction 'inout' for port VDD on saed14lvt_c/SAEDLVT14_FDNQ_V2_8/frame
        does not match expected value 'in' from saed14lvt_c/SAEDLVT14_FDNQ_V2_8/timing (NDM-032w)
Warning: Direction 'inout' for port VSS on saed14lvt_c/SAEDLVT14_FDNQ_V2_8/frame
        does not match expected value 'in' from saed14lvt_c/SAEDLVT14_FDNQ_V2_8/timing (NDM-032w)
Information: Fixed direction mismatches for block SAEDLVT14_FDNQ_V2_8 (LM-054)
Warning: Direction 'inout' for port VDD on saed14lvt_c/SAEDLVT14_FDNRBSBQ_V2_0P5/frame
        does not match expected value 'in' from saed14lvt_c/SAEDLVT14_FDNRBSBQ_V2_0P5/timing (NDM-032w)
Warning: Direction 'inout' for port VSS on saed14lvt_c/SAEDLVT14_FDNRBSBQ_V2_0P5/frame
        does not match expected value 'in' from saed14lvt_c/SAEDLVT14_FDNRBSBQ_V2_0P5/timing (NDM-032w)
Information: Fixed direction mismatches for block SAEDLVT14_FDNRBSBQ_V2_0P5 (LM-054)
Warning: Direction 'inout' for port VDD on saed14lvt_c/SAEDLVT14_FDNRBSBQ_V2_1/frame
        does not match expected value 'in' from saed14lvt_c/SAEDLVT14_FDNRBSBQ_V2_1/timing (NDM-032w)
Warning: Direction 'inout' for port VSS on saed14lvt_c/SAEDLVT14_FDNRBSBQ_V2_1/frame
        does not match expected value 'in' from saed14lvt_c/SAEDLVT14_FDNRBSBQ_V2_1/timing (NDM-032w)
Information: Fixed direction mismatches for block SAEDLVT14_FDNRBSBQ_V2_1 (LM-054)
Warning: Direction 'inout' for port VDD on saed14lvt_c/SAEDLVT14_FDNRBSBQ_V2_2/frame
        does not match expected value 'in' from saed14lvt_c/SAEDLVT14_FDNRBSBQ_V2_2/timing (NDM-032w)
Warning: Direction 'inout' for port VSS on saed14lvt_c/SAEDLVT14_FDNRBSBQ_V2_2/frame
        does not match expected value 'in' from saed14lvt_c/SAEDLVT14_FDNRBSBQ_V2_2/timing (NDM-032w)
Information: Fixed direction mismatches for block SAEDLVT14_FDNRBSBQ_V2_2 (LM-054)
Warning: Direction 'inout' for port VDD on saed14lvt_c/SAEDLVT14_FDNRBSBQ_V2_4/frame
        does not match expected value 'in' from saed14lvt_c/SAEDLVT14_FDNRBSBQ_V2_4/timing (NDM-032w)
Warning: Direction 'inout' for port VSS on saed14lvt_c/SAEDLVT14_FDNRBSBQ_V2_4/frame
        does not match expected value 'in' from saed14lvt_c/SAEDLVT14_FDNRBSBQ_V2_4/timing (NDM-032w)
Information: Fixed direction mismatches for block SAEDLVT14_FDNRBSBQ_V2_4 (LM-054)
Warning: Direction 'inout' for port VDD on saed14lvt_c/SAEDLVT14_FDPCBQ_V3_4/frame
        does not match expected value 'in' from saed14lvt_c/SAEDLVT14_FDPCBQ_V3_4/timing (NDM-032w)
Warning: Direction 'inout' for port VSS on saed14lvt_c/SAEDLVT14_FDPCBQ_V3_4/frame
        does not match expected value 'in' from saed14lvt_c/SAEDLVT14_FDPCBQ_V3_4/timing (NDM-032w)
Information: Fixed direction mismatches for block SAEDLVT14_FDPCBQ_V3_4 (LM-054)
Warning: Direction 'inout' for port VDD on saed14lvt_c/SAEDLVT14_LDNQ_4/frame
        does not match expected value 'in' from saed14lvt_c/SAEDLVT14_LDNQ_4/timing (NDM-032w)
Warning: Direction 'inout' for port VSS on saed14lvt_c/SAEDLVT14_LDNQ_4/frame
        does not match expected value 'in' from saed14lvt_c/SAEDLVT14_LDNQ_4/timing (NDM-032w)
Information: Fixed direction mismatches for block SAEDLVT14_LDNQ_4 (LM-054)
Warning: Direction 'inout' for port VSS on saed14lvt_c/SAEDLVT14_AN2_ISO_1/frame
        does not match expected value 'in' from saed14lvt_c/SAEDLVT14_AN2_ISO_1/timing (NDM-032w)
Warning: Direction 'inout' for port VDD on saed14lvt_c/SAEDLVT14_AN2_ISO_1/frame
        does not match expected value 'in' from saed14lvt_c/SAEDLVT14_AN2_ISO_1/timing (NDM-032w)
Information: Fixed direction mismatches for block SAEDLVT14_AN2_ISO_1 (LM-054)
Warning: Direction 'inout' for port VDD on saed14lvt_c/SAEDLVT14_AN2_ISO4_1/frame
        does not match expected value 'in' from saed14lvt_c/SAEDLVT14_AN2_ISO4_1/timing (NDM-032w)
Warning: Direction 'inout' for port VSS on saed14lvt_c/SAEDLVT14_AN2_ISO4_1/frame
        does not match expected value 'in' from saed14lvt_c/SAEDLVT14_AN2_ISO4_1/timing (NDM-032w)
Information: Fixed direction mismatches for block SAEDLVT14_AN2_ISO4_1 (LM-054)
Warning: Direction 'inout' for port VDD on saed14lvt_c/SAEDLVT14_AN2_ISO4_4/frame
        does not match expected value 'in' from saed14lvt_c/SAEDLVT14_AN2_ISO4_4/timing (NDM-032w)
Warning: Direction 'inout' for port VSS on saed14lvt_c/SAEDLVT14_AN2_ISO4_4/frame
        does not match expected value 'in' from saed14lvt_c/SAEDLVT14_AN2_ISO4_4/timing (NDM-032w)
Information: Fixed direction mismatches for block SAEDLVT14_AN2_ISO4_4 (LM-054)
Warning: Direction 'inout' for port VDD on saed14lvt_c/SAEDLVT14_AN2_ISO_4/frame
        does not match expected value 'in' from saed14lvt_c/SAEDLVT14_AN2_ISO_4/timing (NDM-032w)
Warning: Direction 'inout' for port VSS on saed14lvt_c/SAEDLVT14_AN2_ISO_4/frame
        does not match expected value 'in' from saed14lvt_c/SAEDLVT14_AN2_ISO_4/timing (NDM-032w)
Information: Fixed direction mismatches for block SAEDLVT14_AN2_ISO_4 (LM-054)
Warning: Direction 'inout' for port VDDR on saed14lvt_c/SAEDLVT14_AOBUF_IW_0P75/frame
        does not match expected value 'in' from saed14lvt_c/SAEDLVT14_AOBUF_IW_0P75/timing (NDM-032w)
Warning: Direction 'inout' for port VDD on saed14lvt_c/SAEDLVT14_AOBUF_IW_0P75/frame
        does not match expected value 'in' from saed14lvt_c/SAEDLVT14_AOBUF_IW_0P75/timing (NDM-032w)
Warning: Direction 'inout' for port VSS on saed14lvt_c/SAEDLVT14_AOBUF_IW_0P75/frame
        does not match expected value 'in' from saed14lvt_c/SAEDLVT14_AOBUF_IW_0P75/timing (NDM-032w)
Information: Fixed direction mismatches for block SAEDLVT14_AOBUF_IW_0P75 (LM-054)
Warning: Direction 'inout' for port VDDR on saed14lvt_c/SAEDLVT14_AOBUF_IW_1P5/frame
        does not match expected value 'in' from saed14lvt_c/SAEDLVT14_AOBUF_IW_1P5/timing (NDM-032w)
Warning: Direction 'inout' for port VSS on saed14lvt_c/SAEDLVT14_AOBUF_IW_1P5/frame
        does not match expected value 'in' from saed14lvt_c/SAEDLVT14_AOBUF_IW_1P5/timing (NDM-032w)
Warning: Direction 'inout' for port VDD on saed14lvt_c/SAEDLVT14_AOBUF_IW_1P5/frame
        does not match expected value 'in' from saed14lvt_c/SAEDLVT14_AOBUF_IW_1P5/timing (NDM-032w)
Information: Fixed direction mismatches for block SAEDLVT14_AOBUF_IW_1P5 (LM-054)
Warning: Direction 'inout' for port VDDR on saed14lvt_c/SAEDLVT14_AOBUF_IW_3/frame
        does not match expected value 'in' from saed14lvt_c/SAEDLVT14_AOBUF_IW_3/timing (NDM-032w)
Warning: Direction 'inout' for port VSS on saed14lvt_c/SAEDLVT14_AOBUF_IW_3/frame
        does not match expected value 'in' from saed14lvt_c/SAEDLVT14_AOBUF_IW_3/timing (NDM-032w)
Warning: Direction 'inout' for port VDD on saed14lvt_c/SAEDLVT14_AOBUF_IW_3/frame
        does not match expected value 'in' from saed14lvt_c/SAEDLVT14_AOBUF_IW_3/timing (NDM-032w)
Information: Fixed direction mismatches for block SAEDLVT14_AOBUF_IW_3 (LM-054)
Warning: Direction 'inout' for port VDDR on saed14lvt_c/SAEDLVT14_AOBUF_IW_6/frame
        does not match expected value 'in' from saed14lvt_c/SAEDLVT14_AOBUF_IW_6/timing (NDM-032w)
Warning: Direction 'inout' for port VDD on saed14lvt_c/SAEDLVT14_AOBUF_IW_6/frame
        does not match expected value 'in' from saed14lvt_c/SAEDLVT14_AOBUF_IW_6/timing (NDM-032w)
Warning: Direction 'inout' for port VSS on saed14lvt_c/SAEDLVT14_AOBUF_IW_6/frame
        does not match expected value 'in' from saed14lvt_c/SAEDLVT14_AOBUF_IW_6/timing (NDM-032w)
Information: Fixed direction mismatches for block SAEDLVT14_AOBUF_IW_6 (LM-054)
Update rail of port VDDR to 2
Warning: Copied PG pin 'saed14lvt_c/SAEDLVT14_AOINV_IW_0P5/VDDR' from physical source (was missing in logical source) (LM-109)
Information: Deriving related power/ground pin for cell SAEDLVT14_AOINV_IW_0P5. (LM-175)
Warning: Direction 'inout' for port VSS on saed14lvt_c/SAEDLVT14_AOINV_IW_0P5/frame
        does not match expected value 'in' from saed14lvt_c/SAEDLVT14_AOINV_IW_0P5/timing (NDM-032w)
Warning: Direction 'inout' for port VDD on saed14lvt_c/SAEDLVT14_AOINV_IW_0P5/frame
        does not match expected value 'in' from saed14lvt_c/SAEDLVT14_AOINV_IW_0P5/timing (NDM-032w)
Information: Fixed direction mismatches for block SAEDLVT14_AOINV_IW_0P5 (LM-054)
Update rail of port VDDR to 2
Warning: Copied PG pin 'saed14lvt_c/SAEDLVT14_AOINV_IW_1/VDDR' from physical source (was missing in logical source) (LM-109)
Information: Deriving related power/ground pin for cell SAEDLVT14_AOINV_IW_1. (LM-175)
Warning: Direction 'inout' for port VDD on saed14lvt_c/SAEDLVT14_AOINV_IW_1/frame
        does not match expected value 'in' from saed14lvt_c/SAEDLVT14_AOINV_IW_1/timing (NDM-032w)
Warning: Direction 'inout' for port VSS on saed14lvt_c/SAEDLVT14_AOINV_IW_1/frame
        does not match expected value 'in' from saed14lvt_c/SAEDLVT14_AOINV_IW_1/timing (NDM-032w)
Information: Fixed direction mismatches for block SAEDLVT14_AOINV_IW_1 (LM-054)
Update rail of port VDDR to 2
Warning: Copied PG pin 'saed14lvt_c/SAEDLVT14_AOINV_IW_2/VDDR' from physical source (was missing in logical source) (LM-109)
Information: Deriving related power/ground pin for cell SAEDLVT14_AOINV_IW_2. (LM-175)
Warning: Direction 'inout' for port VSS on saed14lvt_c/SAEDLVT14_AOINV_IW_2/frame
        does not match expected value 'in' from saed14lvt_c/SAEDLVT14_AOINV_IW_2/timing (NDM-032w)
Warning: Direction 'inout' for port VDD on saed14lvt_c/SAEDLVT14_AOINV_IW_2/frame
        does not match expected value 'in' from saed14lvt_c/SAEDLVT14_AOINV_IW_2/timing (NDM-032w)
Information: Fixed direction mismatches for block SAEDLVT14_AOINV_IW_2 (LM-054)
Update rail of port VDDR to 2
Warning: Copied PG pin 'saed14lvt_c/SAEDLVT14_AOINV_IW_4/VDDR' from physical source (was missing in logical source) (LM-109)
Information: Deriving related power/ground pin for cell SAEDLVT14_AOINV_IW_4. (LM-175)
Warning: Direction 'inout' for port VDD on saed14lvt_c/SAEDLVT14_AOINV_IW_4/frame
        does not match expected value 'in' from saed14lvt_c/SAEDLVT14_AOINV_IW_4/timing (NDM-032w)
Warning: Direction 'inout' for port VSS on saed14lvt_c/SAEDLVT14_AOINV_IW_4/frame
        does not match expected value 'in' from saed14lvt_c/SAEDLVT14_AOINV_IW_4/timing (NDM-032w)
Information: Fixed direction mismatches for block SAEDLVT14_AOINV_IW_4 (LM-054)
Update rail of port VDDR to 2
Warning: Copied PG pin 'saed14lvt_c/SAEDLVT14_AOINV_IW_6/VDDR' from physical source (was missing in logical source) (LM-109)
Information: Deriving related power/ground pin for cell SAEDLVT14_AOINV_IW_6. (LM-175)
Warning: Direction 'inout' for port VSS on saed14lvt_c/SAEDLVT14_AOINV_IW_6/frame
        does not match expected value 'in' from saed14lvt_c/SAEDLVT14_AOINV_IW_6/timing (NDM-032w)
Warning: Direction 'inout' for port VDD on saed14lvt_c/SAEDLVT14_AOINV_IW_6/frame
        does not match expected value 'in' from saed14lvt_c/SAEDLVT14_AOINV_IW_6/timing (NDM-032w)
Information: Fixed direction mismatches for block SAEDLVT14_AOINV_IW_6 (LM-054)
Warning: Direction 'inout' for port VSS on saed14lvt_c/SAEDLVT14_FSDN2_V2_0P5/frame
        does not match expected value 'in' from saed14lvt_c/SAEDLVT14_FSDN2_V2_0P5/timing (NDM-032w)
Warning: Direction 'inout' for port VDD on saed14lvt_c/SAEDLVT14_FSDN2_V2_0P5/frame
        does not match expected value 'in' from saed14lvt_c/SAEDLVT14_FSDN2_V2_0P5/timing (NDM-032w)
Information: Fixed direction mismatches for block SAEDLVT14_FSDN2_V2_0P5 (LM-054)
Warning: Direction 'inout' for port VSS on saed14lvt_c/SAEDLVT14_FSDN2_V2_1/frame
        does not match expected value 'in' from saed14lvt_c/SAEDLVT14_FSDN2_V2_1/timing (NDM-032w)
Warning: Direction 'inout' for port VDD on saed14lvt_c/SAEDLVT14_FSDN2_V2_1/frame
        does not match expected value 'in' from saed14lvt_c/SAEDLVT14_FSDN2_V2_1/timing (NDM-032w)
Information: Fixed direction mismatches for block SAEDLVT14_FSDN2_V2_1 (LM-054)
Warning: Direction 'inout' for port VSS on saed14lvt_c/SAEDLVT14_FSDN2_V2_2/frame
        does not match expected value 'in' from saed14lvt_c/SAEDLVT14_FSDN2_V2_2/timing (NDM-032w)
Warning: Direction 'inout' for port VDD on saed14lvt_c/SAEDLVT14_FSDN2_V2_2/frame
        does not match expected value 'in' from saed14lvt_c/SAEDLVT14_FSDN2_V2_2/timing (NDM-032w)
Information: Fixed direction mismatches for block SAEDLVT14_FSDN2_V2_2 (LM-054)
Warning: Direction 'inout' for port VDD on saed14lvt_c/SAEDLVT14_FSDN2_V2_4/frame
        does not match expected value 'in' from saed14lvt_c/SAEDLVT14_FSDN2_V2_4/timing (NDM-032w)
Warning: Direction 'inout' for port VSS on saed14lvt_c/SAEDLVT14_FSDN2_V2_4/frame
        does not match expected value 'in' from saed14lvt_c/SAEDLVT14_FSDN2_V2_4/timing (NDM-032w)
Information: Fixed direction mismatches for block SAEDLVT14_FSDN2_V2_4 (LM-054)
Warning: Direction 'inout' for port VDD on saed14lvt_c/SAEDLVT14_FSDN4_V2_0P5/frame
        does not match expected value 'in' from saed14lvt_c/SAEDLVT14_FSDN4_V2_0P5/timing (NDM-032w)
Warning: Direction 'inout' for port VSS on saed14lvt_c/SAEDLVT14_FSDN4_V2_0P5/frame
        does not match expected value 'in' from saed14lvt_c/SAEDLVT14_FSDN4_V2_0P5/timing (NDM-032w)
Information: Fixed direction mismatches for block SAEDLVT14_FSDN4_V2_0P5 (LM-054)
Warning: Direction 'inout' for port VDD on saed14lvt_c/SAEDLVT14_FSDN4_V2_1/frame
        does not match expected value 'in' from saed14lvt_c/SAEDLVT14_FSDN4_V2_1/timing (NDM-032w)
Warning: Direction 'inout' for port VSS on saed14lvt_c/SAEDLVT14_FSDN4_V2_1/frame
        does not match expected value 'in' from saed14lvt_c/SAEDLVT14_FSDN4_V2_1/timing (NDM-032w)
Information: Fixed direction mismatches for block SAEDLVT14_FSDN4_V2_1 (LM-054)
Warning: Direction 'inout' for port VDD on saed14lvt_c/SAEDLVT14_FSDN4_V2_2/frame
        does not match expected value 'in' from saed14lvt_c/SAEDLVT14_FSDN4_V2_2/timing (NDM-032w)
Warning: Direction 'inout' for port VSS on saed14lvt_c/SAEDLVT14_FSDN4_V2_2/frame
        does not match expected value 'in' from saed14lvt_c/SAEDLVT14_FSDN4_V2_2/timing (NDM-032w)
Information: Fixed direction mismatches for block SAEDLVT14_FSDN4_V2_2 (LM-054)
Warning: Direction 'inout' for port VDD on saed14lvt_c/SAEDLVT14_FSDN4_V2_4/frame
        does not match expected value 'in' from saed14lvt_c/SAEDLVT14_FSDN4_V2_4/timing (NDM-032w)
Warning: Direction 'inout' for port VSS on saed14lvt_c/SAEDLVT14_FSDN4_V2_4/frame
        does not match expected value 'in' from saed14lvt_c/SAEDLVT14_FSDN4_V2_4/timing (NDM-032w)
Information: Fixed direction mismatches for block SAEDLVT14_FSDN4_V2_4 (LM-054)
Warning: Direction 'inout' for port VDD on saed14lvt_c/SAEDLVT14_FSDPQM4_V2LPY2_1/frame
        does not match expected value 'in' from saed14lvt_c/SAEDLVT14_FSDPQM4_V2LPY2_1/timing (NDM-032w)
Warning: Direction 'inout' for port VSS on saed14lvt_c/SAEDLVT14_FSDPQM4_V2LPY2_1/frame
        does not match expected value 'in' from saed14lvt_c/SAEDLVT14_FSDPQM4_V2LPY2_1/timing (NDM-032w)
Information: Fixed direction mismatches for block SAEDLVT14_FSDPQM4_V2LPY2_1 (LM-054)
Warning: Direction 'inout' for port VDD on saed14lvt_c/SAEDLVT14_FSDPQM4_V2Y2_1/frame
        does not match expected value 'in' from saed14lvt_c/SAEDLVT14_FSDPQM4_V2Y2_1/timing (NDM-032w)
Warning: Direction 'inout' for port VSS on saed14lvt_c/SAEDLVT14_FSDPQM4_V2Y2_1/frame
        does not match expected value 'in' from saed14lvt_c/SAEDLVT14_FSDPQM4_V2Y2_1/timing (NDM-032w)
Information: Fixed direction mismatches for block SAEDLVT14_FSDPQM4_V2Y2_1 (LM-054)
Warning: Direction 'inout' for port VDD on saed14lvt_c/SAEDLVT14_FSDPSYNRBQM4_V2LPY2_1/frame
        does not match expected value 'in' from saed14lvt_c/SAEDLVT14_FSDPSYNRBQM4_V2LPY2_1/timing (NDM-032w)
Warning: Direction 'inout' for port VSS on saed14lvt_c/SAEDLVT14_FSDPSYNRBQM4_V2LPY2_1/frame
        does not match expected value 'in' from saed14lvt_c/SAEDLVT14_FSDPSYNRBQM4_V2LPY2_1/timing (NDM-032w)
Information: Fixed direction mismatches for block SAEDLVT14_FSDPSYNRBQM4_V2LPY2_1 (LM-054)
Warning: Direction 'inout' for port VSS on saed14lvt_c/SAEDLVT14_FSDPSYNRBQM4_V2Y2_1/frame
        does not match expected value 'in' from saed14lvt_c/SAEDLVT14_FSDPSYNRBQM4_V2Y2_1/timing (NDM-032w)
Warning: Direction 'inout' for port VDD on saed14lvt_c/SAEDLVT14_FSDPSYNRBQM4_V2Y2_1/frame
        does not match expected value 'in' from saed14lvt_c/SAEDLVT14_FSDPSYNRBQM4_V2Y2_1/timing (NDM-032w)
Information: Fixed direction mismatches for block SAEDLVT14_FSDPSYNRBQM4_V2Y2_1 (LM-054)
Warning: Direction 'inout' for port VDD on saed14lvt_c/SAEDLVT14_INV_OR2_AN2_1/frame
        does not match expected value 'in' from saed14lvt_c/SAEDLVT14_INV_OR2_AN2_1/timing (NDM-032w)
Warning: Direction 'inout' for port VSS on saed14lvt_c/SAEDLVT14_INV_OR2_AN2_1/frame
        does not match expected value 'in' from saed14lvt_c/SAEDLVT14_INV_OR2_AN2_1/timing (NDM-032w)
Information: Fixed direction mismatches for block SAEDLVT14_INV_OR2_AN2_1 (LM-054)
Warning: Direction 'inout' for port VDDR on saed14lvt_c/SAEDLVT14_ISOS0CL1_PECO4_1/frame
        does not match expected value 'in' from saed14lvt_c/SAEDLVT14_ISOS0CL1_PECO4_1/timing (NDM-032w)
Warning: Direction 'inout' for port VDD on saed14lvt_c/SAEDLVT14_ISOS0CL1_PECO4_1/frame
        does not match expected value 'in' from saed14lvt_c/SAEDLVT14_ISOS0CL1_PECO4_1/timing (NDM-032w)
Warning: Direction 'inout' for port VSS on saed14lvt_c/SAEDLVT14_ISOS0CL1_PECO4_1/frame
        does not match expected value 'in' from saed14lvt_c/SAEDLVT14_ISOS0CL1_PECO4_1/timing (NDM-032w)
Information: Fixed direction mismatches for block SAEDLVT14_ISOS0CL1_PECO4_1 (LM-054)
Warning: Direction 'inout' for port VDD on saed14lvt_c/SAEDLVT14_ISOS0CL1_PECO4_2/frame
        does not match expected value 'in' from saed14lvt_c/SAEDLVT14_ISOS0CL1_PECO4_2/timing (NDM-032w)
Warning: Direction 'inout' for port VSS on saed14lvt_c/SAEDLVT14_ISOS0CL1_PECO4_2/frame
        does not match expected value 'in' from saed14lvt_c/SAEDLVT14_ISOS0CL1_PECO4_2/timing (NDM-032w)
Warning: Direction 'inout' for port VDDR on saed14lvt_c/SAEDLVT14_ISOS0CL1_PECO4_2/frame
        does not match expected value 'in' from saed14lvt_c/SAEDLVT14_ISOS0CL1_PECO4_2/timing (NDM-032w)
Information: Fixed direction mismatches for block SAEDLVT14_ISOS0CL1_PECO4_2 (LM-054)
Warning: Direction 'inout' for port VSS on saed14lvt_c/SAEDLVT14_LSRDPQ_1/frame
        does not match expected value 'in' from saed14lvt_c/SAEDLVT14_LSRDPQ_1/timing (NDM-032w)
Warning: Direction 'inout' for port VDD on saed14lvt_c/SAEDLVT14_LSRDPQ_1/frame
        does not match expected value 'in' from saed14lvt_c/SAEDLVT14_LSRDPQ_1/timing (NDM-032w)
Warning: Direction 'inout' for port VDDR on saed14lvt_c/SAEDLVT14_LSRDPQ_1/frame
        does not match expected value 'in' from saed14lvt_c/SAEDLVT14_LSRDPQ_1/timing (NDM-032w)
Information: Fixed direction mismatches for block SAEDLVT14_LSRDPQ_1 (LM-054)
Warning: Direction 'inout' for port VDDR on saed14lvt_c/SAEDLVT14_LSRDPQ_2/frame
        does not match expected value 'in' from saed14lvt_c/SAEDLVT14_LSRDPQ_2/timing (NDM-032w)
Warning: Direction 'inout' for port VSS on saed14lvt_c/SAEDLVT14_LSRDPQ_2/frame
        does not match expected value 'in' from saed14lvt_c/SAEDLVT14_LSRDPQ_2/timing (NDM-032w)
Warning: Direction 'inout' for port VDD on saed14lvt_c/SAEDLVT14_LSRDPQ_2/frame
        does not match expected value 'in' from saed14lvt_c/SAEDLVT14_LSRDPQ_2/timing (NDM-032w)
Information: Fixed direction mismatches for block SAEDLVT14_LSRDPQ_2 (LM-054)
Warning: Direction 'inout' for port VDD on saed14lvt_c/SAEDLVT14_LSRDPQ4_1/frame
        does not match expected value 'in' from saed14lvt_c/SAEDLVT14_LSRDPQ4_1/timing (NDM-032w)
Warning: Direction 'inout' for port VSS on saed14lvt_c/SAEDLVT14_LSRDPQ4_1/frame
        does not match expected value 'in' from saed14lvt_c/SAEDLVT14_LSRDPQ4_1/timing (NDM-032w)
Warning: Direction 'inout' for port VDDR on saed14lvt_c/SAEDLVT14_LSRDPQ4_1/frame
        does not match expected value 'in' from saed14lvt_c/SAEDLVT14_LSRDPQ4_1/timing (NDM-032w)
Information: Fixed direction mismatches for block SAEDLVT14_LSRDPQ4_1 (LM-054)
Warning: Direction 'inout' for port VDD on saed14lvt_c/SAEDLVT14_LSRDPQ4_2/frame
        does not match expected value 'in' from saed14lvt_c/SAEDLVT14_LSRDPQ4_2/timing (NDM-032w)
Warning: Direction 'inout' for port VSS on saed14lvt_c/SAEDLVT14_LSRDPQ4_2/frame
        does not match expected value 'in' from saed14lvt_c/SAEDLVT14_LSRDPQ4_2/timing (NDM-032w)
Warning: Direction 'inout' for port VDDR on saed14lvt_c/SAEDLVT14_LSRDPQ4_2/frame
        does not match expected value 'in' from saed14lvt_c/SAEDLVT14_LSRDPQ4_2/timing (NDM-032w)
Information: Fixed direction mismatches for block SAEDLVT14_LSRDPQ4_2 (LM-054)
Warning: Direction 'inout' for port VSS on saed14lvt_c/SAEDLVT14_NR2_ISO_1/frame
        does not match expected value 'in' from saed14lvt_c/SAEDLVT14_NR2_ISO_1/timing (NDM-032w)
Warning: Direction 'inout' for port VDD on saed14lvt_c/SAEDLVT14_NR2_ISO_1/frame
        does not match expected value 'in' from saed14lvt_c/SAEDLVT14_NR2_ISO_1/timing (NDM-032w)
Information: Fixed direction mismatches for block SAEDLVT14_NR2_ISO_1 (LM-054)
Warning: Direction 'inout' for port VSS on saed14lvt_c/SAEDLVT14_NR2_ISO_4/frame
        does not match expected value 'in' from saed14lvt_c/SAEDLVT14_NR2_ISO_4/timing (NDM-032w)
Warning: Direction 'inout' for port VDD on saed14lvt_c/SAEDLVT14_NR2_ISO_4/frame
        does not match expected value 'in' from saed14lvt_c/SAEDLVT14_NR2_ISO_4/timing (NDM-032w)
Information: Fixed direction mismatches for block SAEDLVT14_NR2_ISO_4 (LM-054)
Warning: Direction 'inout' for port VSS on saed14lvt_c/SAEDLVT14_SRLD_3/frame
        does not match expected value 'in' from saed14lvt_c/SAEDLVT14_SRLD_3/timing (NDM-032w)
Warning: Direction 'inout' for port VDD on saed14lvt_c/SAEDLVT14_SRLD_3/frame
        does not match expected value 'in' from saed14lvt_c/SAEDLVT14_SRLD_3/timing (NDM-032w)
Information: Fixed direction mismatches for block SAEDLVT14_SRLD_3 (LM-054)
Warning: Direction 'inout' for port VDDR on saed14lvt_c/SAEDLVT14_SRRDPQ_1/frame
        does not match expected value 'in' from saed14lvt_c/SAEDLVT14_SRRDPQ_1/timing (NDM-032w)
Warning: Direction 'inout' for port VDD on saed14lvt_c/SAEDLVT14_SRRDPQ_1/frame
        does not match expected value 'in' from saed14lvt_c/SAEDLVT14_SRRDPQ_1/timing (NDM-032w)
Warning: Direction 'inout' for port VSS on saed14lvt_c/SAEDLVT14_SRRDPQ_1/frame
        does not match expected value 'in' from saed14lvt_c/SAEDLVT14_SRRDPQ_1/timing (NDM-032w)
Information: Fixed direction mismatches for block SAEDLVT14_SRRDPQ_1 (LM-054)
Warning: Direction 'inout' for port VSS on saed14lvt_c/SAEDLVT14_SRRDPQ_2/frame
        does not match expected value 'in' from saed14lvt_c/SAEDLVT14_SRRDPQ_2/timing (NDM-032w)
Warning: Direction 'inout' for port VDD on saed14lvt_c/SAEDLVT14_SRRDPQ_2/frame
        does not match expected value 'in' from saed14lvt_c/SAEDLVT14_SRRDPQ_2/timing (NDM-032w)
Warning: Direction 'inout' for port VDDR on saed14lvt_c/SAEDLVT14_SRRDPQ_2/frame
        does not match expected value 'in' from saed14lvt_c/SAEDLVT14_SRRDPQ_2/timing (NDM-032w)
Information: Fixed direction mismatches for block SAEDLVT14_SRRDPQ_2 (LM-054)
Warning: Direction 'inout' for port VDDR on saed14lvt_c/SAEDLVT14_SRRDPQ4_1/frame
        does not match expected value 'in' from saed14lvt_c/SAEDLVT14_SRRDPQ4_1/timing (NDM-032w)
Warning: Direction 'inout' for port VSS on saed14lvt_c/SAEDLVT14_SRRDPQ4_1/frame
        does not match expected value 'in' from saed14lvt_c/SAEDLVT14_SRRDPQ4_1/timing (NDM-032w)
Warning: Direction 'inout' for port VDD on saed14lvt_c/SAEDLVT14_SRRDPQ4_1/frame
        does not match expected value 'in' from saed14lvt_c/SAEDLVT14_SRRDPQ4_1/timing (NDM-032w)
Information: Fixed direction mismatches for block SAEDLVT14_SRRDPQ4_1 (LM-054)
Warning: Direction 'inout' for port VDDR on saed14lvt_c/SAEDLVT14_SRRDPQ4_2/frame
        does not match expected value 'in' from saed14lvt_c/SAEDLVT14_SRRDPQ4_2/timing (NDM-032w)
Warning: Direction 'inout' for port VSS on saed14lvt_c/SAEDLVT14_SRRDPQ4_2/frame
        does not match expected value 'in' from saed14lvt_c/SAEDLVT14_SRRDPQ4_2/timing (NDM-032w)
Warning: Direction 'inout' for port VDD on saed14lvt_c/SAEDLVT14_SRRDPQ4_2/frame
        does not match expected value 'in' from saed14lvt_c/SAEDLVT14_SRRDPQ4_2/timing (NDM-032w)
Information: Fixed direction mismatches for block SAEDLVT14_SRRDPQ4_2 (LM-054)
Warning: Direction 'inout' for port VDDR on saed14lvt_c/SAEDLVT14_SSRRDPQ_1/frame
        does not match expected value 'in' from saed14lvt_c/SAEDLVT14_SSRRDPQ_1/timing (NDM-032w)
Warning: Direction 'inout' for port VSS on saed14lvt_c/SAEDLVT14_SSRRDPQ_1/frame
        does not match expected value 'in' from saed14lvt_c/SAEDLVT14_SSRRDPQ_1/timing (NDM-032w)
Warning: Direction 'inout' for port VDD on saed14lvt_c/SAEDLVT14_SSRRDPQ_1/frame
        does not match expected value 'in' from saed14lvt_c/SAEDLVT14_SSRRDPQ_1/timing (NDM-032w)
Information: Fixed direction mismatches for block SAEDLVT14_SSRRDPQ_1 (LM-054)
Warning: Direction 'inout' for port VDDR on saed14lvt_c/SAEDLVT14_SSRRDPQ_2/frame
        does not match expected value 'in' from saed14lvt_c/SAEDLVT14_SSRRDPQ_2/timing (NDM-032w)
Warning: Direction 'inout' for port VSS on saed14lvt_c/SAEDLVT14_SSRRDPQ_2/frame
        does not match expected value 'in' from saed14lvt_c/SAEDLVT14_SSRRDPQ_2/timing (NDM-032w)
Warning: Direction 'inout' for port VDD on saed14lvt_c/SAEDLVT14_SSRRDPQ_2/frame
        does not match expected value 'in' from saed14lvt_c/SAEDLVT14_SSRRDPQ_2/timing (NDM-032w)
Information: Fixed direction mismatches for block SAEDLVT14_SSRRDPQ_2 (LM-054)
Warning: Direction 'inout' for port VDD on saed14lvt_c/SAEDLVT14_SSRRDPQ4_1/frame
        does not match expected value 'in' from saed14lvt_c/SAEDLVT14_SSRRDPQ4_1/timing (NDM-032w)
Warning: Direction 'inout' for port VSS on saed14lvt_c/SAEDLVT14_SSRRDPQ4_1/frame
        does not match expected value 'in' from saed14lvt_c/SAEDLVT14_SSRRDPQ4_1/timing (NDM-032w)
Warning: Direction 'inout' for port VDDR on saed14lvt_c/SAEDLVT14_SSRRDPQ4_1/frame
        does not match expected value 'in' from saed14lvt_c/SAEDLVT14_SSRRDPQ4_1/timing (NDM-032w)
Information: Fixed direction mismatches for block SAEDLVT14_SSRRDPQ4_1 (LM-054)
Warning: Direction 'inout' for port VDD on saed14lvt_c/SAEDLVT14_SSRRDPQ4_2/frame
        does not match expected value 'in' from saed14lvt_c/SAEDLVT14_SSRRDPQ4_2/timing (NDM-032w)
Warning: Direction 'inout' for port VSS on saed14lvt_c/SAEDLVT14_SSRRDPQ4_2/frame
        does not match expected value 'in' from saed14lvt_c/SAEDLVT14_SSRRDPQ4_2/timing (NDM-032w)
Warning: Direction 'inout' for port VDDR on saed14lvt_c/SAEDLVT14_SSRRDPQ4_2/frame
        does not match expected value 'in' from saed14lvt_c/SAEDLVT14_SSRRDPQ4_2/timing (NDM-032w)
Information: Fixed direction mismatches for block SAEDLVT14_SSRRDPQ4_2 (LM-054)
Warning: Mismatched PG pins between the logic library and FRAME for block saed14lvt_c/SAEDLVT14_FILL_NNWVDDBRKY2_3:  - Extra DB/power  :  VDD. (LM-033)
Update rail of port VDDR to 2
Warning: Copied PG pin 'saed14lvt_c/SAEDLVT14_FILLP2/VDDR' from physical source (was missing in logical source) (LM-109)
Update rail of port VDDR to 2
Warning: Copied PG pin 'saed14lvt_c/SAEDLVT14_FILLP3/VDDR' from physical source (was missing in logical source) (LM-109)
Update rail of port VDDR to 2
Warning: Copied PG pin 'saed14lvt_c/SAEDLVT14_TAPPP10/VDDR' from physical source (was missing in logical source) (LM-109)
Update rail of port VDDR to 2
Warning: Copied PG pin 'saed14lvt_c/SAEDLVT14_CAPTTAPP6/VDDR' from physical source (was missing in logical source) (LM-109)
Information: Combined 922 physical designs:922 with a frame view (896 had ports reordered); (LM-034)
Information: Skipped 131 physical designs (LM-052)

Workspace check succeeded!
... wrote CLIBs/saed14lvt_c.ndm
... removing library 'saed14lvt_ff0p7vm40c'
... removing library 'saed14lvt_ss0p6v125c'
... removing library 'saed14lvt_frame_only'
... lib workspace removed!
Maximum memory usage for this session: 1468.67 MB
CPU usage for this session:     21 seconds (  0.01 hours)
Elapsed time for this session:     65 seconds (  0.02 hours)
Thank you for using Library Manager.

